First Name,Last Name,Email,Company Name,Job Title,Phone Number,City,State,Country,Linkedin Url,Tags,Email Verified,Email Verification Result,Seg Protected,Seg Provider,Seg Provider Name,Lead Score,Alternative Emails,Company Domain,Ai Ark People Id,Avg Monthly Revenue,Business Status,Canceled,City 1,Company Ai Ark Account Id,Company Annual Revenue,Company Description,Company Employee Count,Company Employee Count On Prospeo,Company Employee Range,Company Founding Year,Company Funding Total Amount,Company Funding Total Number Of Rounds,Company Industry,Company Instagram Url,Company Intent,Company Last Round Amount,Company Last Round Date,Company Last Round Type,Company Location,Company Logo Url,Company Mx Provider,Company Naics Codes,Company Name 1,Company Number Of Locations,Company Profile Url,Company Revenue Range,Company Seo Description,Company Size,Company Table Data,Company Technologies,Company Type,Connection Degree,Country 1,Created At,Current Mailboxes,End Date Time,Event Created Date Time,Event Type Name,Event Uuid,First Revenue Month,Inbox Placement Revenue,Industry,Infraguard Revenue,Invitee Scheduled By,Invitee Time Zone,Invitee Uuid,Job Department,Job Seniority,Job Start Month,Job Start Year,Job Title 1,Lm Company Facebook Url,Lm Company Founded,Lm Company Industry,Lm Company Location Continent,Lm Company Location Country,Lm Company Location Locality,Lm Company Location Metro,Lm Company Location Name,Lm Company Location Postal Code,Lm Company Location Region,Lm Company Location Street Address,Lm Company Name,Lm Company Size,Lm Company Type,Lm Message,Lm Mx Provider,Lm Mx Record,Lm Mx Security Gateway,Location,Mail Provider,Mail Provider Checked At,Mail Provider Name,Marked As No Show,Months With Revenue,Mx Records,Object Urn,Open Profile,Person City,Person Country,Person Country Code,Person Headline,Person Saved At,Person State,Person Time Zone Offset,Plan Cycle,Plan Tier,Premium,Profile Picture Url,Profile Url,Prospeo Company Id,Prospeo Person Id,Question 1,Response 1,Saved,Scheduling Method,Seg Protected,Seg Protected 1,Seg Provider,Seg Provider Name,Seniority,Spotlights,Start Date Time,State 1,Stripe Revenue,Summary,Tags,Tags 1,Team Name,Tenure At Company,Tenure Months,Total Addon Revenue,Total Revenue,User Name,Wallet Revenue,Warmup Revenue,Email Is Catch All,Email Verification Provider,Mail Provider,Mail Provider Checked At,Mail Provider Name,Phone Enrichment Date,Phone Enrichment Provider,Ring Enrichment Amd Raw,Ring Enrichment Call Status,Ring Enrichment Identity Verified,Ring Enrichment Result,Ring Enrichment Score,Ring Enrichment Transcript,Rvm Delivery Result
,,e.matveev@realytics.team,,,,,,,,Smartlead users sheet; SL users validated; campaign_leads_2026-03-23_20-27-04_results - campaign_leads_2026-03-23_20-27-04_results.csv; Imported Leads,Yes,deliverable,No,,,,,,,,,,,,,,,,,,,,,,,,,,,,,,,,,,,,,,,,,,,,,,,,,,,,,,,,,,,,,,,,,,,,,,,,,Email is valid.,Google Workspace,aspmx.l.google.com,FALSE,,,,,,,,,,,,,,,,,,,,,,,,,,,,No,,,,,,,,,,Smartlead users sheet; SL users validated; campaign_leads_2026-03-23_20-27-04_results - campaign_leads_2026-03-23_20-27-04_results.csv,,,,,,,,,,false,enrich,gmail,"""2026-06-06T10:37:49.892Z""",Gmail / Google Workspace,,,,,,,,,
,,tibo@tmaker.io,,,,,,,,Smartlead users sheet; SL users validated; campaign_leads_2026-03-23_20-27-04_results - campaign_leads_2026-03-23_20-27-04_results.csv; Imported Leads,Yes,deliverable,No,,,,,,,,,,,,,,,,,,,,,,,,,,,,,,,,,,,,,,,,,,,,,,,,,,,,,,,,,,,,,,,,,,,,,,T-maker,1-10,Private,Email is valid.,Google Workspace,aspmx.l.google.com,FALSE,,,,,,,,,,,,,,,,,,,,,,,,,,,,No,,,,,,,,,,Smartlead users sheet; SL users validated; campaign_leads_2026-03-23_20-27-04_results - campaign_leads_2026-03-23_20-27-04_results.csv,,,,,,,,,,false,enrich,gmail,"""2026-06-06T10:37:49.892Z""",Gmail / Google Workspace,,,,,,,,,
,,chris@vodatadigital.com,,,,,,,,Smartlead users sheet; SL users validated; campaign_leads_2026-03-23_20-27-04_results - campaign_leads_2026-03-23_20-27-04_results.csv; Imported Leads,Yes,deliverable,No,,,,,,,,,,,,,,,,,,,,,,,,,,,,,,,,,,,,,,,,,,,,,,,,,,,,,,,,,,,,,Marketing And Advertising,North America,Canada,Toronto,Toronto,"Toronto, Ontario, Canada",m5a 0c9,Ontario,,Vodata Digital,1-10,Private,Email is valid.,Google Workspace,smtp.google.com,FALSE,,,,,,,,,,,,,,,,,,,,,,,,,,,,No,,,,,,,,,,Smartlead users sheet; SL users validated; campaign_leads_2026-03-23_20-27-04_results - campaign_leads_2026-03-23_20-27-04_results.csv,,,,,,,,,,false,enrich,gmail,"""2026-06-06T10:37:49.922Z""",Gmail / Google Workspace,,,,,,,,,
,,matt@cognito.sg,,,,,,,,Smartlead users sheet; SL users validated; campaign_leads_2026-03-23_20-27-04_results - campaign_leads_2026-03-23_20-27-04_results.csv; Imported Leads,Yes,deliverable,No,,,,,,,,,,,,,,,,,,,,,,,,,,,,,,,,,,,,,,,,,,,,,,,,,,,,,,,,,,,,,,,,,,,,,,,,,Email is valid.,Google Workspace,aspmx.l.google.com,FALSE,,,,,,,,,,,,,,,,,,,,,,,,,,,,No,,,,,,,,,,Smartlead users sheet; SL users validated; campaign_leads_2026-03-23_20-27-04_results - campaign_leads_2026-03-23_20-27-04_results.csv,,,,,,,,,,false,enrich,gmail,"""2026-06-06T10:37:49.901Z""",Gmail / Google Workspace,,,,,,,,,
,,jkuusamo@gmail.com,,,,,,,,Smartlead users sheet; SL users validated; campaign_leads_2026-03-23_20-27-04_results - campaign_leads_2026-03-23_20-27-04_results.csv; Imported Leads,No,risky,No,,,,,,,,,,,,,,,,,,,,,,,,,,,,,,,,,,,,,,,,,,,,,,,,,,,,,,,,,,,,,,,,,,,,,,,,,Email is valid.,Google Workspace,gmail-smtp-in.l.google.com,FALSE,,,,,,,,,,,,,,,,,,,,,,,,,,,,No,,,,,,,,,,Smartlead users sheet; SL users validated; campaign_leads_2026-03-23_20-27-04_results - campaign_leads_2026-03-23_20-27-04_results.csv,,,,,,,,,,false,enrich,gmail,"""2026-06-06T10:37:49.559Z""",Gmail / Google Workspace,,,,,,,,,
,,vakalopoulos@flipnode.net,,,,,,,,Smartlead users sheet; SL users validated; campaign_leads_2026-03-23_20-27-04_results - campaign_leads_2026-03-23_20-27-04_results.csv; Imported Leads,Yes,deliverable,No,,,,,,,,,,,,,,,,,,,,,,,,,,,,,,,,,,,,,,,,,,,,,,,,,,,,,,,,,,,,,,,,,,,,,,,,,Email is valid.,Google Workspace,aspmx.l.google.com,FALSE,,,,,,,,,,,,,,,,,,,,,,,,,,,,No,,,,,,,,,,Smartlead users sheet; SL users validated; campaign_leads_2026-03-23_20-27-04_results - campaign_leads_2026-03-23_20-27-04_results.csv,,,,,,,,,,false,enrich,gmail,"""2026-06-06T10:37:49.898Z""",Gmail / Google Workspace,,,,,,,,,
,,richard@cartalia.co.uk,,,,,,,,Smartlead users sheet; SL users validated; campaign_leads_2026-03-23_20-27-04_results - campaign_leads_2026-03-23_20-27-04_results.csv; Imported Leads,No,risky,No,,,,,,,,,,,,,,,,,,,,,,,,,,,,,,,,,,,,,,,,,,,,,,,,,,,,,,,,,,,,,,,,,,,,,,,,,Email is valid.,Google Workspace,ASPMX.L.GOOGLE.COM,FALSE,,,,,,,,,,,,,,,,,,,,,,,,,,,,No,,,,,,,,,,Smartlead users sheet; SL users validated; campaign_leads_2026-03-23_20-27-04_results - campaign_leads_2026-03-23_20-27-04_results.csv,,,,,,,,,,false,enrich,gmail,"""2026-06-06T10:37:50.017Z""",Gmail / Google Workspace,,,,,,,,,
,,hari@thestride.agency,,,,,,,,Smartlead users sheet; SL users validated; campaign_leads_2026-03-23_20-27-04_results - campaign_leads_2026-03-23_20-27-04_results.csv; Imported Leads,Yes,deliverable,No,,,,,,,,,,,,,,,,,,,,,,,,,,,,,,,,,,,,,,,,,,,,,,,,,,,,,,,,,,,,,,,,,,,,,,,,,Email is valid.,Google Workspace,smtp.google.com,FALSE,,,,,,,,,,,,,,,,,,,,,,,,,,,,No,,,,,,,,,,Smartlead users sheet; SL users validated; campaign_leads_2026-03-23_20-27-04_results - campaign_leads_2026-03-23_20-27-04_results.csv,,,,,,,,,,false,enrich,gmail,"""2026-06-06T10:37:49.904Z""",Gmail / Google Workspace,,,,,,,,,
,,laurent.davesne@signitic.com,,,,,,,,Smartlead users sheet; SL users validated; campaign_leads_2026-03-23_20-27-04_results - campaign_leads_2026-03-23_20-27-04_results.csv; Imported Leads,Yes,deliverable,No,,,,,,,,,,,,,,,,,,,,,,,,,,,,,,,,,,,,,,,,,,,,,,,,,,,,,,,,,,,facebook.com/signitic,2018,Internet,Europe,France,Lyon,Lyon,"Lyon, Rhone-alpes, France",,Rhone-alpes,,Signitic (positive Group),11-50,Private,Email is valid.,Google Workspace,aspmx.l.google.com,FALSE,,,,,,,,,,,,,,,,,,,,,,,,,,,,No,,,,,,,,,,Smartlead users sheet; SL users validated; campaign_leads_2026-03-23_20-27-04_results - campaign_leads_2026-03-23_20-27-04_results.csv,,,,,,,,,,false,enrich,gmail,"""2026-06-06T10:37:49.874Z""",Gmail / Google Workspace,,,,,,,,,
,,justin@dialprospect.com,,,,,,,,Smartlead users sheet; SL users validated; campaign_leads_2026-03-23_20-27-04_results - campaign_leads_2026-03-23_20-27-04_results.csv; Imported Leads,Yes,deliverable,No,,,,,,,,,,,,,,,,,,,,,,,,,,,,,,,,,,,,,,,,,,,,,,,,,,,,,,,,,,,,,,,,,,,,,,,,,Email is valid.,Google Workspace,aspmx.l.google.com,FALSE,,,,,,,,,,,,,,,,,,,,,,,,,,,,No,,,,,,,,,,Smartlead users sheet; SL users validated; campaign_leads_2026-03-23_20-27-04_results - campaign_leads_2026-03-23_20-27-04_results.csv,,,,,,,,,,false,enrich,gmail,"""2026-06-06T10:37:49.874Z""",Gmail / Google Workspace,,,,,,,,,
,,omar.abdalla@hotmail.fi,,,,,,,,Smartlead users sheet; SL users validated; campaign_leads_2026-03-23_20-27-04_results - campaign_leads_2026-03-23_20-27-04_results.csv; Imported Leads,No,undeliverable,No,,,,,,,,,,,,,,,,,,,,,,,,,,,,,,,,,,,,,,,,,,,,,,,,,,,,,,,,,,,,,,,,,,,,,,,,,Email is valid.,Microsoft 365,eur.olc.protection.outlook.com,FALSE,,,,,,,,,,,,,,,,,,,,,,,,,,,,No,,,,,,,,,,Smartlead users sheet; SL users validated; campaign_leads_2026-03-23_20-27-04_results - campaign_leads_2026-03-23_20-27-04_results.csv,,,,,,,,,,false,enrich,outlook,"""2026-06-06T10:37:49.874Z""",Outlook / Microsoft 365,,,,,,,,,
,,marketing@deepopinion.ai,,,,,,,,Smartlead users sheet; SL users validated; campaign_leads_2026-03-23_20-27-04_results - campaign_leads_2026-03-23_20-27-04_results.csv; Imported Leads,Yes,deliverable,No,,,,,,,,,,,,,,,,,,,,,,,,,,,,,,,,,,,,,,,,,,,,,,,,,,,,,,,,,,,,2020,Computer Software,Europe,Austria,Innsbruck,Innsbruck,"Innsbruck, Tyrol, Austria",6020,Tyrol,,Deepopinion,11-50,Private,Email is valid.,Google Workspace,aspmx.l.google.com,FALSE,,,,,,,,,,,,,,,,,,,,,,,,,,,,No,,,,,,,,,,Smartlead users sheet; SL users validated; campaign_leads_2026-03-23_20-27-04_results - campaign_leads_2026-03-23_20-27-04_results.csv,,,,,,,,,,false,enrich,gmail,"""2026-06-06T10:37:49.892Z""",Gmail / Google Workspace,,,,,,,,,
,,gtakacs@ceouniversity.com,,,,,,,,Smartlead users sheet; SL users validated; campaign_leads_2026-03-23_20-27-04_results - campaign_leads_2026-03-23_20-27-04_results.csv; Imported Leads,Yes,deliverable,No,,,,,,,,,,,,,,,,,,,,,,,,,,,,,,,,,,,,,,,,,,,,,,,,,,,,,,,,,,,,,,,,,,,,,,,,,Email is valid.,Google Workspace,aspmx.l.google.com,FALSE,,,,,,,,,,,,,,,,,,,,,,,,,,,,No,,,,,,,,,,Smartlead users sheet; SL users validated; campaign_leads_2026-03-23_20-27-04_results - campaign_leads_2026-03-23_20-27-04_results.csv,,,,,,,,,,false,enrich,gmail,"""2026-06-06T10:37:49.904Z""",Gmail / Google Workspace,,,,,,,,,
,,ajay@tribble.ai,,,,,,,,Smartlead users sheet; SL users validated; campaign_leads_2026-03-23_20-27-04_results - campaign_leads_2026-03-23_20-27-04_results.csv; Imported Leads,Yes,deliverable,No,,,,,,,,,,,,,,,,,,,,,,,,,,,,,,,,,,,,,,,,,,,,,,,,,,,,,,,,,,,,2023,Computer Software,North America,United States,Los Angeles,Los Angeles,"Los Angeles, California, United States",,California,,Tribble,11-50,Private,Email is valid.,Google Workspace,aspmx.l.google.com,FALSE,,,,,,,,,,,,,,,,,,,,,,,,,,,,No,,,,,,,,,,Smartlead users sheet; SL users validated; campaign_leads_2026-03-23_20-27-04_results - campaign_leads_2026-03-23_20-27-04_results.csv,,,,,,,,,,false,enrich,gmail,"""2026-06-06T10:37:49.907Z""",Gmail / Google Workspace,,,,,,,,,
,,dan@revenews.co,,,,,,,,Smartlead users sheet; SL users validated; campaign_leads_2026-03-23_20-27-04_results - campaign_leads_2026-03-23_20-27-04_results.csv; Imported Leads,Yes,deliverable,No,,,,,,,,,,,,,,,,,,,,,,,,,,,,,,,,,,,,,,,,,,,,,,,,,,,,,,,,,,,,,,,,,,,,,,,,,Email is valid.,Google Workspace,aspmx.l.google.com,FALSE,,,,,,,,,,,,,,,,,,,,,,,,,,,,No,,,,,,,,,,Smartlead users sheet; SL users validated; campaign_leads_2026-03-23_20-27-04_results - campaign_leads_2026-03-23_20-27-04_results.csv,,,,,,,,,,false,enrich,gmail,"""2026-06-06T10:37:49.944Z""",Gmail / Google Workspace,,,,,,,,,
,,javier@finishersecrets.com,,,,,,,,Smartlead users sheet; SL users validated; campaign_leads_2026-03-23_20-27-04_results - campaign_leads_2026-03-23_20-27-04_results.csv; Imported Leads,Yes,deliverable,No,,,,,,,,,,,,,,,,,,,,,,,,,,,,,,,,,,,,,,,,,,,,,,,,,,,,,,,,,,,,,Professional Training & Coaching,North America,United States,Coral Springs,Coral Springs,"Coral Springs, Florida, United States",33065,Florida,8750 Royal Palm Boulevard,Finisher Secrets,1-10,Private,Email is valid.,Google Workspace,alt1.aspmx.l.google.com,FALSE,,,,,,,,,,,,,,,,,,,,,,,,,,,,No,,,,,,,,,,Smartlead users sheet; SL users validated; campaign_leads_2026-03-23_20-27-04_results - campaign_leads_2026-03-23_20-27-04_results.csv,,,,,,,,,,false,enrich,gmail,"""2026-06-06T10:37:49.904Z""",Gmail / Google Workspace,,,,,,,,,
,,walter@enreach.ai,,,,,,,,Smartlead users sheet; SL users validated; campaign_leads_2026-03-23_20-27-04_results - campaign_leads_2026-03-23_20-27-04_results.csv; Imported Leads,Yes,deliverable,No,,,,,,,,,,,,,,,,,,,,,,,,,,,,,,,,,,,,,,,,,,,,,,,,,,,,,,,,,,,,,Internet,North America,Canada,Toronto,Toronto,"Toronto, Ontario, Canada",,Ontario,,Enreach,11-50,Private,Email is valid.,Google Workspace,aspmx.l.google.com,FALSE,,,,,,,,,,,,,,,,,,,,,,,,,,,,No,,,,,,,,,,Smartlead users sheet; SL users validated; campaign_leads_2026-03-23_20-27-04_results - campaign_leads_2026-03-23_20-27-04_results.csv,,,,,,,,,,false,enrich,gmail,"""2026-06-06T10:37:49.884Z""",Gmail / Google Workspace,,,,,,,,,
,,admin@drapeandstitch.com,,,,,,,,Smartlead users sheet; SL users validated; campaign_leads_2026-03-23_20-27-04_results - campaign_leads_2026-03-23_20-27-04_results.csv; Imported Leads,Yes,deliverable,No,,,,,,,,,,,,,,,,,,,,,,,,,,,,,,,,,,,,,,,,,,,,,,,,,,,,,,,,,,,,,Apparel & Fashion,,,,,,,,,Drape And Stitch,11-50,Private,Email is valid.,Google Workspace,aspmx.l.google.com,FALSE,,,,,,,,,,,,,,,,,,,,,,,,,,,,No,,,,,,,,,,Smartlead users sheet; SL users validated; campaign_leads_2026-03-23_20-27-04_results - campaign_leads_2026-03-23_20-27-04_results.csv,,,,,,,,,,false,enrich,gmail,"""2026-06-06T10:37:49.922Z""",Gmail / Google Workspace,,,,,,,,,
,,kellie@forum3.com,,,,,,,,Smartlead users sheet; SL users validated; campaign_leads_2026-03-23_20-27-04_results - campaign_leads_2026-03-23_20-27-04_results.csv; Imported Leads,Yes,deliverable,No,,,,,,,,,,,,,,,,,,,,,,,,,,,,,,,,,,,,,,,,,,,,,,,,,,,,,,,,,,,,2021,Management Consulting,North America,United States,Seattle,Seattle,"Seattle, Washington, United States",98105,Washington,,Forum3,1-10,Private,Email is valid.,Google Workspace,aspmx.l.google.com,FALSE,,,,,,,,,,,,,,,,,,,,,,,,,,,,No,,,,,,,,,,Smartlead users sheet; SL users validated; campaign_leads_2026-03-23_20-27-04_results - campaign_leads_2026-03-23_20-27-04_results.csv,,,,,,,,,,false,enrich,gmail,"""2026-06-06T10:37:49.903Z""",Gmail / Google Workspace,,,,,,,,,
Matt,P.,matt@setwize.com,SetWize,Founder,,Denver Metropolitan Area,,United States,https://www.linkedin.com/in/matt-prewitt-98bb45b9/,Smartlead users sheet; SL users validated; campaign_leads_2026-03-23_20-27-04_results - campaign_leads_2026-03-23_20-27-04_results.csv; Imported Leads,Yes,deliverable,No,,,,,https://setwize.com,,,,,,,,,,,,,,,,,,,,,"Littleton, Colorado, United States",https://media.licdn.com/dms/image/v2/D560BAQEPsPPsDxZfug/company-logo_100_100/B56Zd1P16UHUAU-/0/1750018777059/setwize_logo?e=1778112000&v=beta&t=5asI7dZ_atym8Toxt51wDxGEPNICwvj1lt3_XSDlQMU,,,,,https://www.linkedin.com/company/99110348,,,,,,,2,,2026-04-15T15:07:37.428Z,,,,,,,,Business Consulting and Services,,,,,,,,,,,,,,,,,,,,,,,,,,,,Denver Metropolitan Area,,,,,,,urn:li:member:423853883,false,,,,,,,,,,true,https://media.licdn.com/dms/image/v2/D5603AQGsBWiof-ICYg/profile-displayphoto-scale_100_100/B56ZhsPc9YG0Ag-/0/1754162647534?e=1778112000&v=beta&t=F51g5WwBeB7G_6ez1YweuuRrZpGG5IQbb1s5--SDF3I,https://www.linkedin.com/in/ACwAABlDfzsBSfcKl6xg26RvhwkyLKSZ74YfN0Y,,,,,false,,,,,,,Follows your company; 1 mutual connection; 2 recent posts on Linkedin,,,,"I like cold email, because it’s hardI like helping people solve problems People pay money to solve problems - Solving problems is fun - Helping people is fun- Making money is fun- Cold email is funLet’s solve problems, make money, and have fun",,,,2 yrs 11 mos,,,,,,,false,enrich,gmail,"""2026-06-06T10:37:49.883Z""",Gmail / Google Workspace,,,,,,,,,
,,holden.halford+unitas@unitasdental.com,,,,,,,,Smartlead users sheet; SL users validated; campaign_leads_2026-03-23_20-27-04_results - campaign_leads_2026-03-23_20-27-04_results.csv; Imported Leads,No,undeliverable,No,,,,,,,,,,,,,,,,,,,,,,,,,,,,,,,,,,,,,,,,,,,,,,,,,,,,,,,,,,,,,,,,,,,,,,,,,Email is valid.,Google Workspace,aspmx.l.google.com,FALSE,,,,,,,,,,,,,,,,,,,,,,,,,,,,No,,,,,,,,,,Smartlead users sheet; SL users validated; campaign_leads_2026-03-23_20-27-04_results - campaign_leads_2026-03-23_20-27-04_results.csv,,,,,,,,,,false,enrich,gmail,"""2026-06-06T10:37:49.940Z""",Gmail / Google Workspace,,,,,,,,,
,,harsha@my3dselfie.com,,,,,,,,Smartlead users sheet; SL users validated; campaign_leads_2026-03-23_20-27-04_results - campaign_leads_2026-03-23_20-27-04_results.csv; Imported Leads,Yes,deliverable,No,,,,,,,,,,,,,,,,,,,,,,,,,,,,,,,,,,,,,,,,,,,,,,,,,,,,,,,,,,,facebook.com/my3dselfieofficial,2016,Arts And Crafts,Asia,India,Guwāhāti,Guwāhāti,"Guwāhāti, Assam, India",,Assam,79 Chachal Road,My3dselfie,11-50,Private,Email is valid.,Zoho Mail,mx.zoho.in,FALSE,,,,,,,,,,,,,,,,,,,,,,,,,,,,No,,,,,,,,,,Smartlead users sheet; SL users validated; campaign_leads_2026-03-23_20-27-04_results - campaign_leads_2026-03-23_20-27-04_results.csv,,,,,,,,,,false,enrich,zoho,"""2026-06-06T10:37:49.874Z""",Zoho Mail,,,,,,,,,
,,tommy@ghcstudio.com.au,,,,,,,,Smartlead users sheet; SL users validated; campaign_leads_2026-03-23_20-27-04_results - campaign_leads_2026-03-23_20-27-04_results.csv; Imported Leads,Yes,deliverable,No,,,,,,,,,,,,,,,,,,,,,,,,,,,,,,,,,,,,,,,,,,,,,,,,,,,,,,,,,,,,,,,,,,,,,,,,,Email is valid.,Google Workspace,aspmx.l.google.com,FALSE,,,,,,,,,,,,,,,,,,,,,,,,,,,,No,,,,,,,,,,Smartlead users sheet; SL users validated; campaign_leads_2026-03-23_20-27-04_results - campaign_leads_2026-03-23_20-27-04_results.csv,,,,,,,,,,false,enrich,gmail,"""2026-06-06T10:37:49.892Z""",Gmail / Google Workspace,,,,,,,,,
,,amr.ismail@babelmp.com,,,,,,,,Smartlead users sheet; SL users validated; campaign_leads_2026-03-23_20-27-04_results - campaign_leads_2026-03-23_20-27-04_results.csv; Imported Leads,Yes,deliverable,No,,,,,,,,,,,,,,,,,,,,,,,,,,,,,,,,,,,,,,,,,,,,,,,,,,,,,,,,,,,facebook.com/babelmp,2017,Media Production,Africa,Egypt,Alexandria,Alexandria,"Alexandria, Al Iskandarīyah, Egypt",21648,Al Iskandarīyah,,Babel,1-10,Private,Email is valid.,Zoho Mail,mx.zoho.com,FALSE,,,,,,,,,,,,,,,,,,,,,,,,,,,,No,,,,,,,,,,Smartlead users sheet; SL users validated; campaign_leads_2026-03-23_20-27-04_results - campaign_leads_2026-03-23_20-27-04_results.csv,,,,,,,,,,false,enrich,zoho,"""2026-06-06T10:37:49.941Z""",Zoho Mail,,,,,,,,,
,,seif@netswick.com,,,,,,,,Smartlead users sheet; SL users validated; campaign_leads_2026-03-23_20-27-04_results - campaign_leads_2026-03-23_20-27-04_results.csv; Imported Leads,Yes,deliverable,No,,,,,,,,,,,,,,,,,,,,,,,,,,,,,,,,,,,,,,,,,,,,,,,,,,,,,,,,,,,,,,,,,,,,,,,,,Email is valid.,Google Workspace,smtp.google.com,FALSE,,,,,,,,,,,,,,,,,,,,,,,,,,,,No,,,,,,,,,,Smartlead users sheet; SL users validated; campaign_leads_2026-03-23_20-27-04_results - campaign_leads_2026-03-23_20-27-04_results.csv,,,,,,,,,,false,enrich,gmail,"""2026-06-06T10:37:49.906Z""",Gmail / Google Workspace,,,,,,,,,
,,galin@zerity.co.uk,,,,,,,,Smartlead users sheet; SL users validated; campaign_leads_2026-03-23_20-27-04_results - campaign_leads_2026-03-23_20-27-04_results.csv; Imported Leads,Yes,deliverable,No,,,,,,,,,,,,,,,,,,,,,,,,,,,,,,,,,,,,,,,,,,,,,,,,,,,,,,,,,,,,2022,Information Services,Europe,United Kingdom,Manchester,Manchester,"Manchester, England, United Kingdom",m11 2nx,England,,Zerity,1-10,Private,Email is valid.,Google Workspace,aspmx.l.google.com,FALSE,,,,,,,,,,,,,,,,,,,,,,,,,,,,No,,,,,,,,,,Smartlead users sheet; SL users validated; campaign_leads_2026-03-23_20-27-04_results - campaign_leads_2026-03-23_20-27-04_results.csv,,,,,,,,,,false,enrich,gmail,"""2026-06-06T10:37:49.892Z""",Gmail / Google Workspace,,,,,,,,,
,,dylan@hivemechanics.io,,,,,,,,Smartlead users sheet; SL users validated; campaign_leads_2026-03-23_20-27-04_results - campaign_leads_2026-03-23_20-27-04_results.csv; Imported Leads,Yes,deliverable,No,,,,,,,,,,,,,,,,,,,,,,,,,,,,,,,,,,,,,,,,,,,,,,,,,,,,,,,,,,,,2024,Management Consulting,Europe,United Kingdom,,,,w1j 9ef,England,166 Piccadilly,Hive Mechanics,1-10,Private,Email is valid.,Google Workspace,aspmx.l.google.com,FALSE,,,,,,,,,,,,,,,,,,,,,,,,,,,,No,,,,,,,,,,Smartlead users sheet; SL users validated; campaign_leads_2026-03-23_20-27-04_results - campaign_leads_2026-03-23_20-27-04_results.csv,,,,,,,,,,false,enrich,gmail,"""2026-06-06T10:37:49.892Z""",Gmail / Google Workspace,,,,,,,,,
,,accounts@dearfelix.com,,,,,,,,Smartlead users sheet; SL users validated; campaign_leads_2026-03-23_20-27-04_results - campaign_leads_2026-03-23_20-27-04_results.csv; Imported Leads,Yes,deliverable,No,,,,,,,,,,,,,,,,,,,,,,,,,,,,,,,,,,,,,,,,,,,,,,,,,,,,,,,,,,,,,,,,,,,,,,,,,Email is valid.,Google Workspace,aspmx.l.google.com,FALSE,,,,,,,,,,,,,,,,,,,,,,,,,,,,No,,,,,,,,,,Smartlead users sheet; SL users validated; campaign_leads_2026-03-23_20-27-04_results - campaign_leads_2026-03-23_20-27-04_results.csv,,,,,,,,,,false,enrich,gmail,"""2026-06-06T10:37:49.922Z""",Gmail / Google Workspace,,,,,,,,,
,,puyan@leedflow.se,,,,,,,,Smartlead users sheet; SL users validated; campaign_leads_2026-03-23_20-27-04_results - campaign_leads_2026-03-23_20-27-04_results.csv; Imported Leads,Yes,deliverable,No,,,,,216,,1715.89,,,,,,,,,,,,,,,,,,,,,,,,,,,,,,,,,,,591,,,,,2026-02,0.00,,0.00,,,,,,,,,,,,,,,,,,,,,,,Email is valid.,Google Workspace,ASPMX.L.GOOGLE.COM,FALSE,,,,,,4,,,,,,,,,,,monthly,enterprise,,,,,,,,,,No,,,,,,,,897.00,,Smartlead users sheet; SL users validated; campaign_leads_2026-03-23_20-27-04_results - campaign_leads_2026-03-23_20-27-04_results.csv,,Leedflow Technology AB,,4,0.00,6863.58,,5966.58,0.00,false,enrich,gmail,"""2026-06-06T10:37:49.874Z""",Gmail / Google Workspace,,,,,,,,,
,,niklas.rabanus@gmail.com,,,,,,,,Smartlead users sheet; SL users validated; campaign_leads_2026-03-23_20-27-04_results - campaign_leads_2026-03-23_20-27-04_results.csv; Imported Leads,No,risky,No,,,,,,,,,,,,,,,,,,,,,,,,,,,,,,,,,,,,,,,,,,,,,,,,,,,,,,,,,,,,,,,,,,,,,,,,,Email is valid.,Google Workspace,gmail-smtp-in.l.google.com,FALSE,,,,,,,,,,,,,,,,,,,,,,,,,,,,No,,,,,,,,,,Smartlead users sheet; SL users validated; campaign_leads_2026-03-23_20-27-04_results - campaign_leads_2026-03-23_20-27-04_results.csv,,,,,,,,,,false,enrich,gmail,"""2026-06-06T10:37:49.559Z""",Gmail / Google Workspace,,,,,,,,,
,,warren.kucker@tab32.com,,,,,,,,Smartlead users sheet; SL users validated; campaign_leads_2026-03-23_20-27-04_results - campaign_leads_2026-03-23_20-27-04_results.csv; Imported Leads,Yes,deliverable,No,,,,,,,,,,,,,,,,,,,,,,,,,,,,,,,,,,,,,,,,,,,,,,,,,,,,,,,,,,,facebook.com/dental.tab32,2012,Computer Software,North America,United States,Rocklin,Rocklin,"Rocklin, California, United States",95765,California,6020 West Oaks Boulevard,Tab32,51-200,Private,Email is valid.,Google Workspace,aspmx.l.google.com,FALSE,,,,,,,,,,,,,,,,,,,,,,,,,,,,No,,,,,,,,,,Smartlead users sheet; SL users validated; campaign_leads_2026-03-23_20-27-04_results - campaign_leads_2026-03-23_20-27-04_results.csv,,,,,,,,,,false,enrich,gmail,"""2026-06-06T10:37:49.931Z""",Gmail / Google Workspace,,,,,,,,,
,,daniel@genesis-technologies.com,,,,,,,,Smartlead users sheet; SL users validated; campaign_leads_2026-03-23_20-27-04_results - campaign_leads_2026-03-23_20-27-04_results.csv; Imported Leads,Yes,deliverable,No,,,,,,,,,,,,,,,,,,,,,,,,,,,,,,,,,,,,,,,,,,,,,,,,,,,,,,,,,,,facebook.com/genesisnonprofit,1995,Computer Software,North America,United States,Austin,Austin,"Austin, Texas, United States",78746,Texas,248 Addie Roy Road,"Genesis Technologies, Inc.",11-50,Private,Email is valid.,Google Workspace,smtp.google.com,FALSE,,,,,,,,,,,,,,,,,,,,,,,,,,,,No,,,,,,,,,,Smartlead users sheet; SL users validated; campaign_leads_2026-03-23_20-27-04_results - campaign_leads_2026-03-23_20-27-04_results.csv,,,,,,,,,,false,enrich,gmail,"""2026-06-06T10:37:50.062Z""",Gmail / Google Workspace,,,,,,,,,
,,brad@crossoverresearch.com,,,,,,,,Smartlead users sheet; SL users validated; campaign_leads_2026-03-23_20-27-04_results - campaign_leads_2026-03-23_20-27-04_results.csv; Imported Leads,Yes,deliverable,No,,,,,,,,,,,,,,,,,,,,,,,,,,,,,,,,,,,,,,,,,,,,,,,,,,,,,,,,,,,,,,,,,,,,,,,,,Email is valid.,Zoho Mail,mx.zoho.com,FALSE,,,,,,,,,,,,,,,,,,,,,,,,,,,,No,,,,,,,,,,Smartlead users sheet; SL users validated; campaign_leads_2026-03-23_20-27-04_results - campaign_leads_2026-03-23_20-27-04_results.csv,,,,,,,,,,false,enrich,zoho,"""2026-06-06T10:37:50.024Z""",Zoho Mail,,,,,,,,,
,,business@glassesshop.com,,,,,,,,Smartlead users sheet; SL users validated; campaign_leads_2026-03-23_20-27-04_results - campaign_leads_2026-03-23_20-27-04_results.csv; Imported Leads,Yes,deliverable,No,,,,,,,,,,,,,,,,,,,,,,,,,,,,,,,,,,,,,,,,,,,,,,,,,,,,,,,,,,,facebook.com/iglassesshop,2008,Hospital & Health Care,North America,United States,Livonia,Livonia,"Livonia, Michigan, United States",48105,Michigan,36929 Schoolcraft,Glassesshop.com,11-50,Private,Email is valid.,Google Workspace,aspmx.l.google.com,FALSE,,,,,,,,,,,,,,,,,,,,,,,,,,,,No,,,,,,,,,,Smartlead users sheet; SL users validated; campaign_leads_2026-03-23_20-27-04_results - campaign_leads_2026-03-23_20-27-04_results.csv,,,,,,,,,,false,enrich,gmail,"""2026-06-06T10:37:49.874Z""",Gmail / Google Workspace,,,,,,,,,
,,contact@aquasition.io,,,,,,,,Smartlead users sheet; SL users validated; campaign_leads_2026-03-23_20-27-04_results - campaign_leads_2026-03-23_20-27-04_results.csv; Imported Leads,Yes,deliverable,No,,,,,,,,,,,,,,,,,,,,,,,,,,,,,,,,,,,,,,,,,,,,,,,,,,,,,,,,,,,,,Marketing And Advertising,,,,,,,,,Aquasition.io,1-10,Private,Email is valid.,Google Workspace,aspmx.l.google.com,FALSE,,,,,,,,,,,,,,,,,,,,,,,,,,,,No,,,,,,,,,,Smartlead users sheet; SL users validated; campaign_leads_2026-03-23_20-27-04_results - campaign_leads_2026-03-23_20-27-04_results.csv,,,,,,,,,,false,enrich,gmail,"""2026-06-06T10:37:49.884Z""",Gmail / Google Workspace,,,,,,,,,
,,admin@avps.email,,,,,,,,Smartlead users sheet; SL users validated; campaign_leads_2026-03-23_20-27-04_results - campaign_leads_2026-03-23_20-27-04_results.csv; Imported Leads,Yes,deliverable,No,,,,,,,,,,,,,,,,,,,,,,,,,,,,,,,,,,,,,,,,,,,,,,,,,,,,,,,,,,,,,,,,,,,,,,,,,Email is valid.,Google Workspace,aspmx.l.google.com,FALSE,,,,,,,,,,,,,,,,,,,,,,,,,,,,No,,,,,,,,,,Smartlead users sheet; SL users validated; campaign_leads_2026-03-23_20-27-04_results - campaign_leads_2026-03-23_20-27-04_results.csv,,,,,,,,,,false,enrich,gmail,"""2026-06-06T10:37:49.898Z""",Gmail / Google Workspace,,,,,,,,,
,,sales@gmpplastic.com,,,,,,,,Smartlead users sheet; SL users validated; campaign_leads_2026-03-23_20-27-04_results - campaign_leads_2026-03-23_20-27-04_results.csv; Imported Leads,Yes,deliverable,No,,,,,,,,,,,,,,,,,,,,,,,,,,,,,,,,,,,,,,,,,,,,,,,,,,,,,,,,,,,,,,,,,,,,,,,,,Email is valid.,Google Workspace,aspmx.l.google.com,FALSE,,,,,,,,,,,,,,,,,,,,,,,,,,,,No,,,,,,,,,,Smartlead users sheet; SL users validated; campaign_leads_2026-03-23_20-27-04_results - campaign_leads_2026-03-23_20-27-04_results.csv,,,,,,,,,,false,enrich,gmail,"""2026-06-06T10:37:49.884Z""",Gmail / Google Workspace,,,,,,,,,
,,info@setup.sa,,,,,,,,Smartlead users sheet; SL users validated; campaign_leads_2026-03-23_20-27-04_results - campaign_leads_2026-03-23_20-27-04_results.csv; Imported Leads,Yes,deliverable,No,,,,,,,,,,,,,,,,,,,,,,,,,,,,,,,,,,,,,,,,,,,,,,,,,,,,,,,,,,,,,Management Consulting,Asia,Saudi Arabia,Riyadh,Riyadh,"Riyadh, Ar Riyāḑ, Saudi Arabia",12241,Ar Riyāḑ,2915 Musa Ibn Nusair Street,Setup.sa,1-10,Private,Email is valid.,Google Workspace,aspmx.l.google.com,FALSE,,,,,,,,,,,,,,,,,,,,,,,,,,,,No,,,,,,,,,,Smartlead users sheet; SL users validated; campaign_leads_2026-03-23_20-27-04_results - campaign_leads_2026-03-23_20-27-04_results.csv,,,,,,,,,,false,enrich,gmail,"""2026-06-06T10:37:49.874Z""",Gmail / Google Workspace,,,,,,,,,
,,nabeel@by-factor.com,,,,,,,,Smartlead users sheet; SL users validated; campaign_leads_2026-03-23_20-27-04_results - campaign_leads_2026-03-23_20-27-04_results.csv; Imported Leads,Yes,deliverable,No,,,,,,,,,,,,,,,,,,,,,,,,,,,,,,,,,,,,,,,,,,,,,,,,,,,,,,,,,,,,2021,Marketing And Advertising,Oceania,Australia,Brisbane,Brisbane,"Brisbane, Queensland, Australia",,Queensland,,Factor,1-10,Private,Email is valid.,Google Workspace,aspmx.l.google.com,FALSE,,,,,,,,,,,,,,,,,,,,,,,,,,,,No,,,,,,,,,,Smartlead users sheet; SL users validated; campaign_leads_2026-03-23_20-27-04_results - campaign_leads_2026-03-23_20-27-04_results.csv,,,,,,,,,,false,enrich,gmail,"""2026-06-06T10:37:49.892Z""",Gmail / Google Workspace,,,,,,,,,
,,mantas.galminas@nfq.com,,,,,,,,Smartlead users sheet; SL users validated; campaign_leads_2026-03-23_20-27-04_results - campaign_leads_2026-03-23_20-27-04_results.csv; Imported Leads,Yes,deliverable,No,,,,,,,,,,,,,,,,,,,,,,,,,,,,,,,,,,,,,,,,,,,,,,,,,,,,,,,,,,,facebook.com/nfqlt,2002,Information Technology And Services,Europe,Lithuania,,,,,Kaunas,,Nfq,501-1000,Private,Email is valid.,Google Workspace,aspmx.l.google.com,FALSE,,,,,,,,,,,,,,,,,,,,,,,,,,,,No,,,,,,,,,,Smartlead users sheet; SL users validated; campaign_leads_2026-03-23_20-27-04_results - campaign_leads_2026-03-23_20-27-04_results.csv,,,,,,,,,,false,enrich,gmail,"""2026-06-06T10:37:49.931Z""",Gmail / Google Workspace,,,,,,,,,
,,flaubert@manufacturerh.com,,,,,,,,Smartlead users sheet; SL users validated; campaign_leads_2026-03-23_20-27-04_results - campaign_leads_2026-03-23_20-27-04_results.csv; Imported Leads,Yes,deliverable,No,,,,,,,,,,,,,,,,,,,,,,,,,,,,,,,,,,,,,,,,,,,,,,,,,,,,,,,,,,,,,,,,,,,,,,,,,Email is valid.,,mx1.mail.ovh.net,FALSE,,,,,,,,,,,,,,,,,,,,,,,,,,,,No,,,,,,,,,,Smartlead users sheet; SL users validated; campaign_leads_2026-03-23_20-27-04_results - campaign_leads_2026-03-23_20-27-04_results.csv,,,,,,,,,,false,enrich,other,"""2026-06-06T10:37:50.317Z""",Other,,,,,,,,,
,,maxim@owliejobs.com,,,,,,,,Smartlead users sheet; SL users validated; campaign_leads_2026-03-23_20-27-04_results - campaign_leads_2026-03-23_20-27-04_results.csv; Imported Leads,Yes,deliverable,No,,,,,,,,,,,,,,,,,,,,,,,,,,,,,,,,,,,,,,,,,,,,,,,,,,,,,,,,,,,,2021,Staffing And Recruiting,Europe,Netherlands,Amsterdam,Amsterdam,"Amsterdam, North Holland, Netherlands",1016 ta,North Holland,5 Groenmarktkade,Owlie Jobs,11-50,Private,Email is valid.,Google Workspace,aspmx.l.google.com,FALSE,,,,,,,,,,,,,,,,,,,,,,,,,,,,No,,,,,,,,,,Smartlead users sheet; SL users validated; campaign_leads_2026-03-23_20-27-04_results - campaign_leads_2026-03-23_20-27-04_results.csv,,,,,,,,,,false,enrich,gmail,"""2026-06-06T10:37:49.898Z""",Gmail / Google Workspace,,,,,,,,,
,,marcus@grimmandco.org,,,,,,,,Smartlead users sheet; SL users validated; campaign_leads_2026-03-23_20-27-04_results - campaign_leads_2026-03-23_20-27-04_results.csv; Imported Leads,Yes,deliverable,No,,,,,,,,,,,,,,,,,,,,,,,,,,,,,,,,,,,,,,,,,,,,,,,,,,,,,,,,,,,,,,,,,,,,,,,,,Email is valid.,Google Workspace,aspmx.l.google.com,FALSE,,,,,,,,,,,,,,,,,,,,,,,,,,,,No,,,,,,,,,,Smartlead users sheet; SL users validated; campaign_leads_2026-03-23_20-27-04_results - campaign_leads_2026-03-23_20-27-04_results.csv,,,,,,,,,,false,enrich,gmail,"""2026-06-06T10:37:49.892Z""",Gmail / Google Workspace,,,,,,,,,
,,velev@salesgtm.io,,,,,,,,Smartlead users sheet; SL users validated; campaign_leads_2026-03-23_20-27-04_results - campaign_leads_2026-03-23_20-27-04_results.csv; Imported Leads,Yes,deliverable,No,,,,,,,,,,,,,,,,,,,,,,,,,,,,,,,,,,,,,,,,,,,,,,,,,,,,,,,,,,,,,,,,,,,,,,,,,Email is valid.,Google Workspace,smtp.google.com,FALSE,,,,,,,,,,,,,,,,,,,,,,,,,,,,No,,,,,,,,,,Smartlead users sheet; SL users validated; campaign_leads_2026-03-23_20-27-04_results - campaign_leads_2026-03-23_20-27-04_results.csv,,,,,,,,,,false,enrich,gmail,"""2026-06-06T10:37:49.892Z""",Gmail / Google Workspace,,,,,,,,,
,,admin@wyngman.agency,,,,,,,,Smartlead users sheet; SL users validated; campaign_leads_2026-03-23_20-27-04_results - campaign_leads_2026-03-23_20-27-04_results.csv; Imported Leads,Yes,deliverable,No,,,,,,,,,,,,,,,,,,,,,,,,,,,,,,,,,,,,,,,,,,,,,,,,,,,,,,,,,,,,,Management Consulting,,,,,,,,,Wyngman Agency,1-10,Private,Email is valid.,Google Workspace,aspmx.l.google.com,FALSE,,,,,,,,,,,,,,,,,,,,,,,,,,,,No,,,,,,,,,,Smartlead users sheet; SL users validated; campaign_leads_2026-03-23_20-27-04_results - campaign_leads_2026-03-23_20-27-04_results.csv,,,,,,,,,,false,enrich,gmail,"""2026-06-06T10:37:49.874Z""",Gmail / Google Workspace,,,,,,,,,
,,suraj@emrtranscription.com,,,,,,,,Smartlead users sheet; SL users validated; campaign_leads_2026-03-23_20-27-04_results - campaign_leads_2026-03-23_20-27-04_results.csv; Imported Leads,Yes,deliverable,No,,,,,,,,,,,,,,,,,,,,,,,,,,,,,,,,,,,,,,,,,,,,,,,,,,,,,,,,,,,,,,,,,,,,,,,,,Email is valid.,Google Workspace,aspmx.l.google.com,FALSE,,,,,,,,,,,,,,,,,,,,,,,,,,,,No,,,,,,,,,,Smartlead users sheet; SL users validated; campaign_leads_2026-03-23_20-27-04_results - campaign_leads_2026-03-23_20-27-04_results.csv,,,,,,,,,,false,enrich,gmail,"""2026-06-06T10:37:49.892Z""",Gmail / Google Workspace,,,,,,,,,
,,karim@kasolead.com,,,,,,,,Smartlead users sheet; SL users validated; campaign_leads_2026-03-23_20-27-04_results - campaign_leads_2026-03-23_20-27-04_results.csv; Imported Leads,No,risky,No,,,,,,,,,,,,,,,,,,,,,,,,,,,,,,,,,,,,,,,,,,,,,,,,,,,,,,,,,,,,,,,,,,,,,,,,,Email is valid.,Google Workspace,smtp.google.com,FALSE,,,,,,,,,,,,,,,,,,,,,,,,,,,,No,,,,,,,,,,Smartlead users sheet; SL users validated; campaign_leads_2026-03-23_20-27-04_results - campaign_leads_2026-03-23_20-27-04_results.csv,,,,,,,,,,false,enrich,gmail,"""2026-06-06T10:37:49.892Z""",Gmail / Google Workspace,,,,,,,,,
,,anirudh.vashishth@loopwork.co,,,,,,,,Smartlead users sheet; SL users validated; campaign_leads_2026-03-23_20-27-04_results - campaign_leads_2026-03-23_20-27-04_results.csv; Imported Leads,Yes,deliverable,No,,,,,,,,,,,,,,,,,,,,,,,,,,,,,,,,,,,,,,,,,,,,,,,,,,,,,,,,,,,,2021,Internet,North America,United States,,,,19808,Delaware,251 Little Falls Drive,Loop Subscriptions,11-50,Private,Email is valid.,Google Workspace,aspmx.l.google.com,FALSE,,,,,,,,,,,,,,,,,,,,,,,,,,,,No,,,,,,,,,,Smartlead users sheet; SL users validated; campaign_leads_2026-03-23_20-27-04_results - campaign_leads_2026-03-23_20-27-04_results.csv,,,,,,,,,,false,enrich,gmail,"""2026-06-06T10:37:50.190Z""",Gmail / Google Workspace,,,,,,,,,
,,admin@leadleadbangbang.com,,,,,,,,Smartlead users sheet; SL users validated; campaign_leads_2026-03-23_20-27-04_results - campaign_leads_2026-03-23_20-27-04_results.csv; Imported Leads,Yes,deliverable,No,,,,,,,,,,,,,,,,,,,,,,,,,,,,,,,,,,,,,,,,,,,,,,,,,,,,,,,,,,,,,Marketing And Advertising,Europe,France,Paris,Paris,"Paris, Ile-de-france, France",75001,Ile-de-france,229 Rue Saint-honoré,Leadleadbangbang,1-10,Private,Email is valid.,Google Workspace,aspmx.l.google.com,FALSE,,,,,,,,,,,,,,,,,,,,,,,,,,,,No,,,,,,,,,,Smartlead users sheet; SL users validated; campaign_leads_2026-03-23_20-27-04_results - campaign_leads_2026-03-23_20-27-04_results.csv,,,,,,,,,,false,enrich,gmail,"""2026-06-06T10:37:49.892Z""",Gmail / Google Workspace,,,,,,,,,
,,marketing@rivly.com,,,,,,,,Smartlead users sheet; SL users validated; campaign_leads_2026-03-23_20-27-04_results - campaign_leads_2026-03-23_20-27-04_results.csv; Imported Leads,Yes,deliverable,No,,,,,,,,,,,,,,,,,,,,,,,,,,,,,,,,,,,,,,,,,,,,,,,,,,,,,,,,,,,,2020,Internet,North America,United States,Tampa,Tampa,"Tampa, Florida, United States",,Florida,,Rivly,11-50,Private,Email is valid.,Google Workspace,aspmx.l.google.com,FALSE,,,,,,,,,,,,,,,,,,,,,,,,,,,,No,,,,,,,,,,Smartlead users sheet; SL users validated; campaign_leads_2026-03-23_20-27-04_results - campaign_leads_2026-03-23_20-27-04_results.csv,,,,,,,,,,false,enrich,gmail,"""2026-06-06T10:37:49.892Z""",Gmail / Google Workspace,,,,,,,,,
,,victoria@ad-shield.io,,,,,,,,Smartlead users sheet; SL users validated; campaign_leads_2026-03-23_20-27-04_results - campaign_leads_2026-03-23_20-27-04_results.csv; Imported Leads,Yes,deliverable,No,,,,,,,,,,,,,,,,,,,,,,,,,,,,,,,,,,,,,,,,,,,,,,,,,,,,,,,,,,,,2019,Information Technology And Services,North America,United States,New York,New York,"New York, New York, United States",,New York,,Ad-shield,11-50,Private,Email is valid.,Google Workspace,aspmx.l.google.com,FALSE,,,,,,,,,,,,,,,,,,,,,,,,,,,,No,,,,,,,,,,Smartlead users sheet; SL users validated; campaign_leads_2026-03-23_20-27-04_results - campaign_leads_2026-03-23_20-27-04_results.csv,,,,,,,,,,false,enrich,gmail,"""2026-06-06T10:37:49.884Z""",Gmail / Google Workspace,,,,,,,,,
,,eduardo@boundlessmacs.com,,,,,,,,Smartlead users sheet; SL users validated; campaign_leads_2026-03-23_20-27-04_results - campaign_leads_2026-03-23_20-27-04_results.csv; Imported Leads,Yes,deliverable,No,,,,,,,,,,,,,,,,,,,,,,,,,,,,,,,,,,,,,,,,,,,,,,,,,,,,,,,,,,,,,,,,,,,,,,,,,Email is valid.,Google Workspace,aspmx.l.google.com,FALSE,,,,,,,,,,,,,,,,,,,,,,,,,,,,No,,,,,,,,,,Smartlead users sheet; SL users validated; campaign_leads_2026-03-23_20-27-04_results - campaign_leads_2026-03-23_20-27-04_results.csv,,,,,,,,,,false,enrich,gmail,"""2026-06-06T10:37:49.950Z""",Gmail / Google Workspace,,,,,,,,,
,,jonathan@buckle.dev,,,,,,,,Smartlead users sheet; SL users validated; campaign_leads_2026-03-23_20-27-04_results - campaign_leads_2026-03-23_20-27-04_results.csv; Imported Leads,Yes,deliverable,No,,,,,,,,,,,,,,,,,,,,,,,,,,,,,,,,,,,,,,,,,,,,,,,,,,,,,,,,,,,,,,,,,,,,,,,,,Email is valid.,Google Workspace,aspmx.l.google.com,FALSE,,,,,,,,,,,,,,,,,,,,,,,,,,,,No,,,,,,,,,,Smartlead users sheet; SL users validated; campaign_leads_2026-03-23_20-27-04_results - campaign_leads_2026-03-23_20-27-04_results.csv,,,,,,,,,,false,enrich,gmail,"""2026-06-06T10:37:49.667Z""",Gmail / Google Workspace,,,,,,,,,
,,rohan@dtcexperts.co,,,,,,,,Smartlead users sheet; SL users validated; campaign_leads_2026-03-23_20-27-04_results - campaign_leads_2026-03-23_20-27-04_results.csv; Imported Leads,Yes,deliverable,No,,,,,,,,,,,,,,,,,,,,,,,,,,,,,,,,,,,,,,,,,,,,,,,,,,,,,,,,,,,,,,,,,,,,,,,,,Email is valid.,Google Workspace,SMTP.GOOGLE.COM,FALSE,,,,,,,,,,,,,,,,,,,,,,,,,,,,No,,,,,,,,,,Smartlead users sheet; SL users validated; campaign_leads_2026-03-23_20-27-04_results - campaign_leads_2026-03-23_20-27-04_results.csv,,,,,,,,,,false,enrich,gmail,"""2026-06-06T10:37:49.934Z""",Gmail / Google Workspace,,,,,,,,,
,,ashish@dimemanufacturing.com,,,,,,,,Smartlead users sheet; SL users validated; campaign_leads_2026-03-23_20-27-04_results - campaign_leads_2026-03-23_20-27-04_results.csv; Imported Leads,Yes,deliverable,No,,,,,,,,,,,,,,,,,,,,,,,,,,,,,,,,,,,,,,,,,,,,,,,,,,,,,,,,,,,,,,,,,,,,,,,,,Email is valid.,Google Workspace,aspmx.l.google.com,FALSE,,,,,,,,,,,,,,,,,,,,,,,,,,,,No,,,,,,,,,,Smartlead users sheet; SL users validated; campaign_leads_2026-03-23_20-27-04_results - campaign_leads_2026-03-23_20-27-04_results.csv,,,,,,,,,,false,enrich,gmail,"""2026-06-06T10:37:49.678Z""",Gmail / Google Workspace,,,,,,,,,
,,joel@clayplaybook.com,,,,,,,,Smartlead users sheet; SL users validated; campaign_leads_2026-03-23_20-27-04_results - campaign_leads_2026-03-23_20-27-04_results.csv; Imported Leads,Yes,deliverable,No,,,,,,,,,,,,,,,,,,,,,,,,,,,,,,,,,,,,,,,,,,,,,,,,,,,,,,,,,,,,,,,,,,,,,,,,,Email is valid.,Google Workspace,aspmx.l.google.com,FALSE,,,,,,,,,,,,,,,,,,,,,,,,,,,,No,,,,,,,,,,Smartlead users sheet; SL users validated; campaign_leads_2026-03-23_20-27-04_results - campaign_leads_2026-03-23_20-27-04_results.csv,,,,,,,,,,false,enrich,gmail,"""2026-06-06T10:37:49.898Z""",Gmail / Google Workspace,,,,,,,,,
,,can.ersoez@ce-res.com,,,,,,,,Smartlead users sheet; SL users validated; campaign_leads_2026-03-23_20-27-04_results - campaign_leads_2026-03-23_20-27-04_results.csv; Imported Leads,Yes,deliverable,No,,,,,,,,,,,,,,,,,,,,,,,,,,,,,,,,,,,,,,,,,,,,,,,,,,,,,,,,,,,,2023,Marketing And Advertising,Europe,Germany,Hamburg,Hamburg,"Hamburg, Hamburg, Germany",20097,Hamburg,,Ce-res,1-10,Private,Email is valid.,Google Workspace,aspmx.l.google.com,FALSE,,,,,,,,,,,,,,,,,,,,,,,,,,,,No,,,,,,,,,,Smartlead users sheet; SL users validated; campaign_leads_2026-03-23_20-27-04_results - campaign_leads_2026-03-23_20-27-04_results.csv,,,,,,,,,,false,enrich,gmail,"""2026-06-06T10:37:49.677Z""",Gmail / Google Workspace,,,,,,,,,
,,appnest@iskala.net,,,,,,,,Smartlead users sheet; SL users validated; campaign_leads_2026-03-23_20-27-04_results - campaign_leads_2026-03-23_20-27-04_results.csv; Imported Leads,Yes,deliverable,No,,,,,,,,,,,,,,,,,,,,,,,,,,,,,,,,,,,,,,,,,,,,,,,,,,,,,,,,,,,facebook.com/iskalaa,2017,Management Consulting,Africa,Egypt,Alexandria,Alexandria,"Alexandria, Al Iskandarīyah, Egypt",,Al Iskandarīyah,,Iskala Business Solutions,1-10,Private,Email is valid.,Zoho Mail,mx.zoho.com,FALSE,,,,,,,,,,,,,,,,,,,,,,,,,,,,No,,,,,,,,,,Smartlead users sheet; SL users validated; campaign_leads_2026-03-23_20-27-04_results - campaign_leads_2026-03-23_20-27-04_results.csv,,,,,,,,,,false,enrich,zoho,"""2026-06-06T10:37:49.898Z""",Zoho Mail,,,,,,,,,
,,hq@alphahire.sg,,,,,,,,Smartlead users sheet; SL users validated; campaign_leads_2026-03-23_20-27-04_results - campaign_leads_2026-03-23_20-27-04_results.csv; Imported Leads,Yes,deliverable,No,,,,,,,,,,,,,,,,,,,,,,,,,,,,,,,,,,,,,,,,,,,,,,,,,,,,,,,,,,,,,,,,,,,,,,,,,Email is valid.,Google Workspace,aspmx.l.google.com,FALSE,,,,,,,,,,,,,,,,,,,,,,,,,,,,No,,,,,,,,,,Smartlead users sheet; SL users validated; campaign_leads_2026-03-23_20-27-04_results - campaign_leads_2026-03-23_20-27-04_results.csv,,,,,,,,,,false,enrich,gmail,"""2026-06-06T10:37:49.910Z""",Gmail / Google Workspace,,,,,,,,,
,,khalil@colibristudio.co,,,,,,,,Smartlead users sheet; SL users validated; campaign_leads_2026-03-23_20-27-04_results - campaign_leads_2026-03-23_20-27-04_results.csv; Imported Leads,Yes,deliverable,No,,,,,,,,,,,,,,,,,,,,,,,,,,,,,,,,,,,,,,,,,,,,,,,,,,,,,,,,,,,,,Media Production,Africa,Morocco,Casablanca,Casablanca,"Casablanca, Casablanca-settat, Morocco",,Casablanca-settat,71 Boulevard Hassan 2 7 Ème Étage,Colibri,1-10,Private,Email is valid.,Google Workspace,aspmx.l.google.com,FALSE,,,,,,,,,,,,,,,,,,,,,,,,,,,,No,,,,,,,,,,Smartlead users sheet; SL users validated; campaign_leads_2026-03-23_20-27-04_results - campaign_leads_2026-03-23_20-27-04_results.csv,,,,,,,,,,false,enrich,gmail,"""2026-06-06T10:37:49.678Z""",Gmail / Google Workspace,,,,,,,,,
,,aaron@wyzed.com,,,,,,,,Smartlead users sheet; SL users validated; campaign_leads_2026-03-23_20-27-04_results - campaign_leads_2026-03-23_20-27-04_results.csv; Imported Leads,Yes,deliverable,No,,,,,,,,,,,,,,,,,,,,,,,,,,,,,,,,,,,,,,,,,,,,,,,,,,,,,,,,,,,facebook.com/wyzedapp,2016,E-learning,Oceania,Australia,Wollongong,Wollongong,"Wollongong, New South Wales, Australia",2500,New South Wales,95-109 Crown Street,Wyzed.com,1-10,Private,Email is valid.,Google Workspace,aspmx.l.google.com,FALSE,,,,,,,,,,,,,,,,,,,,,,,,,,,,No,,,,,,,,,,Smartlead users sheet; SL users validated; campaign_leads_2026-03-23_20-27-04_results - campaign_leads_2026-03-23_20-27-04_results.csv,,,,,,,,,,false,enrich,gmail,"""2026-06-06T10:37:49.874Z""",Gmail / Google Workspace,,,,,,,,,
,,kai.zhang@moonlightstreet.com,,,,,,,,Smartlead users sheet; SL users validated; campaign_leads_2026-03-23_20-27-04_results - campaign_leads_2026-03-23_20-27-04_results.csv; Imported Leads,Yes,deliverable,No,,,,,,,,,,,,,,,,,,,,,,,,,,,,,,,,,,,,,,,,,,,,,,,,,,,,,,,,,,,,,Financial Services,North America,United States,Cambridge,Cambridge,"Cambridge, Massachusetts, United States",2138,Massachusetts,14 Copley Street,Moonlight Street,1-10,Private,Email is valid.,Google Workspace,aspmx.l.google.com,FALSE,,,,,,,,,,,,,,,,,,,,,,,,,,,,No,,,,,,,,,,Smartlead users sheet; SL users validated; campaign_leads_2026-03-23_20-27-04_results - campaign_leads_2026-03-23_20-27-04_results.csv,,,,,,,,,,false,enrich,gmail,"""2026-06-06T10:37:49.678Z""",Gmail / Google Workspace,,,,,,,,,
,,go@livmo.com,,,,,,,,Smartlead users sheet; SL users validated; campaign_leads_2026-03-23_20-27-04_results - campaign_leads_2026-03-23_20-27-04_results.csv; Imported Leads,Yes,deliverable,No,,,,,,,,,,,,,,,,,,,,,,,,,,,,,,,,,,,,,,,,,,,,,,,,,,,,,,,,,,,,2024,Management Consulting,North America,United States,San Diego,San Diego,"San Diego, California, United States",92110,California,,Livmo,1-10,Private,Email is valid.,Google Workspace,aspmx.l.google.com,FALSE,,,,,,,,,,,,,,,,,,,,,,,,,,,,No,,,,,,,,,,Smartlead users sheet; SL users validated; campaign_leads_2026-03-23_20-27-04_results - campaign_leads_2026-03-23_20-27-04_results.csv,,,,,,,,,,false,enrich,gmail,"""2026-06-06T10:37:49.874Z""",Gmail / Google Workspace,,,,,,,,,
,,bruno@capix.ai,,,,,,,,Smartlead users sheet; SL users validated; campaign_leads_2026-03-23_20-27-04_results - campaign_leads_2026-03-23_20-27-04_results.csv; Imported Leads,No,risky,No,,,,,,,,,,,,,,,,,,,,,,,,,,,,,,,,,,,,,,,,,,,,,,,,,,,,,,,,,,,,,Computer Games,,,,,,,,,Capix (yc S22),1-10,Private,Email is valid.,Google Workspace,aspmx.l.google.com,FALSE,,,,,,,,,,,,,,,,,,,,,,,,,,,,No,,,,,,,,,,Smartlead users sheet; SL users validated; campaign_leads_2026-03-23_20-27-04_results - campaign_leads_2026-03-23_20-27-04_results.csv,,,,,,,,,,false,enrich,gmail,"""2026-06-06T10:37:49.678Z""",Gmail / Google Workspace,,,,,,,,,
,,nicole.plant@relayfi.com,,,,,,,,Smartlead users sheet; SL users validated; campaign_leads_2026-03-23_20-27-04_results - campaign_leads_2026-03-23_20-27-04_results.csv; Imported Leads,Yes,deliverable,No,,,,,,,,,,,,,,,,,,,,,,,,,,,,,,,,,,,,,,,,,,,,,,,,,,,,,,,,,,,,2018,Banking,North America,Canada,Toronto,Toronto,"Toronto, Ontario, Canada",m5c 3e4,Ontario,60 Adelaide Street East,Relay,51-200,Private,Email is valid.,Google Workspace,aspmx.l.google.com,FALSE,,,,,,,,,,,,,,,,,,,,,,,,,,,,No,,,,,,,,,,Smartlead users sheet; SL users validated; campaign_leads_2026-03-23_20-27-04_results - campaign_leads_2026-03-23_20-27-04_results.csv,,,,,,,,,,false,enrich,gmail,"""2026-06-06T10:37:49.678Z""",Gmail / Google Workspace,,,,,,,,,
,,max@lyvecom.com,,,,,,,,Smartlead users sheet; SL users validated; campaign_leads_2026-03-23_20-27-04_results - campaign_leads_2026-03-23_20-27-04_results.csv; Imported Leads,Yes,deliverable,No,,,,,,,,,,,,,,,,,,,,,,,,,,,,,,,,,,,,,,,,,,,,,,,,,,,,,,,,,,,,2021,Internet,North America,United States,Miami,Miami,"Miami, Florida, United States",33136,Florida,100 Northwest 6th Street,Lyvecom,11-50,Private,Email is valid.,Google Workspace,aspmx.l.google.com,FALSE,,,,,,,,,,,,,,,,,,,,,,,,,,,,No,,,,,,,,,,Smartlead users sheet; SL users validated; campaign_leads_2026-03-23_20-27-04_results - campaign_leads_2026-03-23_20-27-04_results.csv,,,,,,,,,,false,enrich,gmail,"""2026-06-06T10:37:49.678Z""",Gmail / Google Workspace,,,,,,,,,
,,alan@roonii.com,,,,,,,,Smartlead users sheet; SL users validated; campaign_leads_2026-03-23_20-27-04_results - campaign_leads_2026-03-23_20-27-04_results.csv; Imported Leads,Yes,deliverable,No,,,,,,,,,,,,,,,,,,,,,,,,,,,,,,,,,,,,,,,,,,,,,,,,,,,,,,,,,,,,2019,Marketing And Advertising,Europe,Ireland,Dublin,Dublin,"Dublin, Leinster, Ireland",,Leinster,,Roonii Ppc,1-10,Private,Email is valid.,Google Workspace,aspmx.l.google.com,FALSE,,,,,,,,,,,,,,,,,,,,,,,,,,,,No,,,,,,,,,,Smartlead users sheet; SL users validated; campaign_leads_2026-03-23_20-27-04_results - campaign_leads_2026-03-23_20-27-04_results.csv,,,,,,,,,,false,enrich,gmail,"""2026-06-06T10:37:49.909Z""",Gmail / Google Workspace,,,,,,,,,
,,ecabrera@netw1.com,,,,,,,,Smartlead users sheet; SL users validated; campaign_leads_2026-03-23_20-27-04_results - campaign_leads_2026-03-23_20-27-04_results.csv; Imported Leads,Yes,deliverable,No,,,,,,,,,,,,,,,,,,,,,,,,,,,,,,,,,,,,,,,,,,,,,,,,,,,,,,,,,,,,,,,,,,,,,,,,,Email is valid.,,mx.smarshmail.com,FALSE,,,,,,,,,,,,,,,,,,,,,,,,,,,,No,,,,,,,,,,Smartlead users sheet; SL users validated; campaign_leads_2026-03-23_20-27-04_results - campaign_leads_2026-03-23_20-27-04_results.csv,,,,,,,,,,false,enrich,other,"""2026-06-06T10:37:50.738Z""",Other,,,,,,,,,
,,mjones@teamuptech.com,,,,,,,,Smartlead users sheet; SL users validated; campaign_leads_2026-03-23_20-27-04_results - campaign_leads_2026-03-23_20-27-04_results.csv; Imported Leads,Yes,deliverable,No,,,,,22,,381.00,,,,,,,,,,,,,,,,,,,,,,,,,,,,,,,,,,,66,,,,,2026-02,0.00,,0.00,,,,,,,,,facebook.com/teamuptech,2020,Staffing And Recruiting,North America,United States,Austin,Austin,"Austin, Texas, United States",78735,Texas,2 Rialto Boulevard Building,Teamup,11-50,Private,Email is valid.,Google Workspace,smtp.google.com,FALSE,,,,,,4,,,,,,,,,,,none,none,,,,,,,,,,No,,,,,,,,0.00,,Smartlead users sheet; SL users validated; campaign_leads_2026-03-23_20-27-04_results - campaign_leads_2026-03-23_20-27-04_results.csv,,TeamUP,,4,0.00,1524.00,,1524.00,0.00,false,enrich,,,,,,,,,,,,
,,brian@korbit.ai,,,,,,,,Smartlead users sheet; SL users validated; campaign_leads_2026-03-23_20-27-04_results - campaign_leads_2026-03-23_20-27-04_results.csv; Imported Leads,Yes,deliverable,No,,,,,,,,,,,,,,,,,,,,,,,,,,,,,,,,,,,,,,,,,,,,,,,,,,,,,,,,,,,facebook.com/korbittech,2017,E-learning,North America,Canada,Montreal,Montreal,"Montreal, Quebec, Canada",,Quebec,,Korbit Ai,11-50,Private,Email is valid.,Google Workspace,smtp.google.com,FALSE,,,,,,,,,,,,,,,,,,,,,,,,,,,,No,,,,,,,,,,Smartlead users sheet; SL users validated; campaign_leads_2026-03-23_20-27-04_results - campaign_leads_2026-03-23_20-27-04_results.csv,,,,,,,,,,false,enrich,gmail,"""2026-06-06T10:37:49.657Z""",Gmail / Google Workspace,,,,,,,,,
,,stuart@terasmediaco.com,,,,,,,,Smartlead users sheet; SL users validated; campaign_leads_2026-03-23_20-27-04_results - campaign_leads_2026-03-23_20-27-04_results.csv; Imported Leads,Yes,deliverable,No,,,,,,,,,,,,,,,,,,,,,,,,,,,,,,,,,,,,,,,,,,,,,,,,,,,,,,,,,,,facebook.com/terasmediaco,2012,Design,North America,United States,Oxford,Oxford,"Oxford, Ohio, United States",45056,Ohio,21 West High Street,"Teras Media, Llc",1-10,Private,Email is valid.,Google Workspace,aspmx.l.google.com,FALSE,,,,,,,,,,,,,,,,,,,,,,,,,,,,No,,,,,,,,,,Smartlead users sheet; SL users validated; campaign_leads_2026-03-23_20-27-04_results - campaign_leads_2026-03-23_20-27-04_results.csv,,,,,,,,,,false,enrich,gmail,"""2026-06-06T10:37:49.939Z""",Gmail / Google Workspace,,,,,,,,,
,,operaciones@moglich.mx,,,,,,,,Smartlead users sheet; SL users validated; campaign_leads_2026-03-23_20-27-04_results - campaign_leads_2026-03-23_20-27-04_results.csv; Imported Leads,Yes,deliverable,No,,,,,,,,,,,,,,,,,,,,,,,,,,,,,,,,,,,,,,,,,,,,,,,,,,,,,,,,,,,,,,,,,,,,,,,,,Email is valid.,Google Workspace,SMTP.GOOGLE.COM,FALSE,,,,,,,,,,,,,,,,,,,,,,,,,,,,No,,,,,,,,,,Smartlead users sheet; SL users validated; campaign_leads_2026-03-23_20-27-04_results - campaign_leads_2026-03-23_20-27-04_results.csv,,,,,,,,,,false,enrich,gmail,"""2026-06-06T10:37:49.735Z""",Gmail / Google Workspace,,,,,,,,,
,,andrew@leanengineering.io,,,,,,,,Smartlead users sheet; SL users validated; campaign_leads_2026-03-23_20-27-04_results - campaign_leads_2026-03-23_20-27-04_results.csv; Imported Leads,No,risky,No,,,,,,,,,,,,,,,,,,,,,,,,,,,,,,,,,,,,,,,,,,,,,,,,,,,,,,,,,,,facebook.com/leanengineering.io,2017,Computer Software,North America,United States,Portland,Portland,"Portland, Oregon, United States",97212,Oregon,,Lean Engineering,11-50,Private,Email is valid.,Google Workspace,aspmx.l.google.com,FALSE,,,,,,,,,,,,,,,,,,,,,,,,,,,,No,,,,,,,,,,Smartlead users sheet; SL users validated; campaign_leads_2026-03-23_20-27-04_results - campaign_leads_2026-03-23_20-27-04_results.csv,,,,,,,,,,false,enrich,gmail,"""2026-06-06T10:37:49.678Z""",Gmail / Google Workspace,,,,,,,,,
,,ahmad@packsmith.io,,,,,,,,Smartlead users sheet; SL users validated; campaign_leads_2026-03-23_20-27-04_results - campaign_leads_2026-03-23_20-27-04_results.csv; Imported Leads,Yes,deliverable,No,,,,,,,,,,,,,,,,,,,,,,,,,,,,,,,,,,,,,,,,,,,,,,,,,,,,,,,,,,,,2021,Internet,North America,United States,Los Angeles,Los Angeles,"Los Angeles, California, United States",,California,,Packsmith,11-50,Private,Email is valid.,Google Workspace,aspmx.l.google.com,FALSE,,,,,,,,,,,,,,,,,,,,,,,,,,,,No,,,,,,,,,,Smartlead users sheet; SL users validated; campaign_leads_2026-03-23_20-27-04_results - campaign_leads_2026-03-23_20-27-04_results.csv,,,,,,,,,,false,enrich,gmail,"""2026-06-06T10:37:49.657Z""",Gmail / Google Workspace,,,,,,,,,
,,iskala.org@gmail.com,,,,,,,,Smartlead users sheet; SL users validated; campaign_leads_2026-03-23_20-27-04_results - campaign_leads_2026-03-23_20-27-04_results.csv; Imported Leads,No,risky,No,,,,,,,,,,,,,,,,,,,,,,,,,,,,,,,,,,,,,,,,,,,,,,,,,,,,,,,,,,,,,,,,,,,,,,,,,Email is valid.,Google Workspace,gmail-smtp-in.l.google.com,FALSE,,,,,,,,,,,,,,,,,,,,,,,,,,,,No,,,,,,,,,,Smartlead users sheet; SL users validated; campaign_leads_2026-03-23_20-27-04_results - campaign_leads_2026-03-23_20-27-04_results.csv,,,,,,,,,,false,enrich,gmail,"""2026-06-06T10:37:49.559Z""",Gmail / Google Workspace,,,,,,,,,
,,alex@added-value.co.il,,,,,,,,Smartlead users sheet; SL users validated; campaign_leads_2026-03-23_20-27-04_results - campaign_leads_2026-03-23_20-27-04_results.csv; Imported Leads,Yes,deliverable,No,,,,,,,,,,,,,,,,,,,,,,,,,,,,,,,,,,,,,,,,,,,,,,,,,,,,,,,,,,,,2009,Human Resources,Asia,Israel,,,,,Tel Aviv,,Addedvalue,11-50,Private,Email is valid.,Google Workspace,smtp.google.com,FALSE,,,,,,,,,,,,,,,,,,,,,,,,,,,,No,,,,,,,,,,Smartlead users sheet; SL users validated; campaign_leads_2026-03-23_20-27-04_results - campaign_leads_2026-03-23_20-27-04_results.csv,,,,,,,,,,false,enrich,gmail,"""2026-06-06T10:37:49.874Z""",Gmail / Google Workspace,,,,,,,,,
,,nikki@sybill.ai,,,,,,,,Smartlead users sheet; SL users validated; campaign_leads_2026-03-23_20-27-04_results - campaign_leads_2026-03-23_20-27-04_results.csv; Imported Leads,Yes,deliverable,No,,,,,,,,,,,,,,,,,,,,,,,,,,,,,,,,,,,,,,,,,,,,,,,,,,,,,,,,,,,,2021,Information Technology And Services,North America,United States,Mountain View,Mountain View,"Mountain View, California, United States",94040,California,800 West El Camino Real,Sybill,11-50,Private,Email is valid.,Google Workspace,aspmx.l.google.com,FALSE,,,,,,,,,,,,,,,,,,,,,,,,,,,,No,,,,,,,,,,Smartlead users sheet; SL users validated; campaign_leads_2026-03-23_20-27-04_results - campaign_leads_2026-03-23_20-27-04_results.csv,,,,,,,,,,false,enrich,gmail,"""2026-06-06T10:37:49.667Z""",Gmail / Google Workspace,,,,,,,,,
,,hello@united-digitalagentur.de,,,,,,,,Smartlead users sheet; SL users validated; campaign_leads_2026-03-23_20-27-04_results - campaign_leads_2026-03-23_20-27-04_results.csv; Imported Leads,Yes,deliverable,No,,,,,,,,,,,,,,,,,,,,,,,,,,,,,,,,,,,,,,,,,,,,,,,,,,,,,,,,,,,,2019,Marketing And Advertising,Europe,Germany,Essen,Essen,"Essen, North Rhine-westphalia, Germany",,North Rhine-westphalia,,United Digitalagentur,1-10,Private,Email is valid.,Zoho Mail,mx.zoho.eu,FALSE,,,,,,,,,,,,,,,,,,,,,,,,,,,,No,,,,,,,,,,Smartlead users sheet; SL users validated; campaign_leads_2026-03-23_20-27-04_results - campaign_leads_2026-03-23_20-27-04_results.csv,,,,,,,,,,false,enrich,zoho,"""2026-06-06T10:37:49.678Z""",Zoho Mail,,,,,,,,,
,,zac@highperformanceads.com,,,,,,,,Smartlead users sheet; SL users validated; campaign_leads_2026-03-23_20-27-04_results - campaign_leads_2026-03-23_20-27-04_results.csv; Imported Leads,Yes,deliverable,No,,,,,,,,,,,,,,,,,,,,,,,,,,,,,,,,,,,,,,,,,,,,,,,,,,,,,,,,,,,,2017,Marketing And Advertising,North America,United States,Sacramento,Sacramento,"Sacramento, California, United States",,California,,High Performance Ads,1-10,Private,Email is valid.,Google Workspace,smtp.google.com,FALSE,,,,,,,,,,,,,,,,,,,,,,,,,,,,No,,,,,,,,,,Smartlead users sheet; SL users validated; campaign_leads_2026-03-23_20-27-04_results - campaign_leads_2026-03-23_20-27-04_results.csv,,,,,,,,,,false,enrich,gmail,"""2026-06-06T10:37:49.678Z""",Gmail / Google Workspace,,,,,,,,,
,,noam@ignitionit.com,,,,,,,,Smartlead users sheet; SL users validated; campaign_leads_2026-03-23_20-27-04_results - campaign_leads_2026-03-23_20-27-04_results.csv; Imported Leads,Yes,deliverable,No,,,,,,,,,,,,,,,,,,,,,,,,,,,,,,,,,,,,,,,,,,,,,,,,,,,,,,,,,,,facebook.com/ignitionit,1998,Information Technology And Services,North America,United States,San Francisco,San Francisco,"San Francisco, California, United States",94104,California,268 Bush Street,Ignition,11-50,Private,Email is valid.,Google Workspace,aspmx.l.google.com,FALSE,,,,,,,,,,,,,,,,,,,,,,,,,,,,No,,,,,,,,,,Smartlead users sheet; SL users validated; campaign_leads_2026-03-23_20-27-04_results - campaign_leads_2026-03-23_20-27-04_results.csv,,,,,,,,,,false,enrich,gmail,"""2026-06-06T10:37:49.892Z""",Gmail / Google Workspace,,,,,,,,,
,,mike@bluecraftleads.com,,,,,,,,Smartlead users sheet; SL users validated; campaign_leads_2026-03-23_20-27-04_results - campaign_leads_2026-03-23_20-27-04_results.csv; Imported Leads,Yes,deliverable,No,,,,,,,,,,,,,,,,,,,,,,,,,,,,,,,,,,,,,,,,,,,,,,,,,,,,,,,,,,,,,,North America,United States,Orlando,Orlando,"Orlando, Florida, United States",,Florida,,Bluecraft Leads,1-10,Private,Email is valid.,Google Workspace,aspmx.l.google.com,FALSE,,,,,,,,,,,,,,,,,,,,,,,,,,,,No,,,,,,,,,,Smartlead users sheet; SL users validated; campaign_leads_2026-03-23_20-27-04_results - campaign_leads_2026-03-23_20-27-04_results.csv,,,,,,,,,,false,enrich,gmail,"""2026-06-06T10:37:49.943Z""",Gmail / Google Workspace,,,,,,,,,
,,maria.matos@hygraph.com,,,,,,,,Smartlead users sheet; SL users validated; campaign_leads_2026-03-23_20-27-04_results - campaign_leads_2026-03-23_20-27-04_results.csv; Imported Leads,Yes,deliverable,No,,,,,,,,,,,,,,,,,,,,,,,,,,,,,,,,,,,,,,,,,,,,,,,,,,,,,,,,,,,,2017,Information Technology And Services,Europe,Germany,,,,,Berlin,47 Dircksenstraße,Hygraph,51-200,Private,Email is valid.,Google Workspace,aspmx.l.google.com,FALSE,,,,,,,,,,,,,,,,,,,,,,,,,,,,No,,,,,,,,,,Smartlead users sheet; SL users validated; campaign_leads_2026-03-23_20-27-04_results - campaign_leads_2026-03-23_20-27-04_results.csv,,,,,,,,,,false,enrich,gmail,"""2026-06-06T10:37:49.657Z""",Gmail / Google Workspace,,,,,,,,,
,,contact@goclinicflow.com,,,,,,,,Smartlead users sheet; SL users validated; campaign_leads_2026-03-23_20-27-04_results - campaign_leads_2026-03-23_20-27-04_results.csv; Imported Leads,No,risky,No,,,,,,,,,,,,,,,,,,,,,,,,,,,,,,,,,,,,,,,,,,,,,,,,,,,,,,,,,,,,,,,,,,,,,,,,,Email is valid.,,mx1.hostinger.com,FALSE,,,,,,,,,,,,,,,,,,,,,,,,,,,,No,,,,,,,,,,Smartlead users sheet; SL users validated; campaign_leads_2026-03-23_20-27-04_results - campaign_leads_2026-03-23_20-27-04_results.csv,,,,,,,,,,false,enrich,other,"""2026-06-06T10:37:50.023Z""",Other,,,,,,,,,
,,lp@camp3.co,,,,,,,,Smartlead users sheet; SL users validated; campaign_leads_2026-03-23_20-27-04_results - campaign_leads_2026-03-23_20-27-04_results.csv; Imported Leads,Yes,deliverable,No,,,,,,,,,,,,,,,,,,,,,,,,,,,,,,,,,,,,,,,,,,,,,,,,,,,,,,,,,,,,,Staffing And Recruiting,North America,United States,,,,,,,Camp3,1-10,Private,Email is valid.,Google Workspace,aspmx.l.google.com,FALSE,,,,,,,,,,,,,,,,,,,,,,,,,,,,No,,,,,,,,,,Smartlead users sheet; SL users validated; campaign_leads_2026-03-23_20-27-04_results - campaign_leads_2026-03-23_20-27-04_results.csv,,,,,,,,,,false,enrich,gmail,"""2026-06-06T10:37:49.892Z""",Gmail / Google Workspace,,,,,,,,,
,,eliran@tribecast.fm,,,,,,,,Smartlead users sheet; SL users validated; campaign_leads_2026-03-23_20-27-04_results - campaign_leads_2026-03-23_20-27-04_results.csv; Imported Leads,Yes,deliverable,No,,,,,,,,,,,,,,,,,,,,,,,,,,,,,,,,,,,,,,,,,,,,,,,,,,,,,,,,,,,,2020,Music,Asia,Israel,,,,,Tel Aviv,,Tribecast,1-10,Private,Email is valid.,Google Workspace,aspmx.l.google.com,FALSE,,,,,,,,,,,,,,,,,,,,,,,,,,,,No,,,,,,,,,,Smartlead users sheet; SL users validated; campaign_leads_2026-03-23_20-27-04_results - campaign_leads_2026-03-23_20-27-04_results.csv,,,,,,,,,,false,enrich,gmail,"""2026-06-06T10:37:49.667Z""",Gmail / Google Workspace,,,,,,,,,
,,gdelgado@hvirtual.com,,,,,,,,Smartlead users sheet; SL users validated; campaign_leads_2026-03-23_20-27-04_results - campaign_leads_2026-03-23_20-27-04_results.csv; Imported Leads,Yes,deliverable,No,,,,,,,,,,,,,,,,,,,,,,,,,,,,,,,,,,,,,,,,,,,,,,,,,,,,,,,,,,,facebook.com/huellavirtuallms,2007,E-learning,South America,Argentina,Cordoba,Cordoba,"Cordoba, Cordoba, Argentina",5000,Cordoba,576 Vélez Sarsfield,Huella Virtual,11-50,Private,Email is valid.,Google Workspace,smtp.google.com,FALSE,,,,,,,,,,,,,,,,,,,,,,,,,,,,No,,,,,,,,,,Smartlead users sheet; SL users validated; campaign_leads_2026-03-23_20-27-04_results - campaign_leads_2026-03-23_20-27-04_results.csv,,,,,,,,,,false,enrich,gmail,"""2026-06-06T10:37:49.765Z""",Gmail / Google Workspace,,,,,,,,,
,,jonathan.grinal@jdconseil.co,,,,,,,,Smartlead users sheet; SL users validated; campaign_leads_2026-03-23_20-27-04_results - campaign_leads_2026-03-23_20-27-04_results.csv; Imported Leads,Yes,deliverable,No,,,,,,,,,,,,,,,,,,,,,,,,,,,,,,,,,,,,,,,,,,,,,,,,,,,,,,,,,,,,2008,Information Technology And Services,Europe,France,Paris,Paris,"Paris, Ile-de-france, France",,Ile-de-france,,Jd Conseil,11-50,Private,Email is valid.,Google Workspace,aspmx.l.google.com,FALSE,,,,,,,,,,,,,,,,,,,,,,,,,,,,No,,,,,,,,,,Smartlead users sheet; SL users validated; campaign_leads_2026-03-23_20-27-04_results - campaign_leads_2026-03-23_20-27-04_results.csv,,,,,,,,,,false,enrich,gmail,"""2026-06-06T10:37:49.934Z""",Gmail / Google Workspace,,,,,,,,,
,,manager@thesurgeagency.com,,,,,,,,Smartlead users sheet; SL users validated; campaign_leads_2026-03-23_20-27-04_results - campaign_leads_2026-03-23_20-27-04_results.csv; Imported Leads,Yes,deliverable,No,,,,,,,,,,,,,,,,,,,,,,,,,,,,,,,,,,,,,,,,,,,,,,,,,,,,,,,,,,,,,,,,,,,,,,,,,Email is valid.,Google Workspace,aspmx.l.google.com,FALSE,,,,,,,,,,,,,,,,,,,,,,,,,,,,No,,,,,,,,,,Smartlead users sheet; SL users validated; campaign_leads_2026-03-23_20-27-04_results - campaign_leads_2026-03-23_20-27-04_results.csv,,,,,,,,,,false,enrich,gmail,"""2026-06-06T10:37:49.898Z""",Gmail / Google Workspace,,,,,,,,,
,,contact@gad2labs.com,,,,,,,,Smartlead users sheet; SL users validated; campaign_leads_2026-03-23_20-27-04_results - campaign_leads_2026-03-23_20-27-04_results.csv; Imported Leads,Yes,deliverable,No,,,,,,,,,,,,,,,,,,,,,,,,,,,,,,,,,,,,,,,,,,,,,,,,,,,,,,,,,,,,,,,,,,,,,,,,,Email is valid.,Google Workspace,aspmx.l.google.com,FALSE,,,,,,,,,,,,,,,,,,,,,,,,,,,,No,,,,,,,,,,Smartlead users sheet; SL users validated; campaign_leads_2026-03-23_20-27-04_results - campaign_leads_2026-03-23_20-27-04_results.csv,,,,,,,,,,false,enrich,gmail,"""2026-06-06T10:37:49.685Z""",Gmail / Google Workspace,,,,,,,,,
,,harry@poseidondigitalmedia.com,,,,,,,,Smartlead users sheet; SL users validated; campaign_leads_2026-03-23_20-27-04_results - campaign_leads_2026-03-23_20-27-04_results.csv; Imported Leads,Yes,deliverable,No,,,,,,,,,,,,,,,,,,,,,,,,,,,,,,,,,,,,,,,,,,,,,,,,,,,,,,,,,,,,,,,,,,,,,,,,,Email is valid.,Google Workspace,aspmx.l.google.com,FALSE,,,,,,,,,,,,,,,,,,,,,,,,,,,,No,,,,,,,,,,Smartlead users sheet; SL users validated; campaign_leads_2026-03-23_20-27-04_results - campaign_leads_2026-03-23_20-27-04_results.csv,,,,,,,,,,false,enrich,,,,,,,,,,,,
,,orrett@mightyorbit.co,,,,,,,,Smartlead users sheet; SL users validated; campaign_leads_2026-03-23_20-27-04_results - campaign_leads_2026-03-23_20-27-04_results.csv; Imported Leads,Yes,deliverable,No,,,,,,,,,,,,,,,,,,,,,,,,,,,,,,,,,,,,,,,,,,,,,,,,,,,,,,,,,,,facebook.com/mightyorbit,2018,Marketing And Advertising,North America,United States,Orlando,Orlando,"Orlando, Florida, United States",32801,Florida,,Mighty Orbit,1-10,Private,Email is valid.,Google Workspace,ASPMX.L.GOOGLE.COM,FALSE,,,,,,,,,,,,,,,,,,,,,,,,,,,,No,,,,,,,,,,Smartlead users sheet; SL users validated; campaign_leads_2026-03-23_20-27-04_results - campaign_leads_2026-03-23_20-27-04_results.csv,,,,,,,,,,false,enrich,gmail,"""2026-06-06T10:37:49.685Z""",Gmail / Google Workspace,,,,,,,,,
Vish,Chopra,vish@mailswift.co,,,,London,England,United Kingdom,https://www.linkedin.com/in/vish-chopra,Smartlead users sheet; SL users validated; campaign_leads_2026-03-23_20-27-04_results - campaign_leads_2026-03-23_20-27-04_results.csv; Imported Leads,Yes,deliverable,No,,,,,,5ee391a6-4af0-091c-8aab-f1d079ed3a6b,,REAL-TIME VERIFIED ON 29 Mar 26,,London,46a83a37-1bec-c6b6-4e46-8c0d6e4b3842,0-99999,"Playbooks helps B2B SaaS GTM teams activate accounts faster by condensing signals from CRM, product, hiring, and the “dark funnel” into a one-page account plan. Instead of hours of research or dashboards nobody checks, reps get actionable context they can use in their next email or call.",2-10,,,2024,,,software development,,,,,,,,,,Playbooks,0,,,,2,,,PRIVATELY_HELD,,United Kingdom,,,,,,,,,,,,,,,,,,Founder,,,,,,,,,,,,,,,,,,,"London, England, United Kingdom, Europe",gmail,"""2026-03-31T21:05:09.316Z""",Google Workspace,,,aspmx.l.google.com,,,,,,,,,,,,,,,,,,,,,No,No,,,founder,,,England,,,Smartlead users sheet; SL users validated; campaign_leads_2026-03-23_20-27-04_results - campaign_leads_2026-03-23_20-27-04_results.csv; Imported Leads,Smartlead_Followers_Relevant_ICP; Smartlead-Followers-Relevant; Imported Leads; SL Users,,,,,,,,,false,enrich,gmail,"""2026-06-06T10:37:49.689Z""",Gmail / Google Workspace,,,,,,,,,
,,sales@eurodsp.com,,,,,,,,Smartlead users sheet; SL users validated; campaign_leads_2026-03-23_20-27-04_results - campaign_leads_2026-03-23_20-27-04_results.csv; Imported Leads,Yes,deliverable,No,,,,,,,,,,,,,,,,,,,,,,,,,,,,,,,,,,,,,,,,,,,,,,,,,,,,,,,,,,,,2016,Marketing And Advertising,Europe,Germany,Munich,Munich,"Munich, Bavaria, Germany",80336,Bavaria,5 Schwanthalerstraße,Eurodsp Digital Media Desk,1-10,Private,Email is valid.,Google Workspace,aspmx.l.google.com,FALSE,,,,,,,,,,,,,,,,,,,,,,,,,,,,No,,,,,,,,,,Smartlead users sheet; SL users validated; campaign_leads_2026-03-23_20-27-04_results - campaign_leads_2026-03-23_20-27-04_results.csv,,,,,,,,,,false,enrich,,,,,,,,,,,,
,,pat@salk.ai,,,,,,,,Smartlead users sheet; SL users validated; campaign_leads_2026-03-23_20-27-04_results - campaign_leads_2026-03-23_20-27-04_results.csv; Imported Leads,Yes,deliverable,No,,,,,,,,,,,,,,,,,,,,,,,,,,,,,,,,,,,,,,,,,,,,,,,,,,,,,,,,,,,,2023,Internet,Asia,India,Nāgpur,Nāgpur,"Nāgpur, Maharashtra, India",,Maharashtra,,Salk Ai,1-10,Private,Email is valid.,Google Workspace,smtp.google.com,FALSE,,,,,,,,,,,,,,,,,,,,,,,,,,,,No,,,,,,,,,,Smartlead users sheet; SL users validated; campaign_leads_2026-03-23_20-27-04_results - campaign_leads_2026-03-23_20-27-04_results.csv,,,,,,,,,,false,enrich,gmail,"""2026-06-06T10:37:49.892Z""",Gmail / Google Workspace,,,,,,,,,
,,tjr@tartle.co,,,,,,,,Smartlead users sheet; SL users validated; campaign_leads_2026-03-23_20-27-04_results - campaign_leads_2026-03-23_20-27-04_results.csv; Imported Leads,Yes,deliverable,No,,,,,,,,,,,,,,,,,,,,,,,,,,,,,,,,,,,,,,,,,,,,,,,,,,,,,,,,,,,facebook.com/tartleofficial,2017,Information Technology And Services,North America,United States,Santa Fe,Santa Fe,"Santa Fe, New Mexico, United States",87507,New Mexico,,Tartle,1-10,Private,Email is valid.,Google Workspace,aspmx.l.google.com,FALSE,,,,,,,,,,,,,,,,,,,,,,,,,,,,No,,,,,,,,,,Smartlead users sheet; SL users validated; campaign_leads_2026-03-23_20-27-04_results - campaign_leads_2026-03-23_20-27-04_results.csv,,,,,,,,,,false,enrich,gmail,"""2026-06-06T10:37:49.905Z""",Gmail / Google Workspace,,,,,,,,,
,,jake.g@kiln.com,,,,,,,,Smartlead users sheet; SL users validated; campaign_leads_2026-03-23_20-27-04_results - campaign_leads_2026-03-23_20-27-04_results.csv; Imported Leads,Yes,deliverable,No,,,,,,,,,,,,,,,,,,,,,,,,,,,,,,,,,,,,,,,,,,,,,,,,,,,,,,,,,,,,,,,,,,,,,,,,,Email is valid.,Google Workspace,aspmx.l.google.com,FALSE,,,,,,,,,,,,,,,,,,,,,,,,,,,,No,,,,,,,,,,Smartlead users sheet; SL users validated; campaign_leads_2026-03-23_20-27-04_results - campaign_leads_2026-03-23_20-27-04_results.csv,,,,,,,,,,false,enrich,gmail,"""2026-06-06T10:37:49.685Z""",Gmail / Google Workspace,,,,,,,,,
,,pierre@thescalefactory.net,,,,,,,,Smartlead users sheet; SL users validated; campaign_leads_2026-03-23_20-27-04_results - campaign_leads_2026-03-23_20-27-04_results.csv; Imported Leads,Yes,deliverable,No,,,,,,,,,,,,,,,,,,,,,,,,,,,,,,,,,,,,,,,,,,,,,,,,,,,,,,,,,,,facebook.com/the-scale-factory-110883423941883,2019,Management Consulting,Asia,Singapore,Singapore,Singapore,,,,14 Mohamed Sultan Road,The Scale Factory,11-50,Private,Email is valid.,Google Workspace,aspmx.l.google.com,FALSE,,,,,,,,,,,,,,,,,,,,,,,,,,,,No,,,,,,,,,,Smartlead users sheet; SL users validated; campaign_leads_2026-03-23_20-27-04_results - campaign_leads_2026-03-23_20-27-04_results.csv,,,,,,,,,,false,enrich,gmail,"""2026-06-06T10:37:49.678Z""",Gmail / Google Workspace,,,,,,,,,
,,ralf@triad.nl,,,,,,,,Smartlead users sheet; SL users validated; campaign_leads_2026-03-23_20-27-04_results - campaign_leads_2026-03-23_20-27-04_results.csv; Imported Leads,Yes,deliverable,No,,,,,,,,,,,,,,,,,,,,,,,,,,,,,,,,,,,,,,,,,,,,,,,,,,,,,,,,,,,,,,,,,,,,,,,,,Email is valid.,Google Workspace,SMTP.GOOGLE.COM,FALSE,,,,,,,,,,,,,,,,,,,,,,,,,,,,No,,,,,,,,,,Smartlead users sheet; SL users validated; campaign_leads_2026-03-23_20-27-04_results - campaign_leads_2026-03-23_20-27-04_results.csv,,,,,,,,,,false,enrich,,,,,,,,,,,,
,,louis@deslus.com,,,,,,,,Smartlead users sheet; SL users validated; campaign_leads_2026-03-23_20-27-04_results - campaign_leads_2026-03-23_20-27-04_results.csv; Imported Leads,Yes,deliverable,No,,,,,,,,,,,,,,,,,,,,,,,,,,,,,,,,,,,,,,,,,,,,,,,,,,,,,,,,,,,,,,,,,,,,,,,,,Email is valid.,Google Workspace,aspmx.l.google.com,FALSE,,,,,,,,,,,,,,,,,,,,,,,,,,,,No,,,,,,,,,,Smartlead users sheet; SL users validated; campaign_leads_2026-03-23_20-27-04_results - campaign_leads_2026-03-23_20-27-04_results.csv,,,,,,,,,,false,enrich,gmail,"""2026-06-06T10:37:49.960Z""",Gmail / Google Workspace,,,,,,,,,
,,ege@permify.co,,,,,,,,Smartlead users sheet; SL users validated; campaign_leads_2026-03-23_20-27-04_results - campaign_leads_2026-03-23_20-27-04_results.csv; Imported Leads,No,risky,No,,,,,,,,,,,,,,,,,,,,,,,,,,,,,,,,,,,,,,,,,,,,,,,,,,,,,,,,,,,,2022,Computer Software,North America,United States,San Francisco,San Francisco,"San Francisco, California, United States",94016,California,,Permify,1-10,Private,Email is valid.,Google Workspace,aspmx.l.google.com,FALSE,,,,,,,,,,,,,,,,,,,,,,,,,,,,No,,,,,,,,,,Smartlead users sheet; SL users validated; campaign_leads_2026-03-23_20-27-04_results - campaign_leads_2026-03-23_20-27-04_results.csv,,,,,,,,,,false,enrich,gmail,"""2026-06-06T10:37:49.903Z""",Gmail / Google Workspace,,,,,,,,,
,,contact@americaninstitutegroup.com,,,,,,,,Smartlead users sheet; SL users validated; campaign_leads_2026-03-23_20-27-04_results - campaign_leads_2026-03-23_20-27-04_results.csv; Imported Leads,Yes,deliverable,No,,,,,,,,,,,,,,,,,,,,,,,,,,,,,,,,,,,,,,,,,,,,,,,,,,,,,,,,,,,,,,,,,,,,,,,,,Email is valid.,Google Workspace,aspmx.l.google.com,FALSE,,,,,,,,,,,,,,,,,,,,,,,,,,,,No,,,,,,,,,,Smartlead users sheet; SL users validated; campaign_leads_2026-03-23_20-27-04_results - campaign_leads_2026-03-23_20-27-04_results.csv,,,,,,,,,,false,enrich,gmail,"""2026-06-06T10:37:49.905Z""",Gmail / Google Workspace,,,,,,,,,
,,salesops@carboncrusher.com,,,,,,,,Smartlead users sheet; SL users validated; campaign_leads_2026-03-23_20-27-04_results - campaign_leads_2026-03-23_20-27-04_results.csv; Imported Leads,Yes,deliverable,No,,,,,,,,,,,,,,,,,,,,,,,,,,,,,,,,,,,,,,,,,,,,,,,,,,,,,,,,,,,,,,,,,,,,,,,,,Email is valid.,Google Workspace,aspmx.l.google.com,FALSE,,,,,,,,,,,,,,,,,,,,,,,,,,,,No,,,,,,,,,,Smartlead users sheet; SL users validated; campaign_leads_2026-03-23_20-27-04_results - campaign_leads_2026-03-23_20-27-04_results.csv,,,,,,,,,,false,enrich,gmail,"""2026-06-06T10:37:49.922Z""",Gmail / Google Workspace,,,,,,,,,
,,bookings@podpitch.com,,,,,,,,Smartlead users sheet; SL users validated; campaign_leads_2026-03-23_20-27-04_results - campaign_leads_2026-03-23_20-27-04_results.csv; Imported Leads,Yes,deliverable,No,,,,,,,,,,,,,,,,,,,,,,,,,,,,,,,,,,,,,,,,,,,,,,,,,,,,,,,,,,,,2023,Computer Software,North America,United States,Brooklyn,Brooklyn,"Brooklyn, New York, United States",11222,New York,276 Greenpoint Avenue,Podpitch,1-10,Private,Email is valid.,Google Workspace,aspmx.l.google.com,FALSE,,,,,,,,,,,,,,,,,,,,,,,,,,,,No,,,,,,,,,,Smartlead users sheet; SL users validated; campaign_leads_2026-03-23_20-27-04_results - campaign_leads_2026-03-23_20-27-04_results.csv,,,,,,,,,,false,enrich,gmail,"""2026-06-06T10:37:49.874Z""",Gmail / Google Workspace,,,,,,,,,
,,jedeon@clipmasters.io,,,,,,,,Smartlead users sheet; SL users validated; campaign_leads_2026-03-23_20-27-04_results - campaign_leads_2026-03-23_20-27-04_results.csv; Imported Leads,Yes,deliverable,No,,,,,,,,,,,,,,,,,,,,,,,,,,,,,,,,,,,,,,,,,,,,,,,,,,,,,,,,,,,,,Marketing And Advertising,Europe,Belgium,Antwerpen,Antwerpen,"Antwerpen, Flanders, Belgium",,Flanders,,Clipmasters,11-50,Private,Email is valid.,Google Workspace,aspmx.l.google.com,FALSE,,,,,,,,,,,,,,,,,,,,,,,,,,,,No,,,,,,,,,,Smartlead users sheet; SL users validated; campaign_leads_2026-03-23_20-27-04_results - campaign_leads_2026-03-23_20-27-04_results.csv,,,,,,,,,,false,enrich,gmail,"""2026-06-06T10:37:49.903Z""",Gmail / Google Workspace,,,,,,,,,
,,contact@poojadhole.com,,,,,,,,Smartlead users sheet; SL users validated; campaign_leads_2026-03-23_20-27-04_results - campaign_leads_2026-03-23_20-27-04_results.csv; Imported Leads,Yes,deliverable,No,,,,,,,,,,,,,,,,,,,,,,,,,,,,,,,,,,,,,,,,,,,,,,,,,,,,,,,,,,,,,,,,,,,,,,,,,Email is valid.,,route2.mx.cloudflare.net,FALSE,,,,,,,,,,,,,,,,,,,,,,,,,,,,No,,,,,,,,,,Smartlead users sheet; SL users validated; campaign_leads_2026-03-23_20-27-04_results - campaign_leads_2026-03-23_20-27-04_results.csv,,,,,,,,,,false,enrich,,,,,,,,,,,,
,,sam@rocketphone.ai,,,,,,,,Smartlead users sheet; SL users validated; campaign_leads_2026-03-23_20-27-04_results - campaign_leads_2026-03-23_20-27-04_results.csv; Imported Leads,Yes,deliverable,No,,,,,,,,,,,,,,,,,,,,,,,,,,,,,,,,,,,,,,,,,,,,,,,,,,,,,,,,,,,,,Telecommunications,Europe,United Kingdom,London,London,"London, England, United Kingdom",,England,,Rocketphone.ai,11-50,Private,Email is valid.,Google Workspace,aspmx.l.google.com,FALSE,,,,,,,,,,,,,,,,,,,,,,,,,,,,No,,,,,,,,,,Smartlead users sheet; SL users validated; campaign_leads_2026-03-23_20-27-04_results - campaign_leads_2026-03-23_20-27-04_results.csv,,,,,,,,,,false,enrich,gmail,"""2026-06-06T10:37:49.883Z""",Gmail / Google Workspace,,,,,,,,,
Rauf,T.,rauf@iolab.co,iOlab Digital Marketing,AI & Digital Marketing Consultant,,,,,,Smartlead users sheet; SL users validated; campaign_leads_2026-03-23_20-27-04_results - campaign_leads_2026-03-23_20-27-04_results.csv; Imported Leads,Yes,deliverable,No,,,,,https://iolab.co,,,,,,,,,,,,,,,,,,,,,"Medford, New Jersey, United States",https://media.licdn.com/dms/image/v2/D4E0BAQGobytopOU_nQ/company-logo_200_200/company-logo_200_200/0/1727880202387/iolab_digital_marketing_logo?e=1778112000&v=beta&t=HyYbmBdnecQb-I-SiEE320gL6u4QKz4X9WJDJ_w7ad0,,,,,https://www.linkedin.com/company/80026072,,,,,,,3,,2026-04-15T14:55:39.202Z,,,,,,,,Advertising Services,,,,,,,,,,,,,,,,,,,,,,,,,,,,Greater Philadelphia,,,,,,,urn:li:member:45450451,false,,,,,,,,,,true,https://media.licdn.com/dms/image/v2/D4E03AQGg5crEB-biCg/profile-displayphoto-shrink_100_100/profile-displayphoto-shrink_100_100/0/1710501585846?e=1778112000&v=beta&t=3c98_Xl8Ze-Nx-bzUljWi15fHYf-WFYAqmE9rbADpF0,https://www.linkedin.com/in/ACwAAAK1hNMBrHWYnLWFs0kyxqXdh3pooPIQO7g,,,,,false,,,,,,,Follows your company; Recently hired,,,,"Founder and owner of iOLab Digital Marketing, a company that provides enterprise-level solutions for small businesses, especially in the restaurant and hospitality industry. 

I use AI and data-driven insights to create personalized and engaging customer journeys across multiple platforms, including Google Ads, Meta Ads, Pinterest Ads, Facebook Ads, and Instagram Ads. I am certified in Google Ads Search, Display, and Measurement, and I have a strong expertise in omni-channel marketing, conversion rate optimization, and digital marketing automation. 

My mission is to leverage the first-party data that my clients already have to generate the best possible ROI for their campaigns. I also offer services in content marketing, email marketing, and SEO to boost brand awareness and online presence. I am passionate about helping small businesses grow and compete in the digital landscape.",,,,4 yrs 4 mos,,,,,,,false,enrich,gmail,"""2026-06-06T10:37:49.905Z""",Gmail / Google Workspace,,,,,,,,,
,,mail.admin@sopro.io,,,,,,,,Smartlead users sheet; SL users validated; campaign_leads_2026-03-23_20-27-04_results - campaign_leads_2026-03-23_20-27-04_results.csv; Imported Leads,Yes,deliverable,No,,,,,,,,,,,,,,,,,,,,,,,,,,,,,,,,,,,,,,,,,,,,,,,,,,,,,,,,,,,facebook.com/sopro.social.prospecting,2015,Marketing And Advertising,Europe,United Kingdom,Brighton,Brighton,"Brighton, England, United Kingdom",bn1 1eb,England,27-29 North Street,Sopro,201-500,Private,Email is valid.,Google Workspace,aspmx.l.google.com,FALSE,,,,,,,,,,,,,,,,,,,,,,,,,,,,No,,,,,,,,,,Smartlead users sheet; SL users validated; campaign_leads_2026-03-23_20-27-04_results - campaign_leads_2026-03-23_20-27-04_results.csv,,,,,,,,,,false,enrich,gmail,"""2026-06-06T10:37:49.892Z""",Gmail / Google Workspace,,,,,,,,,
,,jack.beecher@flybyads.co,,,,,,,,Smartlead users sheet; SL users validated; campaign_leads_2026-03-23_20-27-04_results - campaign_leads_2026-03-23_20-27-04_results.csv; Imported Leads,Yes,deliverable,No,,,,,,,,,,,,,,,,,,,,,,,,,,,,,,,,,,,,,,,,,,,,,,,,,,,,,,,,,,,,2015,Marketing And Advertising,North America,United States,Denver,Denver,"Denver, Colorado, United States",,Colorado,2615 West 25th Avenue,"Flyby Ads, Llc",1-10,Private,Email is valid.,Google Workspace,aspmx.l.google.com,FALSE,,,,,,,,,,,,,,,,,,,,,,,,,,,,No,,,,,,,,,,Smartlead users sheet; SL users validated; campaign_leads_2026-03-23_20-27-04_results - campaign_leads_2026-03-23_20-27-04_results.csv,,,,,,,,,,false,enrich,gmail,"""2026-06-06T10:37:49.944Z""",Gmail / Google Workspace,,,,,,,,,
,,alexi@chainreactions.co,,,,,,,,Smartlead users sheet; SL users validated; campaign_leads_2026-03-23_20-27-04_results - campaign_leads_2026-03-23_20-27-04_results.csv; Imported Leads,Yes,deliverable,No,,,,,,,,,,,,,,,,,,,,,,,,,,,,,,,,,,,,,,,,,,,,,,,,,,,,,,,,,,,,,Marketing And Advertising,North America,United States,Austin,Austin,"Austin, Texas, United States",,Texas,,Chain Reactions,1-10,Private,Email is valid.,Google Workspace,aspmx.l.google.com,FALSE,,,,,,,,,,,,,,,,,,,,,,,,,,,,No,,,,,,,,,,Smartlead users sheet; SL users validated; campaign_leads_2026-03-23_20-27-04_results - campaign_leads_2026-03-23_20-27-04_results.csv,,,,,,,,,,false,enrich,gmail,"""2026-06-06T10:37:49.931Z""",Gmail / Google Workspace,,,,,,,,,
,,angeli@freedommediax.com,,,,,,,,Smartlead users sheet; SL users validated; campaign_leads_2026-03-23_20-27-04_results - campaign_leads_2026-03-23_20-27-04_results.csv; Imported Leads,No,undeliverable,No,,,,,,,,,,,,,,,,,,,,,,,,,,,,,,,,,,,,,,,,,,,,,,,,,,,,,,,,,,,,2016,Marketing And Advertising,North America,United States,Chicago,Chicago,"Chicago, Illinois, United States",,Illinois,,Freedom Media Group,11-50,Private,Email is valid.,Google Workspace,aspmx.l.google.com,FALSE,,,,,,,,,,,,,,,,,,,,,,,,,,,,No,,,,,,,,,,Smartlead users sheet; SL users validated; campaign_leads_2026-03-23_20-27-04_results - campaign_leads_2026-03-23_20-27-04_results.csv,,,,,,,,,,true,enrich,,,,,,,,,,,,
Jeff,Kostermans,jeff.k@leadgenesys.com,LeadGenesys,Vice President of Marketing and Founder,,San Francisco Bay Area,United States,United States,https://www.linkedin.com/in/jeffkostermans/,Smartlead users sheet; SL users validated; campaign_leads_2026-03-23_20-27-04_results - campaign_leads_2026-03-23_20-27-04_results.csv; Imported Leads,Yes,deliverable,No,,,,,leadgenesys.com,,,,,,,,,,,,,,,,,,,,,,,,,,,,,,,,,,,,,,,,,,,,,,,,,,,,,,,,,,,,,,,,,,,,,,,,"San Francisco Bay Area, United States",gmail,"""2026-03-31T21:05:24.638Z""",Google Workspace,,,,,,,,,,,,,,,,,,,,,,,,No,No,,,,,,,,,Smartlead users sheet; SL users validated; campaign_leads_2026-03-23_20-27-04_results - campaign_leads_2026-03-23_20-27-04_results.csv; Imported Leads,FC-All engagement related to oubound leadmagnets - 1-50; Imported Leads; SL Users,,,,,,,,,false,enrich,gmail,"""2026-06-06T10:37:49.901Z""",Gmail / Google Workspace,,,,,,,,,
,,irmantas@motiejunas.lt,,,,,,,,Smartlead users sheet; SL users validated; campaign_leads_2026-03-23_20-27-04_results - campaign_leads_2026-03-23_20-27-04_results.csv; Imported Leads,Yes,deliverable,No,,,,,,,,,,,,,,,,,,,,,,,,,,,,,,,,,,,,,,,,,,,,,,,,,,,,,,,,,,,,,,,,,,,,,,,,,Email is valid.,Google Workspace,aspmx.l.google.com,FALSE,,,,,,,,,,,,,,,,,,,,,,,,,,,,No,,,,,,,,,,Smartlead users sheet; SL users validated; campaign_leads_2026-03-23_20-27-04_results - campaign_leads_2026-03-23_20-27-04_results.csv,,,,,,,,,,false,enrich,gmail,"""2026-06-06T10:37:49.883Z""",Gmail / Google Workspace,,,,,,,,,
,,kyle@outreachrevenue.com,,,,,,,,Smartlead users sheet; SL users validated; campaign_leads_2026-03-23_20-27-04_results - campaign_leads_2026-03-23_20-27-04_results.csv; Imported Leads,Yes,deliverable,No,,,,,,,,,,,,,,,,,,,,,,,,,,,,,,,,,,,,,,,,,,,,,,,,,,,,,,,,,,,,,Marketing And Advertising,North America,United States,Raleigh,Raleigh,"Raleigh, North Carolina, United States",27601,North Carolina,,Outreach Revenue,1-10,Private,Email is valid.,Google Workspace,aspmx.l.google.com,FALSE,,,,,,,,,,,,,,,,,,,,,,,,,,,,No,,,,,,,,,,Smartlead users sheet; SL users validated; campaign_leads_2026-03-23_20-27-04_results - campaign_leads_2026-03-23_20-27-04_results.csv,,,,,,,,,,false,enrich,gmail,"""2026-06-06T10:37:49.926Z""",Gmail / Google Workspace,,,,,,,,,
,,juan@harborstcapitalgroup.com,,,,,,,,Smartlead users sheet; SL users validated; campaign_leads_2026-03-23_20-27-04_results - campaign_leads_2026-03-23_20-27-04_results.csv; Imported Leads,Yes,deliverable,No,,,,,,,,,,,,,,,,,,,,,,,,,,,,,,,,,,,,,,,,,,,,,,,,,,,,,,,,,,,,,,,,,,,,,,,,,Email is valid.,Google Workspace,smtp.google.com,FALSE,,,,,,,,,,,,,,,,,,,,,,,,,,,,No,,,,,,,,,,Smartlead users sheet; SL users validated; campaign_leads_2026-03-23_20-27-04_results - campaign_leads_2026-03-23_20-27-04_results.csv,,,,,,,,,,false,enrich,,,,,,,,,,,,
,,julian@talin.co,,,,,,,,Smartlead users sheet; SL users validated; campaign_leads_2026-03-23_20-27-04_results - campaign_leads_2026-03-23_20-27-04_results.csv; Imported Leads,Yes,deliverable,No,,,,,,,,,,,,,,,,,,,,,,,,,,,,,,,,,,,,,,,,,,,,,,,,,,,,,,,,,,,,,,,,,,,,,,,,,Email is valid.,Google Workspace,aspmx.l.google.com,FALSE,,,,,,,,,,,,,,,,,,,,,,,,,,,,No,,,,,,,,,,Smartlead users sheet; SL users validated; campaign_leads_2026-03-23_20-27-04_results - campaign_leads_2026-03-23_20-27-04_results.csv,,,,,,,,,,false,enrich,gmail,"""2026-06-06T10:37:49.892Z""",Gmail / Google Workspace,,,,,,,,,
,,batu.improvcreative@gmail.com,,,,,,,,Smartlead users sheet; SL users validated; campaign_leads_2026-03-23_20-27-04_results - campaign_leads_2026-03-23_20-27-04_results.csv; Imported Leads,No,risky,No,,,,,,,,,,,,,,,,,,,,,,,,,,,,,,,,,,,,,,,,,,,,,,,,,,,,,,,,,,,,,,,,,,,,,,,,,Email is valid.,Google Workspace,gmail-smtp-in.l.google.com,FALSE,,,,,,,,,,,,,,,,,,,,,,,,,,,,No,,,,,,,,,,Smartlead users sheet; SL users validated; campaign_leads_2026-03-23_20-27-04_results - campaign_leads_2026-03-23_20-27-04_results.csv,,,,,,,,,,false,enrich,gmail,"""2026-06-06T10:37:49.559Z""",Gmail / Google Workspace,,,,,,,,,
,,it@panaskopicproductions.com,,,,,,,,Smartlead users sheet; SL users validated; campaign_leads_2026-03-23_20-27-04_results - campaign_leads_2026-03-23_20-27-04_results.csv; Imported Leads,Yes,deliverable,No,,,,,,,,,,,,,,,,,,,,,,,,,,,,,,,,,,,,,,,,,,,,,,,,,,,,,,,,,,,facebook.com/panaskopicproductions,2015,Construction,North America,United States,Vacaville,Vacaville,"Vacaville, California, United States",95688,California,640 Eubanks Court,Panaskopic Productions Llc,11-50,Private,Email is valid.,Google Workspace,aspmx.l.google.com,FALSE,,,,,,,,,,,,,,,,,,,,,,,,,,,,No,,,,,,,,,,Smartlead users sheet; SL users validated; campaign_leads_2026-03-23_20-27-04_results - campaign_leads_2026-03-23_20-27-04_results.csv,,,,,,,,,,false,enrich,gmail,"""2026-06-06T10:37:49.903Z""",Gmail / Google Workspace,,,,,,,,,
,,matt@clearmatchtalent.com,,,,,,,,Smartlead users sheet; SL users validated; campaign_leads_2026-03-23_20-27-04_results - campaign_leads_2026-03-23_20-27-04_results.csv; Imported Leads,Yes,deliverable,No,,,,,,,,,,,,,,,,,,,,,,,,,,,,,,,,,,,,,,,,,,,,,,,,,,,,,,,,,,,,,Staffing And Recruiting,North America,United States,Four States,Four States,"Four States, West Virginia, United States",,West Virginia,,Clear Match Talent,1-10,Private,Email is valid.,Google Workspace,aspmx.l.google.com,FALSE,,,,,,,,,,,,,,,,,,,,,,,,,,,,No,,,,,,,,,,Smartlead users sheet; SL users validated; campaign_leads_2026-03-23_20-27-04_results - campaign_leads_2026-03-23_20-27-04_results.csv,,,,,,,,,,false,enrich,gmail,"""2026-06-06T10:37:49.907Z""",Gmail / Google Workspace,,,,,,,,,
,,kyle@getdx.com,,,,,,,,Smartlead users sheet; SL users validated; campaign_leads_2026-03-23_20-27-04_results - campaign_leads_2026-03-23_20-27-04_results.csv; Imported Leads,Yes,deliverable,No,,,,,,,,,,,,,,,,,,,,,,,,,,,,,,,,,,,,,,,,,,,,,,,,,,,,,,,,,,,,,Computer Software,North America,United States,Salt Lake City,Salt Lake City,"Salt Lake City, Utah, United States",84101,Utah,,Dx,51-200,Private,Email is valid.,Google Workspace,aspmx.l.google.com,FALSE,,,,,,,,,,,,,,,,,,,,,,,,,,,,No,,,,,,,,,,Smartlead users sheet; SL users validated; campaign_leads_2026-03-23_20-27-04_results - campaign_leads_2026-03-23_20-27-04_results.csv,,,,,,,,,,false,enrich,gmail,"""2026-06-06T10:37:49.898Z""",Gmail / Google Workspace,,,,,,,,,
,,trystan@apexdropagency.com,,,,,,,,Smartlead users sheet; SL users validated; campaign_leads_2026-03-23_20-27-04_results - campaign_leads_2026-03-23_20-27-04_results.csv; Imported Leads,No,risky,No,,,,,,,,,,,,,,,,,,,,,,,,,,,,,,,,,,,,,,,,,,,,,,,,,,,,,,,,,,,,,,,,,,,,,,,,,Email is valid.,Google Workspace,aspmx.l.google.com,FALSE,,,,,,,,,,,,,,,,,,,,,,,,,,,,No,,,,,,,,,,Smartlead users sheet; SL users validated; campaign_leads_2026-03-23_20-27-04_results - campaign_leads_2026-03-23_20-27-04_results.csv,,,,,,,,,,false,enrich,gmail,"""2026-06-06T10:37:49.911Z""",Gmail / Google Workspace,,,,,,,,,
,,noumankhan@linkamber.com,,,,,,,,Smartlead users sheet; SL users validated; campaign_leads_2026-03-23_20-27-04_results - campaign_leads_2026-03-23_20-27-04_results.csv; Imported Leads,Yes,deliverable,No,,,,,,,,,,,,,,,,,,,,,,,,,,,,,,,,,,,,,,,,,,,,,,,,,,,,,,,,,,,,2010,Marketing And Advertising,Asia,Pakistan,León,León,"León, Castilla And León, Pakistan",24080,Castilla And León,,Linkamber,11-50,Private,Email is valid.,Google Workspace,smtp.google.com,FALSE,,,,,,,,,,,,,,,,,,,,,,,,,,,,No,,,,,,,,,,Smartlead users sheet; SL users validated; campaign_leads_2026-03-23_20-27-04_results - campaign_leads_2026-03-23_20-27-04_results.csv,,,,,,,,,,false,enrich,gmail,"""2026-06-06T10:37:49.898Z""",Gmail / Google Workspace,,,,,,,,,
,,dan@zupport.ai,,,,,,,,Smartlead users sheet; SL users validated; campaign_leads_2026-03-23_20-27-04_results - campaign_leads_2026-03-23_20-27-04_results.csv; Imported Leads,No,risky,No,,,,,,,,,,,,,,,,,,,,,,,,,,,,,,,,,,,,,,,,,,,,,,,,,,,,,,,,,,,,2024,Computer Software,Europe,United Kingdom,London,London,"London, England, United Kingdom",,England,,Zupport,1-10,Private,Email is valid.,Zoho Mail,mx.zoho.eu,FALSE,,,,,,,,,,,,,,,,,,,,,,,,,,,,No,,,,,,,,,,Smartlead users sheet; SL users validated; campaign_leads_2026-03-23_20-27-04_results - campaign_leads_2026-03-23_20-27-04_results.csv,,,,,,,,,,false,enrich,other,"""2026-06-06T10:37:50.804Z""",Other,,,,,,,,,
,,iman@talentpools.io,,,,,,,,Smartlead users sheet; SL users validated; campaign_leads_2026-03-23_20-27-04_results - campaign_leads_2026-03-23_20-27-04_results.csv; Imported Leads,Yes,deliverable,No,,,,,,,,,,,,,,,,,,,,,,,,,,,,,,,,,,,,,,,,,,,,,,,,,,,,,,,,,,,,2020,Staffing And Recruiting,Europe,United Kingdom,London,London,"London, England, United Kingdom",,England,34b York Way,Talentpools,1-10,Private,Email is valid.,Google Workspace,aspmx.l.google.com,FALSE,,,,,,,,,,,,,,,,,,,,,,,,,,,,No,,,,,,,,,,Smartlead users sheet; SL users validated; campaign_leads_2026-03-23_20-27-04_results - campaign_leads_2026-03-23_20-27-04_results.csv,,,,,,,,,,false,enrich,gmail,"""2026-06-06T10:37:49.905Z""",Gmail / Google Workspace,,,,,,,,,
Jesse,Ouellette,jesse@leadmagic.io,LeadMagic,Founder,+19086767227,Greater Boston,United States,United States,https://www.linkedin.com/in/jesseoue/,Smartlead users sheet; SL users validated; campaign_leads_2026-03-23_20-27-04_results - campaign_leads_2026-03-23_20-27-04_results.csv; Imported Leads,Yes,deliverable,No,,,,,https://www.leadmagic.io,,,,,,,,,,,,,,,,,,,,,"Boston, Massachusetts, United States",https://media.licdn.com/dms/image/v2/D560BAQGkshMOkkvjrQ/company-logo_100_100/B56ZxPAX4LIoAQ-/0/1770852024913/leadmagichq_logo?e=1778112000&v=beta&t=ayveIv3jKLim6FUWf08F7LIv_PUmhqmO2xIQ8IhkkFQ,,,,,https://www.linkedin.com/company/75153174,,,,,,,3,,2026-04-15T15:00:53.965Z,,,,,,,,Internet Publishing,,,,,,,,,,,,,,,,,,,,,,,,,,,,Greater Boston,,,,,,,urn:li:member:7419730,false,,,,,,,,,,true,https://media.licdn.com/dms/image/v2/C4E03AQGxINDEv6TrRw/profile-displayphoto-shrink_100_100/profile-displayphoto-shrink_100_100/0/1576561962633?e=1778112000&v=beta&t=coz3DXA-iS7pOF1_uVkErXkeHzrNPDdfP4DSv1X63WI,https://www.linkedin.com/in/ACwAAABxN1IB5KvJEPlf2C4dQexCFLHbsgyftlw,,,,,false,,,,,,,Follows your company,,,,SaaS Founder,,,,3 yrs 8 mos,,,,,,,false,enrich,gmail,"""2026-06-06T10:37:49.874Z""",Gmail / Google Workspace,,,,,,,,,
Saleh,Nabil,saleh@xpandeast.com,Xpandeast,Founder / Growth Director,,,,,,Smartlead users sheet; SL users validated; campaign_leads_2026-03-23_20-27-04_results - campaign_leads_2026-03-23_20-27-04_results.csv; Imported Leads,Yes,deliverable,No,,,,,https://xpandeast.com,,,,,,,,,,,,,,,,,,,,,"Petaling Jaya, Selangor, Malaysia",https://media.licdn.com/dms/image/v2/D560BAQF1RVsiZXKBOA/company-logo_200_200/company-logo_200_200/0/1709537490913/pt_bernas_buana_nusantara_logo?e=1776902400&v=beta&t=eJeyiHtaIKRSsKmQE4rckDoiGA-srKMcXOD9Udl1fdM,,,,,https://www.linkedin.com/company/99133879,,,,,,,3,,2026-04-01T11:41:48.498Z,,,,,,,,Business Consulting and Services,,,,,,,,,,,,,,,,,,,,,,,,,,,,Jakarta Metropolitan Area,,,,,,,urn:li:member:245571726,true,,,,,,,,,,true,https://media.licdn.com/dms/image/v2/D4E03AQEfH9wAHCU5tg/profile-displayphoto-scale_100_100/B4EZfJHpkcHsAc-/0/1751425917900?e=1776902400&v=beta&t=Q_lZJ2FeRQVtkUiQmKPeW0Q4YHmLeGrYdojoBZn-410,https://www.linkedin.com/in/ACwAAA6jII4BDnKz5C7G1RQA4yZdMYIaWSgTVeg,,,,,false,,,,,,,Follows your company; 2 recent posts on Linkedin,,,,"Most Western cold outreach playbooks die in Asia and the Middle East.

If you're a GTM leader expanding into APAC or MENA, you’ve probably felt it. You can't automate trust in a relationship-first culture. A 7-step email sequence doesn't build local authority.

So, we take a different route at XpandEast.

I run a 60+ person team of native GTM specialists across these regions. Instead of making your SDRs cold-call buyers who don't know them, we use localized content to build a real, engaged network out of your exact target audience.

We build the audience. We engineer the trust. The pipeline follows.

Over the last 12 months, this playbook delivered:

$5.75M+ Annual Pipeline Generated

Hundreds of Monthly Qualified Meetings Booked

<60 Days to First Pipeline

I don't keep the strategy a secret. I share exactly how we do this, the cultural nuances, the content plays, and the market entry tactics in my private newsletter.

It's a closed circle of GTM leaders figuring out how to actually win and scale in Asia.

Join us here: https://xpandeast.com/newsletter",,,,3 yrs 4 mos,,,,,,,false,enrich,gmail,"""2026-06-06T10:37:49.892Z""",Gmail / Google Workspace,,,,,,,,,
,,arthurmarshall@skynetsolutions.uk,,,,,,,,Smartlead users sheet; SL users validated; campaign_leads_2026-03-23_20-27-04_results - campaign_leads_2026-03-23_20-27-04_results.csv; Imported Leads,Yes,deliverable,No,,,,,,,,,,,,,,,,,,,,,,,,,,,,,,,,,,,,,,,,,,,,,,,,,,,,,,,,,,,,,,,,,,,,,,,,,Email is valid.,Google Workspace,smtp.google.com,FALSE,,,,,,,,,,,,,,,,,,,,,,,,,,,,No,,,,,,,,,,Smartlead users sheet; SL users validated; campaign_leads_2026-03-23_20-27-04_results - campaign_leads_2026-03-23_20-27-04_results.csv,,,,,,,,,,false,enrich,gmail,"""2026-06-06T10:37:49.898Z""",Gmail / Google Workspace,,,,,,,,,
,,paul.bouche@aivoni.com,,,,,,,,Smartlead users sheet; SL users validated; campaign_leads_2026-03-23_20-27-04_results - campaign_leads_2026-03-23_20-27-04_results.csv; Imported Leads,Yes,deliverable,No,,,,,,,,,,,,,,,,,,,,,,,,,,,,,,,,,,,,,,,,,,,,,,,,,,,,,,,,,,,,,,,,,,,,,,,,,Email is valid.,Google Workspace,aspmx.l.google.com,FALSE,,,,,,,,,,,,,,,,,,,,,,,,,,,,No,,,,,,,,,,Smartlead users sheet; SL users validated; campaign_leads_2026-03-23_20-27-04_results - campaign_leads_2026-03-23_20-27-04_results.csv,,,,,,,,,,false,enrich,gmail,"""2026-06-06T10:37:49.922Z""",Gmail / Google Workspace,,,,,,,,,
,,ben@playbooksystems.io,,,,,,,,Smartlead users sheet; SL users validated; campaign_leads_2026-03-23_20-27-04_results - campaign_leads_2026-03-23_20-27-04_results.csv; Imported Leads,No,undeliverable,No,,,,,,,,,,,,,,,,,,,,,,,,,,,,,,,,,,,,,,,,,,,,,,,,,,,,,,,,,,,,,Marketing And Advertising,,,,,,,,,Playbook Systems,1-10,Private,Email is valid.,Google Workspace,aspmx.l.google.com,FALSE,,,,,,,,,,,,,,,,,,,,,,,,,,,,No,,,,,,,,,,Smartlead users sheet; SL users validated; campaign_leads_2026-03-23_20-27-04_results - campaign_leads_2026-03-23_20-27-04_results.csv,,,,,,,,,,true,enrich,,,,,,,,,,,,
,,danny@dgabizdev.com,,,,,,,,Smartlead users sheet; SL users validated; campaign_leads_2026-03-23_20-27-04_results - campaign_leads_2026-03-23_20-27-04_results.csv; Imported Leads,Yes,deliverable,No,,,,,,,,,,,,,,,,,,,,,,,,,,,,,,,,,,,,,,,,,,,,,,,,,,,,,,,,,,,,,,,,,,,,,,,,,Email is valid.,Google Workspace,aspmx.l.google.com,FALSE,,,,,,,,,,,,,,,,,,,,,,,,,,,,No,,,,,,,,,,Smartlead users sheet; SL users validated; campaign_leads_2026-03-23_20-27-04_results - campaign_leads_2026-03-23_20-27-04_results.csv,,,,,,,,,,false,enrich,gmail,"""2026-06-06T10:37:49.914Z""",Gmail / Google Workspace,,,,,,,,,
,,luigione.an@gmail.com,,,,,,,,Smartlead users sheet; SL users validated; campaign_leads_2026-03-23_20-27-04_results - campaign_leads_2026-03-23_20-27-04_results.csv; Imported Leads,No,risky,No,,,,,,,,,,,,,,,,,,,,,,,,,,,,,,,,,,,,,,,,,,,,,,,,,,,,,,,,,,,,,,,,,,,,,,,,,Email is valid.,Google Workspace,gmail-smtp-in.l.google.com,FALSE,,,,,,,,,,,,,,,,,,,,,,,,,,,,No,,,,,,,,,,Smartlead users sheet; SL users validated; campaign_leads_2026-03-23_20-27-04_results - campaign_leads_2026-03-23_20-27-04_results.csv,,,,,,,,,,false,enrich,gmail,"""2026-06-06T10:37:49.559Z""",Gmail / Google Workspace,,,,,,,,,
,,dara@salesask.com,,,,,,,,Smartlead users sheet; SL users validated; campaign_leads_2026-03-23_20-27-04_results - campaign_leads_2026-03-23_20-27-04_results.csv; Imported Leads,Yes,deliverable,No,,,,,,,,,,,,,,,,,,,,,,,,,,,,,,,,,,,,,,,,,,,,,,,,,,,,,,,,,,,,,Computer Software,North America,United States,San Francisco,San Francisco,"San Francisco, California, United States",,California,,Sales Ask,11-50,Private,Email is valid.,Google Workspace,aspmx.l.google.com,FALSE,,,,,,,,,,,,,,,,,,,,,,,,,,,,No,,,,,,,,,,Smartlead users sheet; SL users validated; campaign_leads_2026-03-23_20-27-04_results - campaign_leads_2026-03-23_20-27-04_results.csv,,,,,,,,,,false,enrich,gmail,"""2026-06-06T10:37:49.892Z""",Gmail / Google Workspace,,,,,,,,,
,,tom@helply.com,,,,,,,,Smartlead users sheet; SL users validated; campaign_leads_2026-03-23_20-27-04_results - campaign_leads_2026-03-23_20-27-04_results.csv; Imported Leads,No,risky,No,,,,,,,,,,,,,,,,,,,,,,,,,,,,,,,,,,,,,,,,,,,,,,,,,,,,,,,,,,,,2024,Computer Software,North America,United States,Newport,Newport,"Newport, Rhode Island, United States",2840,Rhode Island,,Helply,1-10,Private,Email is valid.,Google Workspace,aspmx.l.google.com,FALSE,,,,,,,,,,,,,,,,,,,,,,,,,,,,No,,,,,,,,,,Smartlead users sheet; SL users validated; campaign_leads_2026-03-23_20-27-04_results - campaign_leads_2026-03-23_20-27-04_results.csv,,,,,,,,,,false,enrich,gmail,"""2026-06-06T10:37:49.903Z""",Gmail / Google Workspace,,,,,,,,,
,,kaustubh@ecomswap.io,,,,,,,,Smartlead users sheet; SL users validated; campaign_leads_2026-03-23_20-27-04_results - campaign_leads_2026-03-23_20-27-04_results.csv; Imported Leads,Yes,deliverable,No,,,,,,,,,,,,,,,,,,,,,,,,,,,,,,,,,,,,,,,,,,,,,,,,,,,,,,,,,,,,,Financial Services,,,,,,,,,Ecomswap.io,1-10,Private,Email is valid.,Google Workspace,aspmx.l.google.com,FALSE,,,,,,,,,,,,,,,,,,,,,,,,,,,,No,,,,,,,,,,Smartlead users sheet; SL users validated; campaign_leads_2026-03-23_20-27-04_results - campaign_leads_2026-03-23_20-27-04_results.csv,,,,,,,,,,true,enrich,,,,,,,,,,,,
,,samt@supanote.ai,,,,,,,,Smartlead users sheet; SL users validated; campaign_leads_2026-03-23_20-27-04_results - campaign_leads_2026-03-23_20-27-04_results.csv; Imported Leads,Yes,deliverable,No,,,,,,,,,,,,,,,,,,,,,,,,,,,,,,,,,,,,,,,,,,,,,,,,,,,,,,,,,,,,,Mental Health Care,North America,United States,San Francisco,San Francisco,"San Francisco, California, United States",,California,15th Street,Supanote Ai,1-10,Private,Email is valid.,Google Workspace,aspmx.l.google.com,FALSE,,,,,,,,,,,,,,,,,,,,,,,,,,,,No,,,,,,,,,,Smartlead users sheet; SL users validated; campaign_leads_2026-03-23_20-27-04_results - campaign_leads_2026-03-23_20-27-04_results.csv,,,,,,,,,,false,enrich,gmail,"""2026-06-06T10:37:49.624Z""",Gmail / Google Workspace,,,,,,,,,
,,luke@fierolearning.com,,,,,,,,Smartlead users sheet; SL users validated; campaign_leads_2026-03-23_20-27-04_results - campaign_leads_2026-03-23_20-27-04_results.csv; Imported Leads,Yes,deliverable,No,,,,,,,,,,,,,,,,,,,,,,,,,,,,,,,,,,,,,,,,,,,,,,,,,,,,,,,,,,,,2022,Higher Education,North America,United States,Forest Grove,Forest Grove,"Forest Grove, Oregon, United States",97116,Oregon,,Fiero Learning,1-10,Private,Email is valid.,Google Workspace,ASPMX.L.GOOGLE.com,FALSE,,,,,,,,,,,,,,,,,,,,,,,,,,,,No,,,,,,,,,,Smartlead users sheet; SL users validated; campaign_leads_2026-03-23_20-27-04_results - campaign_leads_2026-03-23_20-27-04_results.csv,,,,,,,,,,false,enrich,,,,,,,,,,,,
,,hello@danielkelley.me,,,,,,,,Smartlead users sheet; SL users validated; campaign_leads_2026-03-23_20-27-04_results - campaign_leads_2026-03-23_20-27-04_results.csv; Imported Leads,Yes,deliverable,No,,,,,,,,,,,,,,,,,,,,,,,,,,,,,,,,,,,,,,,,,,,,,,,,,,,,,,,,,,,,,,Europe,United Kingdom,London,London,"London, Greater London, United Kingdom",,Greater London,,Cybersecurity And Growth,11-50,Private,Email is valid.,Google Workspace,aspmx.l.google.com,FALSE,,,,,,,,,,,,,,,,,,,,,,,,,,,,No,,,,,,,,,,Smartlead users sheet; SL users validated; campaign_leads_2026-03-23_20-27-04_results - campaign_leads_2026-03-23_20-27-04_results.csv,,,,,,,,,,false,enrich,gmail,"""2026-06-06T10:37:49.667Z""",Gmail / Google Workspace,,,,,,,,,
,,wes@cortovideo.com,,,,,,,,Smartlead users sheet; SL users validated; campaign_leads_2026-03-23_20-27-04_results - campaign_leads_2026-03-23_20-27-04_results.csv; Imported Leads,Yes,deliverable,No,,,,,,,,,,,,,,,,,,,,,,,,,,,,,,,,,,,,,,,,,,,,,,,,,,,,,,,,,,,,,,,,,,,,,,,,,Email is valid.,Google Workspace,aspmx.l.google.com,FALSE,,,,,,,,,,,,,,,,,,,,,,,,,,,,No,,,,,,,,,,Smartlead users sheet; SL users validated; campaign_leads_2026-03-23_20-27-04_results - campaign_leads_2026-03-23_20-27-04_results.csv,,,,,,,,,,false,enrich,gmail,"""2026-06-06T10:37:49.898Z""",Gmail / Google Workspace,,,,,,,,,
,,matt@airops.com,,,,,,,,Smartlead users sheet; SL users validated; campaign_leads_2026-03-23_20-27-04_results - campaign_leads_2026-03-23_20-27-04_results.csv; Imported Leads,Yes,deliverable,No,,,,,,,,,,,,,,,,,,,,,,,,,,,,,,,,,,,,,,,,,,,,,,,,,,,,,,,,,,,,2021,Computer Software,North America,United States,San Francisco,San Francisco,"San Francisco, California, United States",94109,California,,Airops,11-50,Private,Email is valid.,Google Workspace,aspmx.l.google.com,FALSE,,,,,,,,,,,,,,,,,,,,,,,,,,,,No,,,,,,,,,,Smartlead users sheet; SL users validated; campaign_leads_2026-03-23_20-27-04_results - campaign_leads_2026-03-23_20-27-04_results.csv,,,,,,,,,,false,enrich,gmail,"""2026-06-06T10:37:49.677Z""",Gmail / Google Workspace,,,,,,,,,
,,jharris@harrisinternet.com,,,,,,,,Smartlead users sheet; SL users validated; campaign_leads_2026-03-23_20-27-04_results - campaign_leads_2026-03-23_20-27-04_results.csv; Imported Leads,Yes,deliverable,No,,,,,,,,,,,,,,,,,,,,,,,,,,,,,,,,,,,,,,,,,,,,,,,,,,,,,,,,,,,,2013,Marketing And Advertising,North America,United States,Pinellas Park,Pinellas Park,"Pinellas Park, Florida, United States",,Florida,8200 66th Street North,Harris Internet,1-10,Private,Email is valid.,Google Workspace,aspmx.l.google.com,FALSE,,,,,,,,,,,,,,,,,,,,,,,,,,,,No,,,,,,,,,,Smartlead users sheet; SL users validated; campaign_leads_2026-03-23_20-27-04_results - campaign_leads_2026-03-23_20-27-04_results.csv,,,,,,,,,,false,enrich,gmail,"""2026-06-06T10:37:49.694Z""",Gmail / Google Workspace,,,,,,,,,
,,stanislaus.brahmane@speedleadconsulting.com,,,,,,,,Smartlead users sheet; SL users validated; campaign_leads_2026-03-23_20-27-04_results - campaign_leads_2026-03-23_20-27-04_results.csv; Imported Leads,Yes,deliverable,No,,,,,,,,,,,,,,,,,,,,,,,,,,,,,,,,,,,,,,,,,,,,,,,,,,,,,,,,,,,,,,,,,,,,,,,,,Email is valid.,Google Workspace,SMTP.GOOGLE.com,FALSE,,,,,,,,,,,,,,,,,,,,,,,,,,,,No,,,,,,,,,,Smartlead users sheet; SL users validated; campaign_leads_2026-03-23_20-27-04_results - campaign_leads_2026-03-23_20-27-04_results.csv,,,,,,,,,,false,enrich,gmail,"""2026-06-06T10:37:49.901Z""",Gmail / Google Workspace,,,,,,,,,
Sean,Jones,sean@wolfscale.com,Wolfscale,Founder and Growth Advisor,,Seattle,Washington,United States,https://www.linkedin.com/in/seanjones4thewin/,Smartlead users sheet; SL users validated; campaign_leads_2026-03-23_20-27-04_results - campaign_leads_2026-03-23_20-27-04_results.csv; Imported Leads,Yes,deliverable,No,,,,,wolfscale.com,,,,,,,,,,,,,,,,,,,,,,,,,,,,,,,,,,,,,,,,,,,,,,,,,,,,,,,,,,,,,,,,,,,,,,,,"Seattle, Washington, United States",gmail,"""2026-03-31T21:04:53.328Z""",Google Workspace,,,,,,,,,,,,,,,,,,,,,,,,No,No,,,,,,,,,Smartlead users sheet; SL users validated; campaign_leads_2026-03-23_20-27-04_results - campaign_leads_2026-03-23_20-27-04_results.csv; Imported Leads,Tier 1; Imported Leads; SL Users,,,,,,,,,false,enrich,gmail,"""2026-06-06T10:37:49.667Z""",Gmail / Google Workspace,,,,,,,,,
,,will@ttagz.co.uk,,,,,,,,Smartlead users sheet; SL users validated; campaign_leads_2026-03-23_20-27-04_results - campaign_leads_2026-03-23_20-27-04_results.csv; Imported Leads,Yes,deliverable,No,,,,,,,,,,,,,,,,,,,,,,,,,,,,,,,,,,,,,,,,,,,,,,,,,,,,,,,,,,,,2020,Marketing And Advertising,Europe,United Kingdom,Wandsworth,Wandsworth,"Wandsworth, England, United Kingdom",sw17 8tr,England,65 Eswyn Road,Ttagz,1-10,Private,Email is valid.,Google Workspace,aspmx.l.google.com,FALSE,,,,,,,,,,,,,,,,,,,,,,,,,,,,No,,,,,,,,,,Smartlead users sheet; SL users validated; campaign_leads_2026-03-23_20-27-04_results - campaign_leads_2026-03-23_20-27-04_results.csv,,,,,,,,,,false,enrich,gmail,"""2026-06-06T10:37:49.678Z""",Gmail / Google Workspace,,,,,,,,,
,,digital@josebrizida.com,,,,,,,,Smartlead users sheet; SL users validated; campaign_leads_2026-03-23_20-27-04_results - campaign_leads_2026-03-23_20-27-04_results.csv; Imported Leads,Yes,deliverable,No,,,,,,,,,,,,,,,,,,,,,,,,,,,,,,,,,,,,,,,,,,,,,,,,,,,,,,,,,,,,,,,,,,,,,,,,,Email is valid.,,mail-pt.securemail.pro,FALSE,,,,,,,,,,,,,,,,,,,,,,,,,,,,No,,,,,,,,,,Smartlead users sheet; SL users validated; campaign_leads_2026-03-23_20-27-04_results - campaign_leads_2026-03-23_20-27-04_results.csv,,,,,,,,,,false,enrich,other,"""2026-06-06T10:37:50.024Z""",Other,,,,,,,,,
,,daniel@zippedscript.com,,,,,,,,Smartlead users sheet; SL users validated; campaign_leads_2026-03-23_20-27-04_results - campaign_leads_2026-03-23_20-27-04_results.csv; Imported Leads,Yes,deliverable,No,,,,,,,,,,,,,,,,,,,,,,,,,,,,,,,,,,,,,,,,,,,,,,,,,,,,,,,,,,,,,Staffing And Recruiting,North America,Canada,Toronto,Toronto,"Toronto, Ontario, Canada",,Ontario,,Zippedscript,11-50,Private,Email is valid.,Google Workspace,aspmx.l.google.com,FALSE,,,,,,,,,,,,,,,,,,,,,,,,,,,,No,,,,,,,,,,Smartlead users sheet; SL users validated; campaign_leads_2026-03-23_20-27-04_results - campaign_leads_2026-03-23_20-27-04_results.csv,,,,,,,,,,false,enrich,gmail,"""2026-06-06T10:37:49.657Z""",Gmail / Google Workspace,,,,,,,,,
,,elliot@platter.co,,,,,,,,Smartlead users sheet; SL users validated; campaign_leads_2026-03-23_20-27-04_results - campaign_leads_2026-03-23_20-27-04_results.csv; Imported Leads,Yes,deliverable,No,,,,,,,,,,,,,,,,,,,,,,,,,,,,,,,,,,,,,,,,,,,,,,,,,,,,,,,,,,,,2021,Internet,North America,United States,New York,New York,"New York, New York, United States",10012,New York,,Platter,11-50,Private,Email is valid.,Google Workspace,aspmx.l.google.com,FALSE,,,,,,,,,,,,,,,,,,,,,,,,,,,,No,,,,,,,,,,Smartlead users sheet; SL users validated; campaign_leads_2026-03-23_20-27-04_results - campaign_leads_2026-03-23_20-27-04_results.csv,,,,,,,,,,false,enrich,gmail,"""2026-06-06T10:37:49.903Z""",Gmail / Google Workspace,,,,,,,,,
David,Klasser,david@explodingleads.com,,Founder,,Kansas City,,Missouri,https://www.linkedin.com/in/davidklasser/,Smartlead users sheet; SL users validated; campaign_leads_2026-03-23_20-27-04_results - campaign_leads_2026-03-23_20-27-04_results.csv; Imported Leads,Yes,deliverable,No,,,,,explodingleads.com,,,,,,,,,,,,,,,,,,,,,,,,,,,,,,,Exploding Leads,,,,,,,,,,,,,,,,,,,,,,,,,,,,,,,,,,,,,,,,,"Kansas City, Missouri, United States",,,,,,,,,,,,,,,,,,,,,,,,,,,No,,,,,,,,,,Smartlead users sheet; SL users validated; campaign_leads_2026-03-23_20-27-04_results - campaign_leads_2026-03-23_20-27-04_results.csv; Imported Leads,,,,,,,,,,false,enrich,gmail,"""2026-06-06T10:37:49.678Z""",Gmail / Google Workspace,,,,,,,,,
,,richard@palmb2b.com,,,,,,,,Smartlead users sheet; SL users validated; campaign_leads_2026-03-23_20-27-04_results - campaign_leads_2026-03-23_20-27-04_results.csv; Imported Leads,Yes,deliverable,No,,,,,,,,,,,,,,,,,,,,,,,,,,,,,,,,,,,,,,,,,,,,,,,,,,,,,,,,,,,,,,,,,,,,,,,,,Email is valid.,Google Workspace,aspmx.l.google.com,FALSE,,,,,,,,,,,,,,,,,,,,,,,,,,,,No,,,,,,,,,,Smartlead users sheet; SL users validated; campaign_leads_2026-03-23_20-27-04_results - campaign_leads_2026-03-23_20-27-04_results.csv,,,,,,,,,,false,enrich,gmail,"""2026-06-06T10:37:49.657Z""",Gmail / Google Workspace,,,,,,,,,
,,chandra@getsearchpie.com,,,,,,,,Smartlead users sheet; SL users validated; campaign_leads_2026-03-23_20-27-04_results - campaign_leads_2026-03-23_20-27-04_results.csv; Imported Leads,Yes,deliverable,No,,,,,,,,,,,,,,,,,,,,,,,,,,,,,,,,,,,,,,,,,,,,,,,,,,,,,,,,,,,,2023,,Asia,India,Bangalore,Bangalore,"Bangalore, Karnataka, India",,Karnataka,8th Main,Search Pie,1-10,Private,Email is valid.,Google Workspace,ASPMX.L.GOOGLE.com,FALSE,,,,,,,,,,,,,,,,,,,,,,,,,,,,No,,,,,,,,,,Smartlead users sheet; SL users validated; campaign_leads_2026-03-23_20-27-04_results - campaign_leads_2026-03-23_20-27-04_results.csv,,,,,,,,,,false,enrich,,,,,,,,,,,,
,,ikfwdubai2019@gmail.com,,,,,,,,Smartlead users sheet; SL users validated; campaign_leads_2026-03-23_20-27-04_results - campaign_leads_2026-03-23_20-27-04_results.csv; Imported Leads,No,risky,No,,,,,,,,,,,,,,,,,,,,,,,,,,,,,,,,,,,,,,,,,,,,,,,,,,,,,,,,,,,,,,,,,,,,,,,,,Email is valid.,Google Workspace,gmail-smtp-in.l.google.com,FALSE,,,,,,,,,,,,,,,,,,,,,,,,,,,,No,,,,,,,,,,Smartlead users sheet; SL users validated; campaign_leads_2026-03-23_20-27-04_results - campaign_leads_2026-03-23_20-27-04_results.csv,,,,,,,,,,false,enrich,gmail,"""2026-06-06T10:37:49.559Z""",Gmail / Google Workspace,,,,,,,,,
,,alex.choi@hockeystack.com,,,,,,,,Smartlead users sheet; SL users validated; campaign_leads_2026-03-23_20-27-04_results - campaign_leads_2026-03-23_20-27-04_results.csv; Imported Leads,No,undeliverable,No,,,,,,,,,,,,,,,,,,,,,,,,,,,,,,,,,,,,,,,,,,,,,,,,,,,,,,,,,,,facebook.com/hockeystack,2021,Computer Software,North America,United States,San Francisco,San Francisco,"San Francisco, California, United States",,California,,Hockeystack,51-200,Private,Email is valid.,Google Workspace,aspmx.l.google.com,FALSE,,,,,,,,,,,,,,,,,,,,,,,,,,,,No,,,,,,,,,,Smartlead users sheet; SL users validated; campaign_leads_2026-03-23_20-27-04_results - campaign_leads_2026-03-23_20-27-04_results.csv,,,,,,,,,,false,enrich,gmail,"""2026-06-06T10:37:49.667Z""",Gmail / Google Workspace,,,,,,,,,
,,juillardlee@gmail.com,,,,,,,,Smartlead users sheet; SL users validated; campaign_leads_2026-03-23_20-27-04_results - campaign_leads_2026-03-23_20-27-04_results.csv; Imported Leads,No,risky,No,,,,,,,,,,,,,,,,,,,,,,,,,,,,,,,,,,,,,,,,,,,,,,,,,,,,,,,,,,,,,,,,,,,,,,,,,Email is valid.,Google Workspace,gmail-smtp-in.l.google.com,FALSE,,,,,,,,,,,,,,,,,,,,,,,,,,,,No,,,,,,,,,,Smartlead users sheet; SL users validated; campaign_leads_2026-03-23_20-27-04_results - campaign_leads_2026-03-23_20-27-04_results.csv,,,,,,,,,,false,enrich,gmail,"""2026-06-06T10:37:49.559Z""",Gmail / Google Workspace,,,,,,,,,
,,mykyta@wisdms.com,,,,,,,,Smartlead users sheet; SL users validated; campaign_leads_2026-03-23_20-27-04_results - campaign_leads_2026-03-23_20-27-04_results.csv; Imported Leads,Yes,deliverable,No,,,,,,,,,,,,,,,,,,,,,,,,,,,,,,,,,,,,,,,,,,,,,,,,,,,,,,,,,,,,2023,Marketing And Advertising,North America,United States,Los Angeles,Los Angeles,"Los Angeles, California, United States",,California,,Wisdms,1-10,Private,Email is valid.,Google Workspace,aspmx.l.google.com,FALSE,,,,,,,,,,,,,,,,,,,,,,,,,,,,No,,,,,,,,,,Smartlead users sheet; SL users validated; campaign_leads_2026-03-23_20-27-04_results - campaign_leads_2026-03-23_20-27-04_results.csv,,,,,,,,,,false,enrich,gmail,"""2026-06-06T10:37:49.667Z""",Gmail / Google Workspace,,,,,,,,,
,,info@growthautomation.ai,,,,,,,,Smartlead users sheet; SL users validated; campaign_leads_2026-03-23_20-27-04_results - campaign_leads_2026-03-23_20-27-04_results.csv; Imported Leads,Yes,deliverable,No,,,,,,,,,,,,,,,,,,,,,,,,,,,,,,,,,,,,,,,,,,,,,,,,,,,,,,,,,,,,,Computer Software,,,,,,,,,Growth Automation,1-10,Private,Email is valid.,Google Workspace,smtp.google.com,FALSE,,,,,,,,,,,,,,,,,,,,,,,,,,,,No,,,,,,,,,,Smartlead users sheet; SL users validated; campaign_leads_2026-03-23_20-27-04_results - campaign_leads_2026-03-23_20-27-04_results.csv,,,,,,,,,,false,enrich,gmail,"""2026-06-06T10:37:49.677Z""",Gmail / Google Workspace,,,,,,,,,
,,neil@salgoai.com,,,,,,,,Smartlead users sheet; SL users validated; campaign_leads_2026-03-23_20-27-04_results - campaign_leads_2026-03-23_20-27-04_results.csv; Imported Leads,Yes,deliverable,No,,,,,,,,,,,,,,,,,,,,,,,,,,,,,,,,,,,,,,,,,,,,,,,,,,,,,,,,,,,,,,,,,,,,,,,,,Email is valid.,Google Workspace,aspmx.l.google.com,FALSE,,,,,,,,,,,,,,,,,,,,,,,,,,,,No,,,,,,,,,,Smartlead users sheet; SL users validated; campaign_leads_2026-03-23_20-27-04_results - campaign_leads_2026-03-23_20-27-04_results.csv,,,,,,,,,,false,enrich,gmail,"""2026-06-06T10:37:49.926Z""",Gmail / Google Workspace,,,,,,,,,
,,paul@belliata.com,,,,,,,,Smartlead users sheet; SL users validated; campaign_leads_2026-03-23_20-27-04_results - campaign_leads_2026-03-23_20-27-04_results.csv; Imported Leads,Yes,deliverable,No,,,,,,,,,,,,,,,,,,,,,,,,,,,,,,,,,,,,,,,,,,,,,,,,,,,,,,,,,,,,,,,,,,,,,,,,,Email is valid.,Google Workspace,aspmx.l.google.com,FALSE,,,,,,,,,,,,,,,,,,,,,,,,,,,,No,,,,,,,,,,Smartlead users sheet; SL users validated; campaign_leads_2026-03-23_20-27-04_results - campaign_leads_2026-03-23_20-27-04_results.csv,,,,,,,,,,false,enrich,gmail,"""2026-06-06T10:37:49.667Z""",Gmail / Google Workspace,,,,,,,,,
,,rush@persana.ai,,,,,,,,Smartlead users sheet; SL users validated; campaign_leads_2026-03-23_20-27-04_results - campaign_leads_2026-03-23_20-27-04_results.csv; Imported Leads,Yes,deliverable,No,,,,,,,,,,,,,,,,,,,,,,,,,,,,,,,,,,,,,,,,,,,,,,,,,,,,,,,,,,,,2023,Consumer Services,North America,United States,San Francisco,San Francisco,"San Francisco, California, United States",,California,,Persana Ai,1-10,Private,Email is valid.,Google Workspace,smtp.google.com,FALSE,,,,,,,,,,,,,,,,,,,,,,,,,,,,No,,,,,,,,,,Smartlead users sheet; SL users validated; campaign_leads_2026-03-23_20-27-04_results - campaign_leads_2026-03-23_20-27-04_results.csv,,,,,,,,,,false,enrich,gmail,"""2026-06-06T10:37:49.677Z""",Gmail / Google Workspace,,,,,,,,,
,,kion@warmleads.xyz,,,,,,,,Smartlead users sheet; SL users validated; campaign_leads_2026-03-23_20-27-04_results - campaign_leads_2026-03-23_20-27-04_results.csv; Imported Leads,Yes,deliverable,No,,,,,,,,,,,,,,,,,,,,,,,,,,,,,,,,,,,,,,,,,,,,,,,,,,,,,,,,,,,,,,,,,,,,,,,,,Email is valid.,Google Workspace,aspmx.l.google.com,FALSE,,,,,,,,,,,,,,,,,,,,,,,,,,,,No,,,,,,,,,,Smartlead users sheet; SL users validated; campaign_leads_2026-03-23_20-27-04_results - campaign_leads_2026-03-23_20-27-04_results.csv,,,,,,,,,,false,enrich,gmail,"""2026-06-06T10:37:49.922Z""",Gmail / Google Workspace,,,,,,,,,
,,hello@anmolbajaj.com,,,,,,,,Smartlead users sheet; SL users validated; campaign_leads_2026-03-23_20-27-04_results - campaign_leads_2026-03-23_20-27-04_results.csv; Imported Leads,Yes,deliverable,No,,,,,,,,,,,,,,,,,,,,,,,,,,,,,,,,,,,,,,,,,,,,,,,,,,,,,,,,,,,,,,,,,,,,,,,,,Email is valid.,Google Workspace,aspmx.l.google.com,FALSE,,,,,,,,,,,,,,,,,,,,,,,,,,,,No,,,,,,,,,,Smartlead users sheet; SL users validated; campaign_leads_2026-03-23_20-27-04_results - campaign_leads_2026-03-23_20-27-04_results.csv,,,,,,,,,,false,enrich,gmail,"""2026-06-06T10:37:49.678Z""",Gmail / Google Workspace,,,,,,,,,
,,nitish@super.ai,,,,,,,,Smartlead users sheet; SL users validated; campaign_leads_2026-03-23_20-27-04_results - campaign_leads_2026-03-23_20-27-04_results.csv; Imported Leads,Yes,deliverable,No,,,,,,,,,,,,,,,,,,,,,,,,,,,,,,,,,,,,,,,,,,,,,,,,,,,,,,,,,,,facebook.com/mysuperai,2018,Computer Software,Europe,Germany,,,,,Berlin,114a Friedrichstr.,Super.ai,11-50,Private,Email is valid.,Google Workspace,aspmx.l.google.com,FALSE,,,,,,,,,,,,,,,,,,,,,,,,,,,,No,,,,,,,,,,Smartlead users sheet; SL users validated; campaign_leads_2026-03-23_20-27-04_results - campaign_leads_2026-03-23_20-27-04_results.csv,,,,,,,,,,false,enrich,gmail,"""2026-06-06T10:37:49.678Z""",Gmail / Google Workspace,,,,,,,,,
,,warmdtf@gmail.com,,,,,,,,Smartlead users sheet; SL users validated; campaign_leads_2026-03-23_20-27-04_results - campaign_leads_2026-03-23_20-27-04_results.csv; Imported Leads,No,risky,No,,,,,,,,,,,,,,,,,,,,,,,,,,,,,,,,,,,,,,,,,,,,,,,,,,,,,,,,,,,,,,,,,,,,,,,,,Email is valid.,Google Workspace,gmail-smtp-in.l.google.com,FALSE,,,,,,,,,,,,,,,,,,,,,,,,,,,,No,,,,,,,,,,Smartlead users sheet; SL users validated; campaign_leads_2026-03-23_20-27-04_results - campaign_leads_2026-03-23_20-27-04_results.csv,,,,,,,,,,false,enrich,gmail,"""2026-06-06T10:37:49.559Z""",Gmail / Google Workspace,,,,,,,,,
,,tadas@genus.ai,,,,,,,,Smartlead users sheet; SL users validated; campaign_leads_2026-03-23_20-27-04_results - campaign_leads_2026-03-23_20-27-04_results.csv; Imported Leads,Yes,deliverable,No,,,,,,,,,,,,,,,,,,,,,,,,,,,,,,,,,,,,,,,,,,,,,,,,,,,,,,,,,,,facebook.com/genusai,2017,Information Technology And Services,North America,United States,Brentwood,Brentwood,"Brentwood, Tennessee, United States",37027,Tennessee,214 Overlook Circle,Genus Ai,11-50,Private,Email is valid.,Google Workspace,aspmx.l.google.com,FALSE,,,,,,,,,,,,,,,,,,,,,,,,,,,,No,,,,,,,,,,Smartlead users sheet; SL users validated; campaign_leads_2026-03-23_20-27-04_results - campaign_leads_2026-03-23_20-27-04_results.csv,,,,,,,,,,false,enrich,gmail,"""2026-06-06T10:37:49.678Z""",Gmail / Google Workspace,,,,,,,,,
,,nick@whhy.us,,,,,,,,Smartlead users sheet; SL users validated; campaign_leads_2026-03-23_20-27-04_results - campaign_leads_2026-03-23_20-27-04_results.csv; Imported Leads,Yes,deliverable,No,,,,,,,,,,,,,,,,,,,,,,,,,,,,,,,,,,,,,,,,,,,,,,,,,,,,,,,,,,,,,,,,,,,,,,,,,Email is valid.,Google Workspace,aspmx.l.google.com,FALSE,,,,,,,,,,,,,,,,,,,,,,,,,,,,No,,,,,,,,,,Smartlead users sheet; SL users validated; campaign_leads_2026-03-23_20-27-04_results - campaign_leads_2026-03-23_20-27-04_results.csv,,,,,,,,,,false,enrich,gmail,"""2026-06-06T10:37:49.678Z""",Gmail / Google Workspace,,,,,,,,,
,,hello@ryandoesmarketing.co.uk,,,,,,,,Smartlead users sheet; SL users validated; campaign_leads_2026-03-23_20-27-04_results - campaign_leads_2026-03-23_20-27-04_results.csv; Imported Leads,Yes,deliverable,No,,,,,,,,,,,,,,,,,,,,,,,,,,,,,,,,,,,,,,,,,,,,,,,,,,,,,,,,,,,,2023,Marketing And Advertising,,,,,,,,,Ryan Does Marketing,1-10,Private,Email is valid.,Google Workspace,aspmx.l.google.com,FALSE,,,,,,,,,,,,,,,,,,,,,,,,,,,,No,,,,,,,,,,Smartlead users sheet; SL users validated; campaign_leads_2026-03-23_20-27-04_results - campaign_leads_2026-03-23_20-27-04_results.csv,,,,,,,,,,false,enrich,gmail,"""2026-06-06T10:37:49.931Z""",Gmail / Google Workspace,,,,,,,,,
,,nick@ignituscorp.com,,,,,,,,Smartlead users sheet; SL users validated; campaign_leads_2026-03-23_20-27-04_results - campaign_leads_2026-03-23_20-27-04_results.csv; Imported Leads,No,risky,No,,,,,,,,,,,,,,,,,,,,,,,,,,,,,,,,,,,,,,,,,,,,,,,,,,,,,,,,,,,,,Wholesale,North America,United States,South El Monte,South El Monte,"South El Monte, California, United States",91733,California,2515 North Strozier Avenue,Ignitus Corp.,1-10,Private,Email is valid.,Google Workspace,aspmx.l.google.com,FALSE,,,,,,,,,,,,,,,,,,,,,,,,,,,,No,,,,,,,,,,Smartlead users sheet; SL users validated; campaign_leads_2026-03-23_20-27-04_results - campaign_leads_2026-03-23_20-27-04_results.csv,,,,,,,,,,false,enrich,gmail,"""2026-06-06T10:37:49.689Z""",Gmail / Google Workspace,,,,,,,,,
,,jbryant@jba.llc,,,,,,,,Smartlead users sheet; SL users validated; campaign_leads_2026-03-23_20-27-04_results - campaign_leads_2026-03-23_20-27-04_results.csv; Imported Leads,Yes,deliverable,No,,,,,,,,,,,,,,,,,,,,,,,,,,,,,,,,,,,,,,,,,,,,,,,,,,,,,,,,,,,,,,,,,,,,,,,,,Email is valid.,Google Workspace,aspmx.l.google.com,FALSE,,,,,,,,,,,,,,,,,,,,,,,,,,,,No,,,,,,,,,,Smartlead users sheet; SL users validated; campaign_leads_2026-03-23_20-27-04_results - campaign_leads_2026-03-23_20-27-04_results.csv,,,,,,,,,,false,enrich,gmail,"""2026-06-06T10:37:49.678Z""",Gmail / Google Workspace,,,,,,,,,
,,enquiries@fbxcapital.co.uk,,,,,,,,Smartlead users sheet; SL users validated; campaign_leads_2026-03-23_20-27-04_results - campaign_leads_2026-03-23_20-27-04_results.csv; Imported Leads,Yes,deliverable,No,,,,,,,,,,,,,,,,,,,,,,,,,,,,,,,,,,,,,,,,,,,,,,,,,,,,,,,,,,,,2017,Financial Services,Europe,United Kingdom,Southwark,Southwark,"Southwark, England, United Kingdom",se1 9eq,England,46-48 Red Lion Court Park Street,Fbx Capital Partners,1-10,Private,Email is valid.,Google Workspace,alt1.aspmx.l.google.com,FALSE,,,,,,,,,,,,,,,,,,,,,,,,,,,,No,,,,,,,,,,Smartlead users sheet; SL users validated; campaign_leads_2026-03-23_20-27-04_results - campaign_leads_2026-03-23_20-27-04_results.csv,,,,,,,,,,false,enrich,gmail,"""2026-06-06T10:37:49.667Z""",Gmail / Google Workspace,,,,,,,,,
,,accounting@wirebuzz.com,,,,,,,,Smartlead users sheet; SL users validated; campaign_leads_2026-03-23_20-27-04_results - campaign_leads_2026-03-23_20-27-04_results.csv; Imported Leads,Yes,deliverable,No,,,,,,,,,,,,,,,,,,,,,,,,,,,,,,,,,,,,,,,,,,,,,,,,,,,,,,,,,,,facebook.com/wirebuzz,2010,Marketing And Advertising,North America,United States,Scottsdale,Scottsdale,"Scottsdale, Arizona, United States",85260,Arizona,8360 East Raintree Drive,Wirebuzz,11-50,Private,Email is valid.,Google Workspace,aspmx.l.google.com,FALSE,,,,,,,,,,,,,,,,,,,,,,,,,,,,No,,,,,,,,,,Smartlead users sheet; SL users validated; campaign_leads_2026-03-23_20-27-04_results - campaign_leads_2026-03-23_20-27-04_results.csv,,,,,,,,,,false,enrich,,,,,,,,,,,,
,,karen@vergefundinggroup.com,,,,,,,,Smartlead users sheet; SL users validated; campaign_leads_2026-03-23_20-27-04_results - campaign_leads_2026-03-23_20-27-04_results.csv; Imported Leads,Yes,deliverable,No,,,,,,,,,,,,,,,,,,,,,,,,,,,,,,,,,,,,,,,,,,,,,,,,,,,,,,,,,,,facebook.com/vergefunding,2018,Financial Services,North America,United States,King Of Prussia,King Of Prussia,"King Of Prussia, Pennsylvania, United States",19406,Pennsylvania,241 King Manor Drive,Verge Funding Solutions,1-10,Private,Email is valid.,Google Workspace,aspmx.l.google.com,FALSE,,,,,,,,,,,,,,,,,,,,,,,,,,,,No,,,,,,,,,,Smartlead users sheet; SL users validated; campaign_leads_2026-03-23_20-27-04_results - campaign_leads_2026-03-23_20-27-04_results.csv,,,,,,,,,,false,enrich,gmail,"""2026-06-06T10:37:49.598Z""",Gmail / Google Workspace,,,,,,,,,
,,abdallah@gemna.io,,,,,,,,Smartlead users sheet; SL users validated; campaign_leads_2026-03-23_20-27-04_results - campaign_leads_2026-03-23_20-27-04_results.csv; Imported Leads,Yes,deliverable,No,,,,,,,,,,,,,,,,,,,,,,,,,,,,,,,,,,,,,,,,,,,,,,,,,,,,,,,,,,,,2014,Environmental Services,Europe,France,Paris,Paris,"Paris, Île-de-france, France",75008,Île-de-france,8 Rue La Boétie,Gemna.,11-50,Private,Email is valid.,Google Workspace,aspmx.l.google.com,FALSE,,,,,,,,,,,,,,,,,,,,,,,,,,,,No,,,,,,,,,,Smartlead users sheet; SL users validated; campaign_leads_2026-03-23_20-27-04_results - campaign_leads_2026-03-23_20-27-04_results.csv,,,,,,,,,,false,enrich,,,,,,,,,,,,
,,austinchickbusiness@gmail.com,,,,,,,,Smartlead users sheet; SL users validated; campaign_leads_2026-03-23_20-27-04_results - campaign_leads_2026-03-23_20-27-04_results.csv; Imported Leads,Yes,deliverable,No,,,,,,,,,,,,,,,,,,,,,,,,,,,,,,,,,,,,,,,,,,,,,,,,,,,,,,,,,,,,,,,,,,,,,,,,,Email is valid.,,,TRUE,,,,,,,,,,,,,,,,,,,,,,,,,,,,No,,,,,,,,,,Smartlead users sheet; SL users validated; campaign_leads_2026-03-23_20-27-04_results - campaign_leads_2026-03-23_20-27-04_results.csv,,,,,,,,,,false,enrich,,,,,,,,,,,,
,,brandon@redwhale.co,,,,,,,,Smartlead users sheet; SL users validated; campaign_leads_2026-03-23_20-27-04_results - campaign_leads_2026-03-23_20-27-04_results.csv; Imported Leads,Yes,deliverable,No,,,,,,,,,,,,,,,,,,,,,,,,,,,,,,,,,,,,,,,,,,,,,,,,,,,,,,,,,,,,2016,Marketing And Advertising,North America,United States,Cincinnati,Cincinnati,"Cincinnati, Ohio, United States",45202,Ohio,100 West 5th Street,Redwhale (growth Marketing),1-10,Private,Email is valid.,Google Workspace,aspmx.l.google.com,FALSE,,,,,,,,,,,,,,,,,,,,,,,,,,,,No,,,,,,,,,,Smartlead users sheet; SL users validated; campaign_leads_2026-03-23_20-27-04_results - campaign_leads_2026-03-23_20-27-04_results.csv,,,,,,,,,,false,enrich,,,,,,,,,,,,
,,andrew.adams@bayshoregp.com,,,,,,,,Smartlead users sheet; SL users validated; campaign_leads_2026-03-23_20-27-04_results - campaign_leads_2026-03-23_20-27-04_results.csv; Imported Leads,Yes,deliverable,No,,,,,,,,,,,,,,,,,,,,,,,,,,,,,,,,,,,,,,,,,,,,,,,,,,,,,,,,,,,,2019,Investment Banking,North America,United States,Tampa,Tampa,"Tampa, Florida, United States",33629,Florida,3902 Henderson Boulevard,Bayshore Growth Partners,1-10,Private,Email is valid.,Google Workspace,aspmx.l.google.com,FALSE,,,,,,,,,,,,,,,,,,,,,,,,,,,,No,,,,,,,,,,Smartlead users sheet; SL users validated; campaign_leads_2026-03-23_20-27-04_results - campaign_leads_2026-03-23_20-27-04_results.csv,,,,,,,,,,false,enrich,,,,,,,,,,,,
,,bethany@sendspark.com,,,,,,,,Smartlead users sheet; SL users validated; campaign_leads_2026-03-23_20-27-04_results - campaign_leads_2026-03-23_20-27-04_results.csv; Imported Leads,Yes,deliverable,No,,,,,,,,,,,,,,,,,,,,,,,,,,,,,,,,,,,,,,,,,,,,,,,,,,,,,,,,,,,facebook.com/sendspark,2019,Internet,North America,United States,San Antonio,San Antonio,"San Antonio, Texas, United States",78205,Texas,454 Soledad Street,Sendspark,11-50,Private,Email is valid.,Google Workspace,aspmx.l.google.com,FALSE,,,,,,,,,,,,,,,,,,,,,,,,,,,,No,,,,,,,,,,Smartlead users sheet; SL users validated; campaign_leads_2026-03-23_20-27-04_results - campaign_leads_2026-03-23_20-27-04_results.csv,,,,,,,,,,true,enrich,,,,,,,,,,,,
,,jim@xtropy.net,,,,,,,,Smartlead users sheet; SL users validated; campaign_leads_2026-03-23_20-27-04_results - campaign_leads_2026-03-23_20-27-04_results.csv; Imported Leads,Yes,deliverable,No,,,,,,,,,,,,,,,,,,,,,,,,,,,,,,,,,,,,,,,,,,,,,,,,,,,,,,,,,,,facebook.com/xtropywebmarketing,2004,Marketing And Advertising,North America,United States,Jackson,Jackson,"Jackson, Wyoming, United States",83001,Wyoming,760 West Palomino Drive,Xtropy,1-10,Private,Email is valid.,Google Workspace,aspmx.l.google.com,FALSE,,,,,,,,,,,,,,,,,,,,,,,,,,,,No,,,,,,,,,,Smartlead users sheet; SL users validated; campaign_leads_2026-03-23_20-27-04_results - campaign_leads_2026-03-23_20-27-04_results.csv,,,,,,,,,,false,enrich,gmail,"""2026-06-06T10:37:49.907Z""",Gmail / Google Workspace,,,,,,,,,
,,mark@netzero.co.uk,,,,,,,,Smartlead users sheet; SL users validated; campaign_leads_2026-03-23_20-27-04_results - campaign_leads_2026-03-23_20-27-04_results.csv; Imported Leads,Yes,deliverable,No,,,,,,,,,,,,,,,,,,,,,,,,,,,,,,,,,,,,,,,,,,,,,,,,,,,,,,,,,,,,2019,Environmental Services,Europe,United Kingdom,Manchester,Manchester,"Manchester, England, United Kingdom",m3 3eb,England,,Net Zero Group | B Corp Certified,1-10,Private,Email is valid.,Google Workspace,aspmx.l.google.com,FALSE,,,,,,,,,,,,,,,,,,,,,,,,,,,,No,,,,,,,,,,Smartlead users sheet; SL users validated; campaign_leads_2026-03-23_20-27-04_results - campaign_leads_2026-03-23_20-27-04_results.csv,,,,,,,,,,false,enrich,,,,,,,,,,,,
,,adi@getlancey.com,,,,,,,,Smartlead users sheet; SL users validated; campaign_leads_2026-03-23_20-27-04_results - campaign_leads_2026-03-23_20-27-04_results.csv; Imported Leads,Yes,deliverable,No,,,,,,,,,,,,,,,,,,,,,,,,,,,,,,,,,,,,,,,,,,,,,,,,,,,,,,,,,,,,,,,,,,,,,,,,,Email is valid.,Google Workspace,aspmx.l.google.com,FALSE,,,,,,,,,,,,,,,,,,,,,,,,,,,,No,,,,,,,,,,Smartlead users sheet; SL users validated; campaign_leads_2026-03-23_20-27-04_results - campaign_leads_2026-03-23_20-27-04_results.csv,,,,,,,,,,false,enrich,,,,,,,,,,,,
Angus,Duncan,angus@endorsedai.com,Endorsed AI,Chief Executive Officer,,,,,,Smartlead users sheet; SL users validated; campaign_leads_2026-03-23_20-27-04_results - campaign_leads_2026-03-23_20-27-04_results.csv; Imported Leads,Yes,deliverable,No,,,,,https://endorsedai.com,,,,,,,,,,,,,,,,,,,,,"London, England, United Kingdom",https://media.licdn.com/dms/image/v2/D4E0BAQHgcu6Df3ud5A/company-logo_200_200/company-logo_200_200/0/1730479118518/endorsedai_logo?e=1776902400&v=beta&t=Ggl3DefOzeRJNM8fcI23eXyVV2ooie-PZ6znD-7jUdg,,,,,https://www.linkedin.com/company/93236557,,,,,,,3,,2026-04-01T11:49:51.846Z,,,,,,,,Business Consulting and Services,,,,,,,,,,,,,,,,,,,,,,,,,,,,United Kingdom,,,,,,,urn:li:member:445663801,true,,,,,,,,,,true,https://media.licdn.com/dms/image/v2/D4E03AQFKLmvn0ia-WQ/profile-displayphoto-shrink_100_100/profile-displayphoto-shrink_100_100/0/1695214542560?e=1776902400&v=beta&t=XoCqcFWN_tez3M0koAI6T8o-KmWokgQAUw3kzU9YrBs,https://www.linkedin.com/in/ACwAABqQSjkBoVzMeje20DyuI8FdNpezF3tVR54,,,,,false,,,,,,,Follows your company,,,,"CEO and Co-founder of Endorsed AI. 

We build fully scalable automated sales systems to generate predictable growth using AI.

We automate the full sales process from sourcing leads, cold outreach, nurturing leads, managing sales meetings and closing deals.

Our partners are Execs at Tech & AI Scale-Ups, Marketing Agencies and B2B Firms.

We have a fundamental belief that the companies that successfully master AI will thrive, and those who don't will be left behind.",,,,3 yrs 8 mos,,,,,,,false,enrich,gmail,"""2026-06-06T10:37:49.898Z""",Gmail / Google Workspace,,,,,,,,,
,,info@onstage.berlin,,,,,,,,Smartlead users sheet; SL users validated; campaign_leads_2026-03-23_20-27-04_results - campaign_leads_2026-03-23_20-27-04_results.csv; Imported Leads,Yes,deliverable,No,,,,,,,,,,,,,,,,,,,,,,,,,,,,,,,,,,,,,,,,,,,,,,,,,,,,,,,,,,,,,Marketing And Advertising,Europe,Germany,,,,,Berlin,,Onstage,1-10,Private,Email is valid.,Google Workspace,smtp.google.com,FALSE,,,,,,,,,,,,,,,,,,,,,,,,,,,,No,,,,,,,,,,Smartlead users sheet; SL users validated; campaign_leads_2026-03-23_20-27-04_results - campaign_leads_2026-03-23_20-27-04_results.csv,,,,,,,,,,false,enrich,,,,,,,,,,,,
,,tom+delete@ghcstudio.com.au,,,,,,,,Smartlead users sheet; SL users validated; campaign_leads_2026-03-23_20-27-04_results - campaign_leads_2026-03-23_20-27-04_results.csv; Imported Leads,No,undeliverable,No,,,,,,,,,,,,,,,,,,,,,,,,,,,,,,,,,,,,,,,,,,,,,,,,,,,,,,,,,,,,,,,,,,,,,,,,,Email is valid.,Google Workspace,aspmx.l.google.com,FALSE,,,,,,,,,,,,,,,,,,,,,,,,,,,,No,,,,,,,,,,Smartlead users sheet; SL users validated; campaign_leads_2026-03-23_20-27-04_results - campaign_leads_2026-03-23_20-27-04_results.csv,,,,,,,,,,false,enrich,gmail,"""2026-06-06T10:37:49.892Z""",Gmail / Google Workspace,,,,,,,,,
,,osman77r@gmail.com,,,,,,,,Smartlead users sheet; SL users validated; campaign_leads_2026-03-23_20-27-04_results - campaign_leads_2026-03-23_20-27-04_results.csv; Imported Leads,No,risky,No,,,,,,,,,,,,,,,,,,,,,,,,,,,,,,,,,,,,,,,,,,,,,,,,,,,,,,,,,,,,,,,,,,,,,,,,,Email is valid.,Google Workspace,gmail-smtp-in.l.google.com,FALSE,,,,,,,,,,,,,,,,,,,,,,,,,,,,No,,,,,,,,,,Smartlead users sheet; SL users validated; campaign_leads_2026-03-23_20-27-04_results - campaign_leads_2026-03-23_20-27-04_results.csv,,,,,,,,,,false,enrich,gmail,"""2026-06-06T10:37:49.559Z""",Gmail / Google Workspace,,,,,,,,,
,,tom@specifysolution.com,,,,,,,,Smartlead users sheet; SL users validated; campaign_leads_2026-03-23_20-27-04_results - campaign_leads_2026-03-23_20-27-04_results.csv; Imported Leads,Yes,deliverable,No,,,,,,,,,,,,,,,,,,,,,,,,,,,,,,,,,,,,,,,,,,,,,,,,,,,,,,,,,,,,,,,,,,,,,,,,,Email is valid.,Google Workspace,aspmx.l.google.com,FALSE,,,,,,,,,,,,,,,,,,,,,,,,,,,,No,,,,,,,,,,Smartlead users sheet; SL users validated; campaign_leads_2026-03-23_20-27-04_results - campaign_leads_2026-03-23_20-27-04_results.csv,,,,,,,,,,false,enrich,gmail,"""2026-06-06T10:37:49.934Z""",Gmail / Google Workspace,,,,,,,,,
,,eren@optimum7.com,,,,,,,,Smartlead users sheet; SL users validated; campaign_leads_2026-03-23_20-27-04_results - campaign_leads_2026-03-23_20-27-04_results.csv; Imported Leads,Yes,deliverable,No,,,,,,,,,,,,,,,,,,,,,,,,,,,,,,,,,,,,,,,,,,,,,,,,,,,,,,,,,,,facebook.com/optimum7marketing,2007,Internet,North America,United States,Coral Gables,Coral Gables,"Coral Gables, Florida, United States",33133,Florida,237 Highway 4th,Optimum7.com,51-200,Private,Email is valid.,Google Workspace,aspmx.l.google.com,FALSE,,,,,,,,,,,,,,,,,,,,,,,,,,,,No,,,,,,,,,,Smartlead users sheet; SL users validated; campaign_leads_2026-03-23_20-27-04_results - campaign_leads_2026-03-23_20-27-04_results.csv,,,,,,,,,,false,enrich,gmail,"""2026-06-06T10:37:49.678Z""",Gmail / Google Workspace,,,,,,,,,
,,schneider@livemediadigital.com,,,,,,,,Smartlead users sheet; SL users validated; campaign_leads_2026-03-23_20-27-04_results - campaign_leads_2026-03-23_20-27-04_results.csv; Imported Leads,Yes,deliverable,No,,,,,,,,,,,,,,,,,,,,,,,,,,,,,,,,,,,,,,,,,,,,,,,,,,,,,,,,,,,facebook.com/livemediafl,2018,Marketing And Advertising,North America,United States,Miami,Miami,"Miami, Florida, United States",33165,Florida,8932 Southwest 40th Street,Lmd - Live Media Digital,11-50,Private,Email is valid.,Google Workspace,alt3.aspmx.l.google.com,FALSE,,,,,,,,,,,,,,,,,,,,,,,,,,,,No,,,,,,,,,,Smartlead users sheet; SL users validated; campaign_leads_2026-03-23_20-27-04_results - campaign_leads_2026-03-23_20-27-04_results.csv,,,,,,,,,,false,enrich,gmail,"""2026-06-06T10:37:49.667Z""",Gmail / Google Workspace,,,,,,,,,
,,will.mccartney@blueacquire.com,,,,,,,,Smartlead users sheet; SL users validated; campaign_leads_2026-03-23_20-27-04_results - campaign_leads_2026-03-23_20-27-04_results.csv; Imported Leads,Yes,deliverable,No,,,,,,,,,,,,,,,,,,,,,,,,,,,,,,,,,,,,,,,,,,,,,,,,,,,,,,,,,,,,2024,Computer Software,North America,United States,Atlanta,Atlanta,"Atlanta, Georgia, United States",,Georgia,,Blueacquire,1-10,Private,Email is valid.,Google Workspace,aspmx.l.google.com,FALSE,,,,,,,,,,,,,,,,,,,,,,,,,,,,No,,,,,,,,,,Smartlead users sheet; SL users validated; campaign_leads_2026-03-23_20-27-04_results - campaign_leads_2026-03-23_20-27-04_results.csv,,,,,,,,,,false,enrich,gmail,"""2026-06-06T10:37:49.677Z""",Gmail / Google Workspace,,,,,,,,,
,,aljosa@shape-labs.com,,,,,,,,Smartlead users sheet; SL users validated; campaign_leads_2026-03-23_20-27-04_results - campaign_leads_2026-03-23_20-27-04_results.csv; Imported Leads,Yes,deliverable,No,,,,,,,,,,,,,,,,,,,,,,,,,,,,,,,,,,,,,,,,,,,,,,,,,,,,,,,,,,,facebook.com/shapelabsco,2018,Information Technology And Services,Europe,Slovenia,Ljubljana,Ljubljana,"Ljubljana, Ljubljana, Slovenia",,Ljubljana,,Shape Labs,1-10,Private,Email is valid.,Google Workspace,aspmx.l.google.com,FALSE,,,,,,,,,,,,,,,,,,,,,,,,,,,,No,,,,,,,,,,Smartlead users sheet; SL users validated; campaign_leads_2026-03-23_20-27-04_results - campaign_leads_2026-03-23_20-27-04_results.csv,,,,,,,,,,false,enrich,gmail,"""2026-06-06T10:37:49.667Z""",Gmail / Google Workspace,,,,,,,,,
,,ellen@zgbinsight.com,,,,,,,,Smartlead users sheet; SL users validated; campaign_leads_2026-03-23_20-27-04_results - campaign_leads_2026-03-23_20-27-04_results.csv; Imported Leads,Yes,deliverable,No,,,,,,,,,,,,,,,,,,,,,,,,,,,,,,,,,,,,,,,,,,,,,,,,,,,,,,,,,,,,2023,Staffing And Recruiting,North America,United States,Ludington,Ludington,"Ludington, Michigan, United States",49431,Michigan,,"Zgb Insight, Llc.",1-10,Private,Email is valid.,Google Workspace,aspmx.l.google.com,FALSE,,,,,,,,,,,,,,,,,,,,,,,,,,,,No,,,,,,,,,,Smartlead users sheet; SL users validated; campaign_leads_2026-03-23_20-27-04_results - campaign_leads_2026-03-23_20-27-04_results.csv,,,,,,,,,,false,enrich,gmail,"""2026-06-06T10:37:49.678Z""",Gmail / Google Workspace,,,,,,,,,
,,dr@shieldify.com,,,,,,,,Smartlead users sheet; SL users validated; campaign_leads_2026-03-23_20-27-04_results - campaign_leads_2026-03-23_20-27-04_results.csv; Imported Leads,Yes,deliverable,No,,,,,,,,,,,,,,,,,,,,,,,,,,,,,,,,,,,,,,,,,,,,,,,,,,,,,,,,,,,,2023,Financial Services,North America,United States,Dover,Dover,"Dover, Delaware, United States",19901,Delaware,108 Lakeland Avenue,Shieldify.com,11-50,Private,Email is valid.,Google Workspace,smtp.google.com,FALSE,,,,,,,,,,,,,,,,,,,,,,,,,,,,No,,,,,,,,,,Smartlead users sheet; SL users validated; campaign_leads_2026-03-23_20-27-04_results - campaign_leads_2026-03-23_20-27-04_results.csv,,,,,,,,,,false,enrich,gmail,"""2026-06-06T10:37:49.667Z""",Gmail / Google Workspace,,,,,,,,,
Hender,N.,hender@sbdrteam.io,,Founder,,Greater Paris Metropolitan Region,,France,https://www.linkedin.com/in/hendern/,Smartlead users sheet; SL users validated; campaign_leads_2026-03-23_20-27-04_results - campaign_leads_2026-03-23_20-27-04_results.csv; Imported Leads,No,risky,No,,,,,sbdrteam.io,,,,,,,,,,,,,,,,,,,,,,,,,,,,,,,SBDR Team,,,,,,,,,,,,,,,,,,,,,,,,,,,,,,,,,,,,,,,,,"Greater Paris Metropolitan Region, France",,,,,,,,,,,,,,,,,,,,,,,,,,,No,,,,,,,,,,Smartlead users sheet; SL users validated; campaign_leads_2026-03-23_20-27-04_results - campaign_leads_2026-03-23_20-27-04_results.csv; Imported Leads,,,,,,,,,,false,enrich,gmail,"""2026-06-06T10:37:49.678Z""",Gmail / Google Workspace,,,,,,,,,
,,systems@reillyscott.com.au,,,,,,,,Smartlead users sheet; SL users validated; campaign_leads_2026-03-23_20-27-04_results - campaign_leads_2026-03-23_20-27-04_results.csv; Imported Leads,Yes,deliverable,No,,,,,,,,,,,,,,,,,,,,,,,,,,,,,,,,,,,,,,,,,,,,,,,,,,,,,,,,,,,,2011,Staffing And Recruiting,Oceania,Australia,Sydney,Sydney,"Sydney, New South Wales, Australia",2000,New South Wales,66 Clarence Street,Reillyscott,11-50,Private,Email is valid.,Google Workspace,aspmx.l.google.com,FALSE,,,,,,,,,,,,,,,,,,,,,,,,,,,,No,,,,,,,,,,Smartlead users sheet; SL users validated; campaign_leads_2026-03-23_20-27-04_results - campaign_leads_2026-03-23_20-27-04_results.csv,,,,,,,,,,false,enrich,gmail,"""2026-06-06T10:37:49.657Z""",Gmail / Google Workspace,,,,,,,,,
,,mak@univiex.com,,,,,,,,Smartlead users sheet; SL users validated; campaign_leads_2026-03-23_20-27-04_results - campaign_leads_2026-03-23_20-27-04_results.csv; Imported Leads,Yes,deliverable,No,,,,,,,,,,,,,,,,,,,,,,,,,,,,,,,,,,,,,,,,,,,,,,,,,,,,,,,,,,,,,,,,,,,,,,,,,Email is valid.,Google Workspace,aspmx.l.google.com,FALSE,,,,,,,,,,,,,,,,,,,,,,,,,,,,No,,,,,,,,,,Smartlead users sheet; SL users validated; campaign_leads_2026-03-23_20-27-04_results - campaign_leads_2026-03-23_20-27-04_results.csv,,,,,,,,,,false,enrich,gmail,"""2026-06-06T10:37:49.657Z""",Gmail / Google Workspace,,,,,,,,,
,,nick@sk-invest.eu,,,,,,,,Smartlead users sheet; SL users validated; campaign_leads_2026-03-23_20-27-04_results - campaign_leads_2026-03-23_20-27-04_results.csv; Imported Leads,No,risky,No,,,,,,,,,,,,,,,,,,,,,,,,,,,,,,,,,,,,,,,,,,,,,,,,,,,,,,,,,,,,,,,,,,,,,,,,,Email is valid.,,mx2.timeweb.ru,FALSE,,,,,,,,,,,,,,,,,,,,,,,,,,,,No,,,,,,,,,,Smartlead users sheet; SL users validated; campaign_leads_2026-03-23_20-27-04_results - campaign_leads_2026-03-23_20-27-04_results.csv,,,,,,,,,,false,enrich,other,"""2026-06-06T10:37:49.931Z""",Other,,,,,,,,,
,,jono.krawczyk@securew2.com,,,,,,,,Smartlead users sheet; SL users validated; campaign_leads_2026-03-23_20-27-04_results - campaign_leads_2026-03-23_20-27-04_results.csv; Imported Leads,Yes,deliverable,No,,,,,,,,,,,,,,,,,,,,,,,,,,,,,,,,,,,,,,,,,,,,,,,,,,,,,,,,,,,,2014,Computer & Network Security,North America,United States,Seattle,Seattle,"Seattle, Washington, United States",98107,Washington,2208 Northwest Market Street,Securew2,51-200,Private,Email is valid.,Google Workspace,smtp.google.com,FALSE,,,,,,,,,,,,,,,,,,,,,,,,,,,,No,,,,,,,,,,Smartlead users sheet; SL users validated; campaign_leads_2026-03-23_20-27-04_results - campaign_leads_2026-03-23_20-27-04_results.csv,,,,,,,,,,false,enrich,gmail,"""2026-06-06T10:37:49.667Z""",Gmail / Google Workspace,,,,,,,,,
,,michael@a2zebra.de,,,,,,,,Smartlead users sheet; SL users validated; campaign_leads_2026-03-23_20-27-04_results - campaign_leads_2026-03-23_20-27-04_results.csv; Imported Leads,Yes,deliverable,No,,,,,,,,,,,,,,,,,,,,,,,,,,,,,,,,,,,,,,,,,,,,,,,,,,,,,,,,,,,,,,,,,,,,,,,,,Email is valid.,Google Workspace,aspmx.l.google.com,FALSE,,,,,,,,,,,,,,,,,,,,,,,,,,,,No,,,,,,,,,,Smartlead users sheet; SL users validated; campaign_leads_2026-03-23_20-27-04_results - campaign_leads_2026-03-23_20-27-04_results.csv,,,,,,,,,,false,enrich,gmail,"""2026-06-06T10:37:49.678Z""",Gmail / Google Workspace,,,,,,,,,
,,hr@infyleads.com,,,,,,,,Smartlead users sheet; SL users validated; campaign_leads_2026-03-23_20-27-04_results - campaign_leads_2026-03-23_20-27-04_results.csv; Imported Leads,Yes,deliverable,No,,,,,,,,,,,,,,,,,,,,,,,,,,,,,,,,,,,,,,,,,,,,,,,,,,,,,,,,,,,,2022,Marketing And Advertising,Asia,India,Kukatpally,Kukatpally,"Kukatpally, Telangana, India",500072,Telangana,,Infyleads,11-50,Private,Email is valid.,Google Workspace,aspmx.l.google.com,FALSE,,,,,,,,,,,,,,,,,,,,,,,,,,,,No,,,,,,,,,,Smartlead users sheet; SL users validated; campaign_leads_2026-03-23_20-27-04_results - campaign_leads_2026-03-23_20-27-04_results.csv,,,,,,,,,,false,enrich,gmail,"""2026-06-06T10:37:49.577Z""",Gmail / Google Workspace,,,,,,,,,
,,info@ironforgeadvance.com,,,,,,,,Smartlead users sheet; SL users validated; campaign_leads_2026-03-23_20-27-04_results - campaign_leads_2026-03-23_20-27-04_results.csv; Imported Leads,Yes,deliverable,No,,,,,,,,,,,,,,,,,,,,,,,,,,,,,,,,,,,,,,,,,,,,,,,,,,,,,,,,,,,,,,,,,,,,,,,,,Email is valid.,Google Workspace,SMTP.GOOGLE.com,FALSE,,,,,,,,,,,,,,,,,,,,,,,,,,,,No,,,,,,,,,,Smartlead users sheet; SL users validated; campaign_leads_2026-03-23_20-27-04_results - campaign_leads_2026-03-23_20-27-04_results.csv,,,,,,,,,,false,enrich,gmail,"""2026-06-06T10:37:49.934Z""",Gmail / Google Workspace,,,,,,,,,
,,coach@uptowncreation.com,,,,,,,,Smartlead users sheet; SL users validated; campaign_leads_2026-03-23_20-27-04_results - campaign_leads_2026-03-23_20-27-04_results.csv; Imported Leads,Yes,deliverable,No,,,,,,,,,,,,,,,,,,,,,,,,,,,,,,,,,,,,,,,,,,,,,,,,,,,,,,,,,,,facebook.com/uptowncreation,2016,Online Media,North America,United States,Iowa City,Iowa City,"Iowa City, Iowa, United States",,Iowa,,Uptown Creation,11-50,Private,Email is valid.,Google Workspace,aspmx.l.google.com,FALSE,,,,,,,,,,,,,,,,,,,,,,,,,,,,No,,,,,,,,,,Smartlead users sheet; SL users validated; campaign_leads_2026-03-23_20-27-04_results - campaign_leads_2026-03-23_20-27-04_results.csv,,,,,,,,,,false,enrich,gmail,"""2026-06-06T10:37:49.906Z""",Gmail / Google Workspace,,,,,,,,,
,,emilio@letgrowth.com,,,,,,,,Smartlead users sheet; SL users validated; campaign_leads_2026-03-23_20-27-04_results - campaign_leads_2026-03-23_20-27-04_results.csv; Imported Leads,Yes,deliverable,No,,,,,,,,,,,,,,,,,,,,,,,,,,,,,,,,,,,,,,,,,,,,,,,,,,,,,,,,,,,,,Computer Software,North America,United States,Miami,Miami,"Miami, Florida, United States",33133,Florida,,Let Growth | Generating B2b Leads,1-10,Private,Email is valid.,Google Workspace,aspmx.l.google.com,FALSE,,,,,,,,,,,,,,,,,,,,,,,,,,,,No,,,,,,,,,,Smartlead users sheet; SL users validated; campaign_leads_2026-03-23_20-27-04_results - campaign_leads_2026-03-23_20-27-04_results.csv,,,,,,,,,,false,enrich,gmail,"""2026-06-06T10:37:49.931Z""",Gmail / Google Workspace,,,,,,,,,
,,henry@verisoul.ai,,,,,,,,Smartlead users sheet; SL users validated; campaign_leads_2026-03-23_20-27-04_results - campaign_leads_2026-03-23_20-27-04_results.csv; Imported Leads,Yes,deliverable,No,,,,,,,,,,,,,,,,,,,,,,,,,,,,,,,,,,,,,,,,,,,,,,,,,,,,,,,,,,,,2022,Information Services,North America,United States,Austin,Austin,"Austin, Texas, United States",78703,Texas,1105 North Lamar Boulevard,Verisoul,1-10,Private,Email is valid.,Google Workspace,aspmx.l.google.com,FALSE,,,,,,,,,,,,,,,,,,,,,,,,,,,,No,,,,,,,,,,Smartlead users sheet; SL users validated; campaign_leads_2026-03-23_20-27-04_results - campaign_leads_2026-03-23_20-27-04_results.csv,,,,,,,,,,false,enrich,gmail,"""2026-06-06T10:37:49.874Z""",Gmail / Google Workspace,,,,,,,,,
,,subscriptions@squad.app,,,,,,,,Smartlead users sheet; SL users validated; campaign_leads_2026-03-23_20-27-04_results - campaign_leads_2026-03-23_20-27-04_results.csv; Imported Leads,Yes,deliverable,No,,,,,,,,,,,,,,,,,,,,,,,,,,,,,,,,,,,,,,,,,,,,,,,,,,,,,,,,,,,,2021,Computer Software,North America,United States,Los Angeles,Los Angeles,"Los Angeles, California, United States",,California,,Squad.app,11-50,Private,Email is valid.,Google Workspace,smtp.google.com,FALSE,,,,,,,,,,,,,,,,,,,,,,,,,,,,No,,,,,,,,,,Smartlead users sheet; SL users validated; campaign_leads_2026-03-23_20-27-04_results - campaign_leads_2026-03-23_20-27-04_results.csv,,,,,,,,,,false,enrich,gmail,"""2026-06-06T10:37:49.874Z""",Gmail / Google Workspace,,,,,,,,,
,,matt@nituno.com,,,,,,,,Smartlead users sheet; SL users validated; campaign_leads_2026-03-23_20-27-04_results - campaign_leads_2026-03-23_20-27-04_results.csv; Imported Leads,Yes,deliverable,No,,,,,,,,,,,,,,,,,,,,,,,,,,,,,,,,,,,,,,,,,,,,,,,,,,,,,,,,,,,,2019,,Europe,United Kingdom,Oxford,Oxford,"Oxford, England, United Kingdom",,England,,Nituno,11-50,Private,Email is valid.,Google Workspace,aspmx.l.google.com,FALSE,,,,,,,,,,,,,,,,,,,,,,,,,,,,No,,,,,,,,,,Smartlead users sheet; SL users validated; campaign_leads_2026-03-23_20-27-04_results - campaign_leads_2026-03-23_20-27-04_results.csv,,,,,,,,,,false,enrich,gmail,"""2026-06-06T10:37:49.948Z""",Gmail / Google Workspace,,,,,,,,,
,,joejaap@emoryday.com,,,,,,,,Smartlead users sheet; SL users validated; campaign_leads_2026-03-23_20-27-04_results - campaign_leads_2026-03-23_20-27-04_results.csv; Imported Leads,Yes,deliverable,No,,,,,,,,,,,,,,,,,,,,,,,,,,,,,,,,,,,,,,,,,,,,,,,,,,,,,,,,,,,facebook.com/emorydayllc,2004,Marketing And Advertising,North America,United States,Glenelg,Glenelg,"Glenelg, Maryland, United States",21737,Maryland,P/o Box 176,"Emoryday, Llc",11-50,Private,Email is valid.,Google Workspace,aspmx.l.google.com,FALSE,,,,,,,,,,,,,,,,,,,,,,,,,,,,No,,,,,,,,,,Smartlead users sheet; SL users validated; campaign_leads_2026-03-23_20-27-04_results - campaign_leads_2026-03-23_20-27-04_results.csv,,,,,,,,,,false,enrich,gmail,"""2026-06-06T10:37:49.892Z""",Gmail / Google Workspace,,,,,,,,,
,,markjmcmanus7@gmail.com,,,,,,,,Smartlead users sheet; SL users validated; campaign_leads_2026-03-23_20-27-04_results - campaign_leads_2026-03-23_20-27-04_results.csv; Imported Leads,No,risky,No,,,,,,,,,,,,,,,,,,,,,,,,,,,,,,,,,,,,,,,,,,,,,,,,,,,,,,,,,,,,,,,,,,,,,,,,,Email is valid.,Google Workspace,gmail-smtp-in.l.google.com,FALSE,,,,,,,,,,,,,,,,,,,,,,,,,,,,No,,,,,,,,,,Smartlead users sheet; SL users validated; campaign_leads_2026-03-23_20-27-04_results - campaign_leads_2026-03-23_20-27-04_results.csv,,,,,,,,,,false,enrich,gmail,"""2026-06-06T10:37:49.559Z""",Gmail / Google Workspace,,,,,,,,,
,,stan@frontbrick.tech,,,,,,,,Smartlead users sheet; SL users validated; campaign_leads_2026-03-23_20-27-04_results - campaign_leads_2026-03-23_20-27-04_results.csv; Imported Leads,Yes,deliverable,No,,,,,,,,,,,,,,,,,,,,,,,,,,,,,,,,,,,,,,,,,,,,,,,,,,,,,,,,,,,,,,,,,,,,,,,,,Email is valid.,Google Workspace,aspmx.l.google.com,FALSE,,,,,,,,,,,,,,,,,,,,,,,,,,,,No,,,,,,,,,,Smartlead users sheet; SL users validated; campaign_leads_2026-03-23_20-27-04_results - campaign_leads_2026-03-23_20-27-04_results.csv,,,,,,,,,,false,enrich,gmail,"""2026-06-06T10:37:49.908Z""",Gmail / Google Workspace,,,,,,,,,
,,jordan@maronly.com,,,,,,,,Smartlead users sheet; SL users validated; campaign_leads_2026-03-23_20-27-04_results - campaign_leads_2026-03-23_20-27-04_results.csv; Imported Leads,Yes,deliverable,No,,,,,,,,,,,,,,,,,,,,,,,,,,,,,,,,,,,,,,,,,,,,,,,,,,,,,,,,,,,,2023,,,,,,,,,,Maronly,1-10,Private,Email is valid.,Google Workspace,smtp.google.com,FALSE,,,,,,,,,,,,,,,,,,,,,,,,,,,,No,,,,,,,,,,Smartlead users sheet; SL users validated; campaign_leads_2026-03-23_20-27-04_results - campaign_leads_2026-03-23_20-27-04_results.csv,,,,,,,,,,false,enrich,gmail,"""2026-06-06T10:37:49.931Z""",Gmail / Google Workspace,,,,,,,,,
,,jp@changeengine.com,,,,,,,,Smartlead users sheet; SL users validated; campaign_leads_2026-03-23_20-27-04_results - campaign_leads_2026-03-23_20-27-04_results.csv; Imported Leads,No,risky,No,,,,,,,,,,,,,,,,,,,,,,,,,,,,,,,,,,,,,,,,,,,,,,,,,,,,,,,,,,,,2021,Computer Software,North America,United States,San Francisco,San Francisco,"San Francisco, California, United States",94105,California,44 Tehama Street,Changeengine,11-50,Private,Email is valid.,Google Workspace,aspmx.l.google.com,FALSE,,,,,,,,,,,,,,,,,,,,,,,,,,,,No,,,,,,,,,,Smartlead users sheet; SL users validated; campaign_leads_2026-03-23_20-27-04_results - campaign_leads_2026-03-23_20-27-04_results.csv,,,,,,,,,,false,enrich,gmail,"""2026-06-06T10:37:49.892Z""",Gmail / Google Workspace,,,,,,,,,
,,anteris@teambooking.co,,,,,,,,Smartlead users sheet; SL users validated; campaign_leads_2026-03-23_20-27-04_results - campaign_leads_2026-03-23_20-27-04_results.csv; Imported Leads,Yes,deliverable,No,,,,,,,,,,,,,,,,,,,,,,,,,,,,,,,,,,,,,,,,,,,,,,,,,,,,,,,,,,,,,,,,,,,,,,,,,Email is valid.,Google Workspace,aspmx.l.google.com,FALSE,,,,,,,,,,,,,,,,,,,,,,,,,,,,No,,,,,,,,,,Smartlead users sheet; SL users validated; campaign_leads_2026-03-23_20-27-04_results - campaign_leads_2026-03-23_20-27-04_results.csv,,,,,,,,,,false,enrich,gmail,"""2026-06-06T10:37:49.906Z""",Gmail / Google Workspace,,,,,,,,,
,,hyperionleadgen@gmail.com,,,,,,,,Smartlead users sheet; SL users validated; campaign_leads_2026-03-23_20-27-04_results - campaign_leads_2026-03-23_20-27-04_results.csv; Imported Leads,No,risky,No,,,,,,,,,,,,,,,,,,,,,,,,,,,,,,,,,,,,,,,,,,,,,,,,,,,,,,,,,,,,,,,,,,,,,,,,,Email is valid.,Google Workspace,gmail-smtp-in.l.google.com,FALSE,,,,,,,,,,,,,,,,,,,,,,,,,,,,No,,,,,,,,,,Smartlead users sheet; SL users validated; campaign_leads_2026-03-23_20-27-04_results - campaign_leads_2026-03-23_20-27-04_results.csv,,,,,,,,,,false,enrich,gmail,"""2026-06-06T10:37:49.559Z""",Gmail / Google Workspace,,,,,,,,,
,,wyattbeemer@soteria-media.com,,,,,,,,Smartlead users sheet; SL users validated; campaign_leads_2026-03-23_20-27-04_results - campaign_leads_2026-03-23_20-27-04_results.csv; Imported Leads,No,risky,No,,,,,,,,,,,,,,,,,,,,,,,,,,,,,,,,,,,,,,,,,,,,,,,,,,,,,,,,,,,,2022,Marketing And Advertising,North America,United States,Minneapolis,Minneapolis,"Minneapolis, Minnesota, United States",55438,Minnesota,6820 Autopista Club Road 402,Soteria Media,1-10,Private,Email is valid.,Google Workspace,aspmx.l.google.com,FALSE,,,,,,,,,,,,,,,,,,,,,,,,,,,,No,,,,,,,,,,Smartlead users sheet; SL users validated; campaign_leads_2026-03-23_20-27-04_results - campaign_leads_2026-03-23_20-27-04_results.csv,,,,,,,,,,false,enrich,gmail,"""2026-06-06T10:37:49.874Z""",Gmail / Google Workspace,,,,,,,,,
,,admin@hatterworks.com,,,,,,,,Smartlead users sheet; SL users validated; campaign_leads_2026-03-23_20-27-04_results - campaign_leads_2026-03-23_20-27-04_results.csv; Imported Leads,Yes,deliverable,No,,,,,,,,,,,,,,,,,,,,,,,,,,,,,,,,,,,,,,,,,,,,,,,,,,,,,,,,,,,,,,,,,,,,,,,,,Email is valid.,Google Workspace,aspmx.l.google.com,FALSE,,,,,,,,,,,,,,,,,,,,,,,,,,,,No,,,,,,,,,,Smartlead users sheet; SL users validated; campaign_leads_2026-03-23_20-27-04_results - campaign_leads_2026-03-23_20-27-04_results.csv,,,,,,,,,,false,enrich,gmail,"""2026-06-06T10:37:49.940Z""",Gmail / Google Workspace,,,,,,,,,
,,laura@neartalent.io,,,,,,,,Smartlead users sheet; SL users validated; campaign_leads_2026-03-23_20-27-04_results - campaign_leads_2026-03-23_20-27-04_results.csv; Imported Leads,Yes,deliverable,No,,,,,,,,,,,,,,,,,,,,,,,,,,,,,,,,,,,,,,,,,,,,,,,,,,,,,,,,,,,,,Staffing And Recruiting,North America,United States,,,,,New York,,Near,1-10,Private,Email is valid.,Google Workspace,aspmx.l.google.com,FALSE,,,,,,,,,,,,,,,,,,,,,,,,,,,,No,,,,,,,,,,Smartlead users sheet; SL users validated; campaign_leads_2026-03-23_20-27-04_results - campaign_leads_2026-03-23_20-27-04_results.csv,,,,,,,,,,false,enrich,gmail,"""2026-06-06T10:37:49.904Z""",Gmail / Google Workspace,,,,,,,,,
,,woszczak.john@gmail.com,,,,,,,,Smartlead users sheet; SL users validated; campaign_leads_2026-03-23_20-27-04_results - campaign_leads_2026-03-23_20-27-04_results.csv; Imported Leads,No,risky,No,,,,,,,,,,,,,,,,,,,,,,,,,,,,,,,,,,,,,,,,,,,,,,,,,,,,,,,,,,,,,,,,,,,,,,,,,Email is valid.,Google Workspace,gmail-smtp-in.l.google.com,FALSE,,,,,,,,,,,,,,,,,,,,,,,,,,,,No,,,,,,,,,,Smartlead users sheet; SL users validated; campaign_leads_2026-03-23_20-27-04_results - campaign_leads_2026-03-23_20-27-04_results.csv,,,,,,,,,,false,enrich,gmail,"""2026-06-06T10:37:49.559Z""",Gmail / Google Workspace,,,,,,,,,
,,gluce@thamestranslation.com,,,,,,,,Smartlead users sheet; SL users validated; campaign_leads_2026-03-23_20-27-04_results - campaign_leads_2026-03-23_20-27-04_results.csv; Imported Leads,Yes,deliverable,No,,,,,,,,,,,,,,,,,,,,,,,,,,,,,,,,,,,,,,,,,,,,,,,,,,,,,,,,,,,,2015,Translation And Localization,Europe,United Kingdom,London,London,"London, England, United Kingdom",,England,,Thames Translation,1-10,Private,Email is valid.,Google Workspace,aspmx.l.google.com,FALSE,,,,,,,,,,,,,,,,,,,,,,,,,,,,No,,,,,,,,,,Smartlead users sheet; SL users validated; campaign_leads_2026-03-23_20-27-04_results - campaign_leads_2026-03-23_20-27-04_results.csv,,,,,,,,,,false,enrich,,,,,,,,,,,,
,,jacob@mxmarketingsolutions.net,,,,,,,,Smartlead users sheet; SL users validated; campaign_leads_2026-03-23_20-27-04_results - campaign_leads_2026-03-23_20-27-04_results.csv; Imported Leads,Yes,deliverable,No,,,,,5013,,19571.04,,,,,,,,,,,,,,,,,,,,,,,,,,,,,,,,,,,16792,,,,,2026-01,0.00,,0.00,,,,,,,,,,,,,,,,,,,,,,,Email is valid.,Google Workspace,ASPMX.L.GOOGLE.COM,FALSE,,,,,,5,,,,,,,,,,,none,none,,,,,,,,,,No,,,,,,,,0.00,,Smartlead users sheet; SL users validated; campaign_leads_2026-03-23_20-27-04_results - campaign_leads_2026-03-23_20-27-04_results.csv,,Macro Orbit,,9,0.00,97855.20,,97855.20,0.00,false,enrich,,,,,,,,,,,,
,,justin.le@digitallogic.co,,,,,,,,Smartlead users sheet; SL users validated; campaign_leads_2026-03-23_20-27-04_results - campaign_leads_2026-03-23_20-27-04_results.csv; Imported Leads,Yes,deliverable,No,,,,,,,,,,,,,,,,,,,,,,,,,,,,,,,,,,,,,,,,,,,,,,,,,,,,,,,,,,,facebook.com/digitallogic,2017,Marketing And Advertising,North America,United States,Shreveport,Shreveport,"Shreveport, Louisiana, United States",71101,Louisiana,411 Lake Street,Digital Logic,11-50,Private,Email is valid.,Google Workspace,aspmx.l.google.com,FALSE,,,,,,,,,,,,,,,,,,,,,,,,,,,,No,,,,,,,,,,Smartlead users sheet; SL users validated; campaign_leads_2026-03-23_20-27-04_results - campaign_leads_2026-03-23_20-27-04_results.csv,,,,,,,,,,false,enrich,,,,,,,,,,,,
,,dobby@growthjockey.com,,,,,,,,Smartlead users sheet; SL users validated; campaign_leads_2026-03-23_20-27-04_results - campaign_leads_2026-03-23_20-27-04_results.csv; Imported Leads,Yes,deliverable,No,,,,,,,,,,,,,,,,,,,,,,,,,,,,,,,,,,,,,,,,,,,,,,,,,,,,,,,,,,,facebook.com/growthjockey,2020,Information Technology And Services,Asia,India,Gurgaon South City I,Gurgaon South City I,"Gurgaon South City I, Haryana, India",122001,Haryana,,Growthjockey,201-500,Private,Email is valid.,Google Workspace,aspmx.l.google.com,FALSE,,,,,,,,,,,,,,,,,,,,,,,,,,,,No,,,,,,,,,,Smartlead users sheet; SL users validated; campaign_leads_2026-03-23_20-27-04_results - campaign_leads_2026-03-23_20-27-04_results.csv,,,,,,,,,,false,enrich,,,,,,,,,,,,
,,gal@gnopartners.com,,,,,,,,Smartlead users sheet; SL users validated; campaign_leads_2026-03-23_20-27-04_results - campaign_leads_2026-03-23_20-27-04_results.csv; Imported Leads,Yes,deliverable,No,,,,,,,,,,,,,,,,,,,,,,,,,,,,,,,,,,,,,,,,,,,,,,,,,,,,,,,,,,,,2022,Management Consulting,Asia,Israel,,,,,,,Gno Partners,1-10,Private,Email is valid.,Google Workspace,aspmx.l.google.com,FALSE,,,,,,,,,,,,,,,,,,,,,,,,,,,,No,,,,,,,,,,Smartlead users sheet; SL users validated; campaign_leads_2026-03-23_20-27-04_results - campaign_leads_2026-03-23_20-27-04_results.csv,,,,,,,,,,false,enrich,,,,,,,,,,,,
,,kperepechai@griddynamics.com,,,,,,,,Smartlead users sheet; SL users validated; campaign_leads_2026-03-23_20-27-04_results - campaign_leads_2026-03-23_20-27-04_results.csv; Imported Leads,Yes,deliverable,No,,,,,,,,,,,,,,,,,,,,,,,,,,,,,,,,,,,,,,,,,,,,,,,,,,,,,,,,,,,facebook.com/griddynamics,2006,Information Technology And Services,North America,United States,San Ramon,San Ramon,"San Ramon, California, United States",94583,California,5000 Executive Parkway,Grid Dynamics,1001-5000,Public,Email is valid.,Google Workspace,aspmx.l.google.com,FALSE,,,,,,,,,,,,,,,,,,,,,,,,,,,,No,,,,,,,,,,Smartlead users sheet; SL users validated; campaign_leads_2026-03-23_20-27-04_results - campaign_leads_2026-03-23_20-27-04_results.csv,,,,,,,,,,false,enrich,gmail,"""2026-06-06T10:37:49.903Z""",Gmail / Google Workspace,,,,,,,,,
,,marketing@bimakavach.com,,,,,,,,Smartlead users sheet; SL users validated; campaign_leads_2026-03-23_20-27-04_results - campaign_leads_2026-03-23_20-27-04_results.csv; Imported Leads,Yes,deliverable,No,,,,,,,,,,,,,,,,,,,,,,,,,,,,,,,,,,,,,,,,,,,,,,,,,,,,,,,,,,,facebook.com/bimakavachofficial,2021,Insurance,Asia,India,Viveknagar,Viveknagar,"Viveknagar, Karnataka, India",560047,Karnataka,,Bimakavach,11-50,Private,Email is valid.,Google Workspace,aspmx.l.google.com,FALSE,,,,,,,,,,,,,,,,,,,,,,,,,,,,No,,,,,,,,,,Smartlead users sheet; SL users validated; campaign_leads_2026-03-23_20-27-04_results - campaign_leads_2026-03-23_20-27-04_results.csv,,,,,,,,,,false,enrich,gmail,"""2026-06-06T10:37:49.909Z""",Gmail / Google Workspace,,,,,,,,,
,,ronald@heironmind.com,,,,,,,,Smartlead users sheet; SL users validated; campaign_leads_2026-03-23_20-27-04_results - campaign_leads_2026-03-23_20-27-04_results.csv; Imported Leads,Yes,deliverable,No,,,,,,,,,,,,,,,,,,,,,,,,,,,,,,,,,,,,,,,,,,,,,,,,,,,,,,,,,,,,2018,"Leisure, Travel & Tourism",Europe,United Kingdom,London,London,"London, England, United Kingdom",wc2n 4bd,England,121 Street Martin's Lane,Heiron Mind,1-10,Private,Email is valid.,Google Workspace,aspmx.l.google.com,FALSE,,,,,,,,,,,,,,,,,,,,,,,,,,,,No,,,,,,,,,,Smartlead users sheet; SL users validated; campaign_leads_2026-03-23_20-27-04_results - campaign_leads_2026-03-23_20-27-04_results.csv,,,,,,,,,,false,enrich,gmail,"""2026-06-06T10:37:49.912Z""",Gmail / Google Workspace,,,,,,,,,
,,jt@barringtonind.com,,,,,,,,Smartlead users sheet; SL users validated; campaign_leads_2026-03-23_20-27-04_results - campaign_leads_2026-03-23_20-27-04_results.csv; Imported Leads,Yes,deliverable,No,,,,,,,,,,,,,,,,,,,,,,,,,,,,,,,,,,,,,,,,,,,,,,,,,,,,,,,,,,,,,,,,,,,,,,,,,Email is valid.,Google Workspace,aspmx.l.google.com,FALSE,,,,,,,,,,,,,,,,,,,,,,,,,,,,No,,,,,,,,,,Smartlead users sheet; SL users validated; campaign_leads_2026-03-23_20-27-04_results - campaign_leads_2026-03-23_20-27-04_results.csv,,,,,,,,,,false,enrich,gmail,"""2026-06-06T10:37:49.910Z""",Gmail / Google Workspace,,,,,,,,,
,,ryan@lakecentermedia.com,,,,,,,,Smartlead users sheet; SL users validated; campaign_leads_2026-03-23_20-27-04_results - campaign_leads_2026-03-23_20-27-04_results.csv; Imported Leads,Yes,deliverable,No,,,,,,,,,,,,,,,,,,,,,,,,,,,,,,,,,,,,,,,,,,,,,,,,,,,,,,,,,,,,,,,,,,,,,,,,,Email is valid.,Google Workspace,aspmx.l.google.com,FALSE,,,,,,,,,,,,,,,,,,,,,,,,,,,,No,,,,,,,,,,Smartlead users sheet; SL users validated; campaign_leads_2026-03-23_20-27-04_results - campaign_leads_2026-03-23_20-27-04_results.csv,,,,,,,,,,false,enrich,gmail,"""2026-06-06T10:37:49.901Z""",Gmail / Google Workspace,,,,,,,,,
,,aidan@getanalog.ai,,,,,,,,Smartlead users sheet; SL users validated; campaign_leads_2026-03-23_20-27-04_results - campaign_leads_2026-03-23_20-27-04_results.csv; Imported Leads,Yes,deliverable,No,,,,,,,,,,,,,,,,,,,,,,,,,,,,,,,,,,,,,,,,,,,,,,,,,,,,,,,,,,,,,,,,,,,,,,,,,Email is valid.,Google Workspace,smtp.google.com,FALSE,,,,,,,,,,,,,,,,,,,,,,,,,,,,No,,,,,,,,,,Smartlead users sheet; SL users validated; campaign_leads_2026-03-23_20-27-04_results - campaign_leads_2026-03-23_20-27-04_results.csv,,,,,,,,,,false,enrich,gmail,"""2026-06-06T10:37:49.874Z""",Gmail / Google Workspace,,,,,,,,,
,,jrgil@jrgmedia.es,,,,,,,,Smartlead users sheet; SL users validated; campaign_leads_2026-03-23_20-27-04_results - campaign_leads_2026-03-23_20-27-04_results.csv; Imported Leads,No,risky,No,,,,,,,,,,,,,,,,,,,,,,,,,,,,,,,,,,,,,,,,,,,,,,,,,,,,,,,,,,,,,Marketing And Advertising,,,,,,,,,Jrg Media Es,1-10,Private,Email is valid.,,mx01.ionos.es,FALSE,,,,,,,,,,,,,,,,,,,,,,,,,,,,No,,,,,,,,,,Smartlead users sheet; SL users validated; campaign_leads_2026-03-23_20-27-04_results - campaign_leads_2026-03-23_20-27-04_results.csv,,,,,,,,,,false,enrich,other,"""2026-06-06T10:37:49.994Z""",Other,,,,,,,,,
,,carsten@samplesolutions.eu,,,,,,,,Smartlead users sheet; SL users validated; campaign_leads_2026-03-23_20-27-04_results - campaign_leads_2026-03-23_20-27-04_results.csv; Imported Leads,No,risky,No,,,,,,,,,,,,,,,,,,,,,,,,,,,,,,,,,,,,,,,,,,,,,,,,,,,,,,,,,,,,,,,,,,,,,,,,,Email is valid.,Google Workspace,aspmx.l.google.com,FALSE,,,,,,,,,,,,,,,,,,,,,,,,,,,,No,,,,,,,,,,Smartlead users sheet; SL users validated; campaign_leads_2026-03-23_20-27-04_results - campaign_leads_2026-03-23_20-27-04_results.csv,,,,,,,,,,false,enrich,gmail,"""2026-06-06T10:37:49.901Z""",Gmail / Google Workspace,,,,,,,,,
,,bryce@ottomatik.ai,,,,,,,,Smartlead users sheet; SL users validated; campaign_leads_2026-03-23_20-27-04_results - campaign_leads_2026-03-23_20-27-04_results.csv; Imported Leads,Yes,deliverable,No,,,,,,,,,,,,,,,,,,,,,,,,,,,,,,,,,,,,,,,,,,,,,,,,,,,,,,,,,,,,,,,,,,,,,,,,,Email is valid.,Google Workspace,smtp.google.com,FALSE,,,,,,,,,,,,,,,,,,,,,,,,,,,,No,,,,,,,,,,Smartlead users sheet; SL users validated; campaign_leads_2026-03-23_20-27-04_results - campaign_leads_2026-03-23_20-27-04_results.csv,,,,,,,,,,false,enrich,gmail,"""2026-06-06T10:37:49.874Z""",Gmail / Google Workspace,,,,,,,,,
,,campaigns@netxd.com,,,,,,,,Smartlead users sheet; SL users validated; campaign_leads_2026-03-23_20-27-04_results - campaign_leads_2026-03-23_20-27-04_results.csv; Imported Leads,Yes,deliverable,No,,,,,,,,,,,,,,,,,,,,,,,,,,,,,,,,,,,,,,,,,,,,,,,,,,,,,,,,,,,,2018,Information Technology And Services,Asia,India,Chennai,Chennai,"Chennai, Tamil Nadu, India",,Tamil Nadu,,Netxd Inc.,51-200,Private,Email is valid.,Google Workspace,aspmx.l.google.com,FALSE,,,,,,,,,,,,,,,,,,,,,,,,,,,,No,,,,,,,,,,Smartlead users sheet; SL users validated; campaign_leads_2026-03-23_20-27-04_results - campaign_leads_2026-03-23_20-27-04_results.csv,,,,,,,,,,false,enrich,gmail,"""2026-06-06T10:37:49.931Z""",Gmail / Google Workspace,,,,,,,,,
,,info@cold2gold.de,,,,,,,,Smartlead users sheet; SL users validated; campaign_leads_2026-03-23_20-27-04_results - campaign_leads_2026-03-23_20-27-04_results.csv; Imported Leads,No,risky,No,,,,,,,,,,,,,,,,,,,,,,,,,,,,,,,,,,,,,,,,,,,,,,,,,,,,,,,,,,,,,,,,,,,,,,,,,Email is valid.,Google Workspace,smtp.google.com,FALSE,,,,,,,,,,,,,,,,,,,,,,,,,,,,No,,,,,,,,,,Smartlead users sheet; SL users validated; campaign_leads_2026-03-23_20-27-04_results - campaign_leads_2026-03-23_20-27-04_results.csv,,,,,,,,,,false,enrich,gmail,"""2026-06-06T10:37:49.892Z""",Gmail / Google Workspace,,,,,,,,,
,,michael@lightandline.co,,,,,,,,Smartlead users sheet; SL users validated; campaign_leads_2026-03-23_20-27-04_results - campaign_leads_2026-03-23_20-27-04_results.csv; Imported Leads,Yes,deliverable,No,,,,,,,,,,,,,,,,,,,,,,,,,,,,,,,,,,,,,,,,,,,,,,,,,,,,,,,,,,,,,,,,,,,,,,,,,Email is valid.,Google Workspace,aspmx.l.google.com,FALSE,,,,,,,,,,,,,,,,,,,,,,,,,,,,No,,,,,,,,,,Smartlead users sheet; SL users validated; campaign_leads_2026-03-23_20-27-04_results - campaign_leads_2026-03-23_20-27-04_results.csv,,,,,,,,,,false,enrich,gmail,"""2026-06-06T10:37:49.922Z""",Gmail / Google Workspace,,,,,,,,,
,,emmanuel@visage.jobs,,,,,,,,Smartlead users sheet; SL users validated; campaign_leads_2026-03-23_20-27-04_results - campaign_leads_2026-03-23_20-27-04_results.csv; Imported Leads,Yes,deliverable,No,,,,,,,,,,,,,,,,,,,,,,,,,,,,,,,,,,,,,,,,,,,,,,,,,,,,,,,,,,,facebook.com/visagefinder,2016,Internet,North America,United States,San Francisco,San Francisco,"San Francisco, California, United States",94104,California,180 Sansome Street,Visage.jobs,51-200,Private,Email is valid.,Google Workspace,aspmx.l.google.com,FALSE,,,,,,,,,,,,,,,,,,,,,,,,,,,,No,,,,,,,,,,Smartlead users sheet; SL users validated; campaign_leads_2026-03-23_20-27-04_results - campaign_leads_2026-03-23_20-27-04_results.csv,,,,,,,,,,false,enrich,,,,,,,,,,,,
,,elias@appraisr.com.au,,,,,,,,Smartlead users sheet; SL users validated; campaign_leads_2026-03-23_20-27-04_results - campaign_leads_2026-03-23_20-27-04_results.csv; Imported Leads,Yes,deliverable,No,,,,,,,,,,,,,,,,,,,,,,,,,,,,,,,,,,,,,,,,,,,,,,,,,,,,,,,,,,,,,,,,,,,,,,,,,Email is valid.,Google Workspace,ASPMX.L.GOOGLE.COM,FALSE,,,,,,,,,,,,,,,,,,,,,,,,,,,,No,,,,,,,,,,Smartlead users sheet; SL users validated; campaign_leads_2026-03-23_20-27-04_results - campaign_leads_2026-03-23_20-27-04_results.csv,,,,,,,,,,false,enrich,gmail,"""2026-06-06T10:37:49.901Z""",Gmail / Google Workspace,,,,,,,,,
,,speedify.agency@gmail.com,,,,,,,,Smartlead users sheet; SL users validated; campaign_leads_2026-03-23_20-27-04_results - campaign_leads_2026-03-23_20-27-04_results.csv; Imported Leads,No,risky,No,,,,,,,,,,,,,,,,,,,,,,,,,,,,,,,,,,,,,,,,,,,,,,,,,,,,,,,,,,,,,,,,,,,,,,,,,Email is valid.,Google Workspace,gmail-smtp-in.l.google.com,FALSE,,,,,,,,,,,,,,,,,,,,,,,,,,,,No,,,,,,,,,,Smartlead users sheet; SL users validated; campaign_leads_2026-03-23_20-27-04_results - campaign_leads_2026-03-23_20-27-04_results.csv,,,,,,,,,,false,enrich,gmail,"""2026-06-06T10:37:49.559Z""",Gmail / Google Workspace,,,,,,,,,
,,mestubrin@gmail.com,,,,,,,,Smartlead users sheet; SL users validated; campaign_leads_2026-03-23_20-27-04_results - campaign_leads_2026-03-23_20-27-04_results.csv; Imported Leads,No,risky,No,,,,,,,,,,,,,,,,,,,,,,,,,,,,,,,,,,,,,,,,,,,,,,,,,,,,,,,,,,,,,,,,,,,,,,,,,Email is valid.,Google Workspace,gmail-smtp-in.l.google.com,FALSE,,,,,,,,,,,,,,,,,,,,,,,,,,,,No,,,,,,,,,,Smartlead users sheet; SL users validated; campaign_leads_2026-03-23_20-27-04_results - campaign_leads_2026-03-23_20-27-04_results.csv,,,,,,,,,,false,enrich,gmail,"""2026-06-06T10:37:49.559Z""",Gmail / Google Workspace,,,,,,,,,
,,hello@9xlocal.com,,,,,,,,Smartlead users sheet; SL users validated; campaign_leads_2026-03-23_20-27-04_results - campaign_leads_2026-03-23_20-27-04_results.csv; Imported Leads,Yes,deliverable,No,,,,,,,,,,,,,,,,,,,,,,,,,,,,,,,,,,,,,,,,,,,,,,,,,,,,,,,,,,,,,,,,,,,,,,,,,Email is valid.,Google Workspace,aspmx.l.google.com,FALSE,,,,,,,,,,,,,,,,,,,,,,,,,,,,No,,,,,,,,,,Smartlead users sheet; SL users validated; campaign_leads_2026-03-23_20-27-04_results - campaign_leads_2026-03-23_20-27-04_results.csv,,,,,,,,,,false,enrich,gmail,"""2026-06-06T10:37:49.883Z""",Gmail / Google Workspace,,,,,,,,,
,,federico@meetlaraai.com,,,,,,,,Smartlead users sheet; SL users validated; campaign_leads_2026-03-23_20-27-04_results - campaign_leads_2026-03-23_20-27-04_results.csv; Imported Leads,Yes,deliverable,No,,,,,,,,,,,,,,,,,,,,,,,,,,,,,,,,,,,,,,,,,,,,,,,,,,,,,,,,,,,,,,,,,,,,,,,,,Email is valid.,Google Workspace,aspmx.l.google.com,FALSE,,,,,,,,,,,,,,,,,,,,,,,,,,,,No,,,,,,,,,,Smartlead users sheet; SL users validated; campaign_leads_2026-03-23_20-27-04_results - campaign_leads_2026-03-23_20-27-04_results.csv,,,,,,,,,,false,enrich,gmail,"""2026-06-06T10:37:49.874Z""",Gmail / Google Workspace,,,,,,,,,
,,admin@intuitivelabs.ai,,,,,,,,Smartlead users sheet; SL users validated; campaign_leads_2026-03-23_20-27-04_results - campaign_leads_2026-03-23_20-27-04_results.csv; Imported Leads,Yes,deliverable,No,,,,,,,,,,,,,,,,,,,,,,,,,,,,,,,,,,,,,,,,,,,,,,,,,,,,,,,,,,,,,,,,,,,,,,,,,Email is valid.,Google Workspace,aspmx.l.google.com,FALSE,,,,,,,,,,,,,,,,,,,,,,,,,,,,No,,,,,,,,,,Smartlead users sheet; SL users validated; campaign_leads_2026-03-23_20-27-04_results - campaign_leads_2026-03-23_20-27-04_results.csv,,,,,,,,,,false,enrich,gmail,"""2026-06-06T10:37:49.892Z""",Gmail / Google Workspace,,,,,,,,,
,,stefan@shipaid.com,,,,,,,,Smartlead users sheet; SL users validated; campaign_leads_2026-03-23_20-27-04_results - campaign_leads_2026-03-23_20-27-04_results.csv; Imported Leads,Yes,deliverable,No,,,,,,,,,,,,,,,,,,,,,,,,,,,,,,,,,,,,,,,,,,,,,,,,,,,,,,,,,,,,2022,Computer Software,North America,United States,Four States,Four States,"Four States, West Virginia, United States",,West Virginia,,Shipaid,1-10,Private,Email is valid.,Google Workspace,aspmx.l.google.com,FALSE,,,,,,,,,,,,,,,,,,,,,,,,,,,,No,,,,,,,,,,Smartlead users sheet; SL users validated; campaign_leads_2026-03-23_20-27-04_results - campaign_leads_2026-03-23_20-27-04_results.csv,,,,,,,,,,false,enrich,gmail,"""2026-06-06T10:37:49.922Z""",Gmail / Google Workspace,,,,,,,,,
,,anubrota@eequ.org,,,,,,,,Smartlead users sheet; SL users validated; campaign_leads_2026-03-23_20-27-04_results - campaign_leads_2026-03-23_20-27-04_results.csv; Imported Leads,No,undeliverable,No,,,,,,,,,,,,,,,,,,,,,,,,,,,,,,,,,,,,,,,,,,,,,,,,,,,,,,,,,,,facebook.com/eequ.org,2018,Education Management,Europe,United Kingdom,Forest Row,Forest Row,"Forest Row, England, United Kingdom",rh18 5,England,,Eequ,11-50,Private,Email is valid.,Google Workspace,aspmx.l.google.com,FALSE,,,,,,,,,,,,,,,,,,,,,,,,,,,,No,,,,,,,,,,Smartlead users sheet; SL users validated; campaign_leads_2026-03-23_20-27-04_results - campaign_leads_2026-03-23_20-27-04_results.csv,,,,,,,,,,false,enrich,gmail,"""2026-06-06T10:37:49.892Z""",Gmail / Google Workspace,,,,,,,,,
,,simeon@fudge.ai,,,,,,,,Smartlead users sheet; SL users validated; campaign_leads_2026-03-23_20-27-04_results - campaign_leads_2026-03-23_20-27-04_results.csv; Imported Leads,No,risky,No,,,,,,,,,,,,,,,,,,,,,,,,,,,,,,,,,,,,,,,,,,,,,,,,,,,,,,,,,,,,,Computer Software,,,,,,,,,Fudge,1-10,Private,Email is valid.,Google Workspace,aspmx.l.google.com,FALSE,,,,,,,,,,,,,,,,,,,,,,,,,,,,No,,,,,,,,,,Smartlead users sheet; SL users validated; campaign_leads_2026-03-23_20-27-04_results - campaign_leads_2026-03-23_20-27-04_results.csv,,,,,,,,,,false,enrich,gmail,"""2026-06-06T10:37:49.874Z""",Gmail / Google Workspace,,,,,,,,,
Ves,Georgiev,ves@passion4growth.biz,,Chief Executive Officer,,Bulgaria,,Bulgaria,https://www.linkedin.com/in/vesgeorgiev/,Smartlead users sheet; SL users validated; campaign_leads_2026-03-23_20-27-04_results - campaign_leads_2026-03-23_20-27-04_results.csv; Imported Leads,Yes,deliverable,No,,,,,passion4growth.biz,,,,,,,,,,,,,,,,,,,,,,,,,,,,,,,Passion4Growth,,,,,,,,,,,,,,,,,,,,,,,,,,,,,,,,,,,,,,,,,"Bulgaria, Bulgaria",,,,,,,,,,,,,,,,,,,,,,,,,,,No,,,,,,,,,,Smartlead users sheet; SL users validated; campaign_leads_2026-03-23_20-27-04_results - campaign_leads_2026-03-23_20-27-04_results.csv; Imported Leads,,,,,,,,,,false,enrich,gmail,"""2026-06-06T10:37:50.043Z""",Gmail / Google Workspace,,,,,,,,,
,,erin@finhivesolutions.com,,,,,,,,Smartlead users sheet; SL users validated; campaign_leads_2026-03-23_20-27-04_results - campaign_leads_2026-03-23_20-27-04_results.csv; Imported Leads,Yes,deliverable,No,,,,,,,,,,,,,,,,,,,,,,,,,,,,,,,,,,,,,,,,,,,,,,,,,,,,,,,,,,,,,,,,,,,,,,,,,Email is valid.,Google Workspace,aspmx.l.google.com,FALSE,,,,,,,,,,,,,,,,,,,,,,,,,,,,No,,,,,,,,,,Smartlead users sheet; SL users validated; campaign_leads_2026-03-23_20-27-04_results - campaign_leads_2026-03-23_20-27-04_results.csv,,,,,,,,,,false,enrich,gmail,"""2026-06-06T10:37:49.922Z""",Gmail / Google Workspace,,,,,,,,,
,,support@portfolioplay.studio,,,,,,,,Smartlead users sheet; SL users validated; campaign_leads_2026-03-23_20-27-04_results - campaign_leads_2026-03-23_20-27-04_results.csv; Imported Leads,Yes,deliverable,No,,,,,,,,,,,,,,,,,,,,,,,,,,,,,,,,,,,,,,,,,,,,,,,,,,,,,,,,,,,,,,,,,,,,,,,,,Email is valid.,Google Workspace,aspmx.l.google.com,FALSE,,,,,,,,,,,,,,,,,,,,,,,,,,,,No,,,,,,,,,,Smartlead users sheet; SL users validated; campaign_leads_2026-03-23_20-27-04_results - campaign_leads_2026-03-23_20-27-04_results.csv,,,,,,,,,,false,enrich,gmail,"""2026-06-06T10:37:49.892Z""",Gmail / Google Workspace,,,,,,,,,
,,glen@glencoco.io,,,,,,,,Smartlead users sheet; SL users validated; campaign_leads_2026-03-23_20-27-04_results - campaign_leads_2026-03-23_20-27-04_results.csv; Imported Leads,Yes,deliverable,No,,,,,,,,,,,,,,,,,,,,,,,,,,,,,,,,,,,,,,,,,,,,,,,,,,,,,,,,,,,,,,,,,,,,,,,,,Email is valid.,Google Workspace,aspmx.l.google.com,FALSE,,,,,,,,,,,,,,,,,,,,,,,,,,,,No,,,,,,,,,,Smartlead users sheet; SL users validated; campaign_leads_2026-03-23_20-27-04_results - campaign_leads_2026-03-23_20-27-04_results.csv,,,,,,,,,,false,enrich,gmail,"""2026-06-06T10:37:49.892Z""",Gmail / Google Workspace,,,,,,,,,
,,jack@taovfilm.com,,,,,,,,Smartlead users sheet; SL users validated; campaign_leads_2026-03-23_20-27-04_results - campaign_leads_2026-03-23_20-27-04_results.csv; Imported Leads,Yes,deliverable,No,,,,,,,,,,,,,,,,,,,,,,,,,,,,,,,,,,,,,,,,,,,,,,,,,,,,,,,,,,,,,,,,,,,,,,,,,Email is valid.,Google Workspace,smtp.google.com,FALSE,,,,,,,,,,,,,,,,,,,,,,,,,,,,No,,,,,,,,,,Smartlead users sheet; SL users validated; campaign_leads_2026-03-23_20-27-04_results - campaign_leads_2026-03-23_20-27-04_results.csv,,,,,,,,,,false,enrich,gmail,"""2026-06-06T10:37:49.667Z""",Gmail / Google Workspace,,,,,,,,,
,,darin@firstphasecapital.com,,,,,,,,Smartlead users sheet; SL users validated; campaign_leads_2026-03-23_20-27-04_results - campaign_leads_2026-03-23_20-27-04_results.csv; Imported Leads,Yes,deliverable,No,,,,,,,,,,,,,,,,,,,,,,,,,,,,,,,,,,,,,,,,,,,,,,,,,,,,,,,,,,,,2017,Media Production,North America,Canada,Vancouver,Vancouver,"Vancouver, British Columbia, Canada",v6b 4n8,British Columbia,650 West Georgia Street 2110,First Phase Capital,11-50,Private,Email is valid.,Google Workspace,aspmx.l.google.com,FALSE,,,,,,,,,,,,,,,,,,,,,,,,,,,,No,,,,,,,,,,Smartlead users sheet; SL users validated; campaign_leads_2026-03-23_20-27-04_results - campaign_leads_2026-03-23_20-27-04_results.csv,,,,,,,,,,false,enrich,gmail,"""2026-06-06T10:37:49.678Z""",Gmail / Google Workspace,,,,,,,,,
,,kesley@gozoek.com,,,,,,,,Smartlead users sheet; SL users validated; campaign_leads_2026-03-23_20-27-04_results - campaign_leads_2026-03-23_20-27-04_results.csv; Imported Leads,Yes,deliverable,No,,,,,,,,,,,,,,,,,,,,,,,,,,,,,,,,,,,,,,,,,,,,,,,,,,,,,,,,,,,facebook.com/gozoek,2015,Marketing And Advertising,North America,United States,Irvine,Irvine,"Irvine, California, United States",92618,California,530 And 200,Zoek Marketing,201-500,Private,Email is valid.,Google Workspace,aspmx.l.google.com,FALSE,,,,,,,,,,,,,,,,,,,,,,,,,,,,No,,,,,,,,,,Smartlead users sheet; SL users validated; campaign_leads_2026-03-23_20-27-04_results - campaign_leads_2026-03-23_20-27-04_results.csv,,,,,,,,,,false,enrich,gmail,"""2026-06-06T10:37:49.874Z""",Gmail / Google Workspace,,,,,,,,,
,,sergi@stimuli.digital,,,,,,,,Smartlead users sheet; SL users validated; campaign_leads_2026-03-23_20-27-04_results - campaign_leads_2026-03-23_20-27-04_results.csv; Imported Leads,Yes,deliverable,No,,,,,,,,,,,,,,,,,,,,,,,,,,,,,,,,,,,,,,,,,,,,,,,,,,,,,,,,,,,,,,,,,,,,,,,,,Email is valid.,Google Workspace,aspmx.l.google.com,FALSE,,,,,,,,,,,,,,,,,,,,,,,,,,,,No,,,,,,,,,,Smartlead users sheet; SL users validated; campaign_leads_2026-03-23_20-27-04_results - campaign_leads_2026-03-23_20-27-04_results.csv,,,,,,,,,,false,enrich,gmail,"""2026-06-06T10:37:49.678Z""",Gmail / Google Workspace,,,,,,,,,
,,fabian@operatana.com,,,,,,,,Smartlead users sheet; SL users validated; campaign_leads_2026-03-23_20-27-04_results - campaign_leads_2026-03-23_20-27-04_results.csv; Imported Leads,Yes,deliverable,No,,,,,,,,,,,,,,,,,,,,,,,,,,,,,,,,,,,,,,,,,,,,,,,,,,,,,,,,,,,,,,,,,,,,,,Operatana,1-10,Private,Email is valid.,Google Workspace,aspmx.l.google.com,FALSE,,,,,,,,,,,,,,,,,,,,,,,,,,,,No,,,,,,,,,,Smartlead users sheet; SL users validated; campaign_leads_2026-03-23_20-27-04_results - campaign_leads_2026-03-23_20-27-04_results.csv,,,,,,,,,,false,enrich,gmail,"""2026-06-06T10:37:49.931Z""",Gmail / Google Workspace,,,,,,,,,
,,faktury@propseo.pl,,,,,,,,Smartlead users sheet; SL users validated; campaign_leads_2026-03-23_20-27-04_results - campaign_leads_2026-03-23_20-27-04_results.csv; Imported Leads,Yes,deliverable,No,,,,,,,,,,,,,,,,,,,,,,,,,,,,,,,,,,,,,,,,,,,,,,,,,,,,,,,,,,,,2020,Marketing And Advertising,Europe,Poland,Wrocław,Wrocław,"Wrocław, Lower Silesian, Poland",50-203,Lower Silesian,17 Romana Dmowskiego,Propseo,11-50,Private,Email is valid.,Google Workspace,SMTP.GOOGLE.COM,FALSE,,,,,,,,,,,,,,,,,,,,,,,,,,,,No,,,,,,,,,,Smartlead users sheet; SL users validated; campaign_leads_2026-03-23_20-27-04_results - campaign_leads_2026-03-23_20-27-04_results.csv,,,,,,,,,,false,enrich,gmail,"""2026-06-06T10:37:49.678Z""",Gmail / Google Workspace,,,,,,,,,
,,antonio.silva@team-gpt.com,,,,,,,,Smartlead users sheet; SL users validated; campaign_leads_2026-03-23_20-27-04_results - campaign_leads_2026-03-23_20-27-04_results.csv; Imported Leads,No,undeliverable,No,,,,,,,,,,,,,,,,,,,,,,,,,,,,,,,,,,,,,,,,,,,,,,,,,,,,,,,,,,,,2023,Computer Software,North America,United States,San Francisco,San Francisco,"San Francisco, California, United States",,California,,Team-gpt,11-50,Private,Email is valid.,Google Workspace,aspmx.l.google.com,FALSE,,,,,,,,,,,,,,,,,,,,,,,,,,,,No,,,,,,,,,,Smartlead users sheet; SL users validated; campaign_leads_2026-03-23_20-27-04_results - campaign_leads_2026-03-23_20-27-04_results.csv,,,,,,,,,,false,enrich,gmail,"""2026-06-06T10:37:49.677Z""",Gmail / Google Workspace,,,,,,,,,
,,seba@platinumprisma.ai,,,,,,,,Smartlead users sheet; SL users validated; campaign_leads_2026-03-23_20-27-04_results - campaign_leads_2026-03-23_20-27-04_results.csv; Imported Leads,Yes,deliverable,No,,,,,,,,,,,,,,,,,,,,,,,,,,,,,,,,,,,,,,,,,,,,,,,,,,,,,,,,,,,,,,,,,,,,,,,,,Email is valid.,Google Workspace,aspmx.l.google.com,FALSE,,,,,,,,,,,,,,,,,,,,,,,,,,,,No,,,,,,,,,,Smartlead users sheet; SL users validated; campaign_leads_2026-03-23_20-27-04_results - campaign_leads_2026-03-23_20-27-04_results.csv,,,,,,,,,,false,enrich,gmail,"""2026-06-06T10:37:49.678Z""",Gmail / Google Workspace,,,,,,,,,
,,lavinie3@mechanicspedia.com,,,,,,,,Smartlead users sheet; SL users validated; campaign_leads_2026-03-23_20-27-04_results - campaign_leads_2026-03-23_20-27-04_results.csv; Imported Leads,No,undeliverable,No,,,,,,,,,,,,,,,,,,,,,,,,,,,,,,,,,,,,,,,,,,,,,,,,,,,,,,,,,,,,,,,,,,,,,,,,,Email is valid.,,in.mail.tm,FALSE,,,,,,,,,,,,,,,,,,,,,,,,,,,,No,,,,,,,,,,Smartlead users sheet; SL users validated; campaign_leads_2026-03-23_20-27-04_results - campaign_leads_2026-03-23_20-27-04_results.csv,,,,,,,,,,false,enrich,other,"""2026-06-06T10:37:50.077Z""",Other,,,,,,,,,
,,ilyess.ahtak@precisionb2b.com,,,,,,,,Smartlead users sheet; SL users validated; campaign_leads_2026-03-23_20-27-04_results - campaign_leads_2026-03-23_20-27-04_results.csv; Imported Leads,Yes,deliverable,No,,,,,,,,,,,,,,,,,,,,,,,,,,,,,,,,,,,,,,,,,,,,,,,,,,,,,,,,,,,,,,,,,,,,,,,,,Email is valid.,,mx1.hostinger.com,FALSE,,,,,,,,,,,,,,,,,,,,,,,,,,,,No,,,,,,,,,,Smartlead users sheet; SL users validated; campaign_leads_2026-03-23_20-27-04_results - campaign_leads_2026-03-23_20-27-04_results.csv,,,,,,,,,,false,enrich,other,"""2026-06-06T10:37:50.135Z""",Other,,,,,,,,,
,,shivam@thatha.org,,,,,,,,Smartlead users sheet; SL users validated; campaign_leads_2026-03-23_20-27-04_results - campaign_leads_2026-03-23_20-27-04_results.csv; Imported Leads,Yes,deliverable,No,,,,,,,,,,,,,,,,,,,,,,,,,,,,,,,,,,,,,,,,,,,,,,,,,,,,,,,,,,,,2019,Marketing And Advertising,Asia,India,Bangalore,Bangalore,"Bangalore, Karnataka, India",,Karnataka,,Thatha Business Development Llp,1-10,Private,Email is valid.,Google Workspace,aspmx.l.google.com,FALSE,,,,,,,,,,,,,,,,,,,,,,,,,,,,No,,,,,,,,,,Smartlead users sheet; SL users validated; campaign_leads_2026-03-23_20-27-04_results - campaign_leads_2026-03-23_20-27-04_results.csv,,,,,,,,,,false,enrich,gmail,"""2026-06-06T10:37:49.883Z""",Gmail / Google Workspace,,,,,,,,,
,,fathysehla@gmail.com,,,,,,,,Smartlead users sheet; SL users validated; campaign_leads_2026-03-23_20-27-04_results - campaign_leads_2026-03-23_20-27-04_results.csv; Imported Leads,No,risky,No,,,,,,,,,,,,,,,,,,,,,,,,,,,,,,,,,,,,,,,,,,,,,,,,,,,,,,,,,,,,,,,,,,,,,,,,,Email is valid.,Google Workspace,gmail-smtp-in.l.google.com,FALSE,,,,,,,,,,,,,,,,,,,,,,,,,,,,No,,,,,,,,,,Smartlead users sheet; SL users validated; campaign_leads_2026-03-23_20-27-04_results - campaign_leads_2026-03-23_20-27-04_results.csv,,,,,,,,,,false,enrich,gmail,"""2026-06-06T10:37:49.559Z""",Gmail / Google Workspace,,,,,,,,,
,,francis@talentguys.com,,,,,,,,Smartlead users sheet; SL users validated; campaign_leads_2026-03-23_20-27-04_results - campaign_leads_2026-03-23_20-27-04_results.csv; Imported Leads,Yes,deliverable,No,,,,,,,,,,,,,,,,,,,,,,,,,,,,,,,,,,,,,,,,,,,,,,,,,,,,,,,,,,,,,Staffing And Recruiting,Asia,Philippines,,,,,Manila,,Talent Guys,1-10,Private,Email is valid.,Google Workspace,smtp.google.com,FALSE,,,,,,,,,,,,,,,,,,,,,,,,,,,,No,,,,,,,,,,Smartlead users sheet; SL users validated; campaign_leads_2026-03-23_20-27-04_results - campaign_leads_2026-03-23_20-27-04_results.csv,,,,,,,,,,false,enrich,gmail,"""2026-06-06T10:37:49.757Z""",Gmail / Google Workspace,,,,,,,,,
,,patrick@spychalski.me,,,,,,,,Smartlead users sheet; SL users validated; campaign_leads_2026-03-23_20-27-04_results - campaign_leads_2026-03-23_20-27-04_results.csv; Imported Leads,Yes,deliverable,No,,,,,,,,,,,,,,,,,,,,,,,,,,,,,,,,,,,,,,,,,,,,,,,,,,,,,,,,,,,,,,,,,,,,,,,,,Email is valid.,Google Workspace,aspmx.l.google.com,FALSE,,,,,,,,,,,,,,,,,,,,,,,,,,,,No,,,,,,,,,,Smartlead users sheet; SL users validated; campaign_leads_2026-03-23_20-27-04_results - campaign_leads_2026-03-23_20-27-04_results.csv,,,,,,,,,,false,enrich,gmail,"""2026-06-06T10:37:49.874Z""",Gmail / Google Workspace,,,,,,,,,
,,services@getsally.io,,,,,,,,Smartlead users sheet; SL users validated; campaign_leads_2026-03-23_20-27-04_results - campaign_leads_2026-03-23_20-27-04_results.csv; Imported Leads,Yes,deliverable,No,,,,,,,,,,,,,,,,,,,,,,,,,,,,,,,,,,,,,,,,,,,,,,,,,,,,,,,,,,,,2022,Internet,North America,United States,San Francisco,San Francisco,"San Francisco, California, United States",94062,California,,Sally – Ai Sales Representative,11-50,Private,Email is valid.,Google Workspace,aspmx.l.google.com,FALSE,,,,,,,,,,,,,,,,,,,,,,,,,,,,No,,,,,,,,,,Smartlead users sheet; SL users validated; campaign_leads_2026-03-23_20-27-04_results - campaign_leads_2026-03-23_20-27-04_results.csv,,,,,,,,,,false,enrich,gmail,"""2026-06-06T10:37:49.892Z""",Gmail / Google Workspace,,,,,,,,,
,,austin@eskaycapital.com,,,,,,,,Smartlead users sheet; SL users validated; campaign_leads_2026-03-23_20-27-04_results - campaign_leads_2026-03-23_20-27-04_results.csv; Imported Leads,Yes,deliverable,No,,,,,,,,,,,,,,,,,,,,,,,,,,,,,,,,,,,,,,,,,,,,,,,,,,,,,,,,,,,,,Financial Services,,,,,,,,,Eskay Capital Ltd,1-10,Private,Email is valid.,Google Workspace,aspmx.l.google.com,FALSE,,,,,,,,,,,,,,,,,,,,,,,,,,,,No,,,,,,,,,,Smartlead users sheet; SL users validated; campaign_leads_2026-03-23_20-27-04_results - campaign_leads_2026-03-23_20-27-04_results.csv,,,,,,,,,,false,enrich,gmail,"""2026-06-06T10:37:49.898Z""",Gmail / Google Workspace,,,,,,,,,
Joey,Dentici,joey@speakhyve.io,Speakhyve,Founder,,Scottsdale,Arizona,United States,https://www.linkedin.com/in/joey-dentici-9990b3182/,Smartlead users sheet; SL users validated; campaign_leads_2026-03-23_20-27-04_results - campaign_leads_2026-03-23_20-27-04_results.csv; Imported Leads,Yes,deliverable,No,,,,,2,,3.50,,,,,,,,,,,,,,,,,,,,,,,,,,,,,,,,,,,1,,,,,2026-01,0.00,,0.00,,,,,,,,,,,,,,,,,,,,,,,,,,,"Scottsdale, Arizona, United States",gmail,"""2026-03-31T21:06:52.542Z""",Google Workspace,,4,,,,,,,,,,,none,none,,,,,,,,,,No,No,,,,,,,0.00,,Smartlead users sheet; SL users validated; campaign_leads_2026-03-23_20-27-04_results - campaign_leads_2026-03-23_20-27-04_results.csv; Imported Leads,Imported Leads; SL Users,Core Wolf,,8,0.00,14.00,,14.00,0.00,false,enrich,gmail,"""2026-06-06T10:37:49.678Z""",Gmail / Google Workspace,,,,,,,,,
,,aramide@qooqs.co.uk,,,,,,,,Smartlead users sheet; SL users validated; campaign_leads_2026-03-23_20-27-04_results - campaign_leads_2026-03-23_20-27-04_results.csv; Imported Leads,Yes,deliverable,No,,,,,,,,,,,,,,,,,,,,,,,,,,,,,,,,,,,,,,,,,,,,,,,,,,,,,,,,,,,,,,,,,,,,,,,,,Email is valid.,Zoho Mail,mx.zoho.eu,FALSE,,,,,,,,,,,,,,,,,,,,,,,,,,,,No,,,,,,,,,,Smartlead users sheet; SL users validated; campaign_leads_2026-03-23_20-27-04_results - campaign_leads_2026-03-23_20-27-04_results.csv,,,,,,,,,,false,enrich,zoho,"""2026-06-06T10:37:49.926Z""",Zoho Mail,,,,,,,,,
,,edward@rebelfit.io,,,,,,,,Smartlead users sheet; SL users validated; campaign_leads_2026-03-23_20-27-04_results - campaign_leads_2026-03-23_20-27-04_results.csv; Imported Leads,Yes,deliverable,No,,,,,,,,,,,,,,,,,,,,,,,,,,,,,,,,,,,,,,,,,,,,,,,,,,,,,,,,,,,,2019,,,,,,,,,,Rebelfit.io,11-50,Private,Email is valid.,Google Workspace,aspmx.l.google.com,FALSE,,,,,,,,,,,,,,,,,,,,,,,,,,,,No,,,,,,,,,,Smartlead users sheet; SL users validated; campaign_leads_2026-03-23_20-27-04_results - campaign_leads_2026-03-23_20-27-04_results.csv,,,,,,,,,,false,enrich,gmail,"""2026-06-06T10:37:49.677Z""",Gmail / Google Workspace,,,,,,,,,
,,jc.christian@outreachai.co,,,,,,,,Smartlead users sheet; SL users validated; campaign_leads_2026-03-23_20-27-04_results - campaign_leads_2026-03-23_20-27-04_results.csv; Imported Leads,Yes,deliverable,No,,,,,,,,,,,,,,,,,,,,,,,,,,,,,,,,,,,,,,,,,,,,,,,,,,,,,,,,,,,,,Computer Software,North America,United States,,,,94088,California,,Outreachai,1-10,Private,Email is valid.,Google Workspace,aspmx.l.google.com,FALSE,,,,,,,,,,,,,,,,,,,,,,,,,,,,No,,,,,,,,,,Smartlead users sheet; SL users validated; campaign_leads_2026-03-23_20-27-04_results - campaign_leads_2026-03-23_20-27-04_results.csv,,,,,,,,,,false,enrich,gmail,"""2026-06-06T10:37:49.631Z""",Gmail / Google Workspace,,,,,,,,,
,,kayla@localseosearch.ca,,,,,,,,Smartlead users sheet; SL users validated; campaign_leads_2026-03-23_20-27-04_results - campaign_leads_2026-03-23_20-27-04_results.csv; Imported Leads,Yes,deliverable,No,,,,,,,,,,,,,,,,,,,,,,,,,,,,,,,,,,,,,,,,,,,,,,,,,,,,,,,,,,,facebook.com/localseosearch,2013,Marketing And Advertising,North America,Canada,Toronto,Toronto,"Toronto, Ontario, Canada",m5t 0a9,Ontario,210 Simcoe Street,Local Seo Search,11-50,Private,Email is valid.,Google Workspace,aspmx.l.google.com,FALSE,,,,,,,,,,,,,,,,,,,,,,,,,,,,No,,,,,,,,,,Smartlead users sheet; SL users validated; campaign_leads_2026-03-23_20-27-04_results - campaign_leads_2026-03-23_20-27-04_results.csv,,,,,,,,,,false,enrich,gmail,"""2026-06-06T10:37:49.677Z""",Gmail / Google Workspace,,,,,,,,,
,,comleads@405mediagroup.com,,,,,,,,Smartlead users sheet; SL users validated; campaign_leads_2026-03-23_20-27-04_results - campaign_leads_2026-03-23_20-27-04_results.csv; Imported Leads,Yes,deliverable,No,,,,,,,,,,,,,,,,,,,,,,,,,,,,,,,,,,,,,,,,,,,,,,,,,,,,,,,,,,,facebook.com/405mediagroup,2008,Marketing And Advertising,North America,United States,Minneapolis,Minneapolis,"Minneapolis, Minnesota, United States",55416,Minnesota,3100 West Lake Street,405 Media Group,11-50,Private,Email is valid.,Google Workspace,aspmx.l.google.com,FALSE,,,,,,,,,,,,,,,,,,,,,,,,,,,,No,,,,,,,,,,Smartlead users sheet; SL users validated; campaign_leads_2026-03-23_20-27-04_results - campaign_leads_2026-03-23_20-27-04_results.csv,,,,,,,,,,false,enrich,gmail,"""2026-06-06T10:37:49.911Z""",Gmail / Google Workspace,,,,,,,,,
,,jake.c@openborder.com,,,,,,,,Smartlead users sheet; SL users validated; campaign_leads_2026-03-23_20-27-04_results - campaign_leads_2026-03-23_20-27-04_results.csv; Imported Leads,Yes,deliverable,No,,,,,,,,,,,,,,,,,,,,,,,,,,,,,,,,,,,,,,,,,,,,,,,,,,,,,,,,,,,,2023,Computer Software,,,,,,,,,Openborder,51-200,Private,Email is valid.,Google Workspace,aspmx.l.google.com,FALSE,,,,,,,,,,,,,,,,,,,,,,,,,,,,No,,,,,,,,,,Smartlead users sheet; SL users validated; campaign_leads_2026-03-23_20-27-04_results - campaign_leads_2026-03-23_20-27-04_results.csv,,,,,,,,,,false,enrich,gmail,"""2026-06-06T10:37:49.898Z""",Gmail / Google Workspace,,,,,,,,,
,,caner@kind.community,,,,,,,,Smartlead users sheet; SL users validated; campaign_leads_2026-03-23_20-27-04_results - campaign_leads_2026-03-23_20-27-04_results.csv; Imported Leads,Yes,deliverable,No,,,,,,,,,,,,,,,,,,,,,,,,,,,,,,,,,,,,,,,,,,,,,,,,,,,,,,,,,,,facebook.com/kindcommunitypage,,Management Consulting,Europe,United Kingdom,London,London,"London, England, United Kingdom",,England,,Kind Community,1-10,Private,Email is valid.,Google Workspace,aspmx.l.google.com,FALSE,,,,,,,,,,,,,,,,,,,,,,,,,,,,No,,,,,,,,,,Smartlead users sheet; SL users validated; campaign_leads_2026-03-23_20-27-04_results - campaign_leads_2026-03-23_20-27-04_results.csv,,,,,,,,,,false,enrich,gmail,"""2026-06-06T10:37:49.677Z""",Gmail / Google Workspace,,,,,,,,,
,,jc.sanjurjo@heading2market.com,,,,,,,,Smartlead users sheet; SL users validated; campaign_leads_2026-03-23_20-27-04_results - campaign_leads_2026-03-23_20-27-04_results.csv; Imported Leads,Yes,deliverable,No,,,,,,,,,,,,,,,,,,,,,,,,,,,,,,,,,,,,,,,,,,,,,,,,,,,,,,,,,,,facebook.com/heading2market,2012,Outsourcing/offshoring,Europe,Spain,Barcelona,Barcelona,"Barcelona, Catalonia, Spain",,Catalonia,12 Passeig De Gràcia,Heading2market,11-50,Private,Email is valid.,Google Workspace,aspmx.l.google.com,FALSE,,,,,,,,,,,,,,,,,,,,,,,,,,,,No,,,,,,,,,,Smartlead users sheet; SL users validated; campaign_leads_2026-03-23_20-27-04_results - campaign_leads_2026-03-23_20-27-04_results.csv,,,,,,,,,,false,enrich,gmail,"""2026-06-06T10:37:49.677Z""",Gmail / Google Workspace,,,,,,,,,
Angel,Padilla,angel@buena.ai,,Founder & CEO,,,,,https://www.linkedin.com/in/angel-padilla-226a81132/,Smartlead users sheet; SL users validated; campaign_leads_2026-03-23_20-27-04_results - campaign_leads_2026-03-23_20-27-04_results.csv; Imported Leads,Yes,deliverable,No,,,,,2,,60.00,,,,,,,,,,,,,,,,,,,,,,,,,,,,,Buena AI,,,,,,0,,,,,2026-04,0.00,,0.00,,,,,,,,,,,,,,,,,,,,,,,,,,,"United States, United States",,,,,1,,,,,,,,,,,none,none,,,,,,,,,,No,,,,,,,,0.00,,Smartlead users sheet; SL users validated; campaign_leads_2026-03-23_20-27-04_results - campaign_leads_2026-03-23_20-27-04_results.csv; Imported Leads,,Great Photon,,3,0.00,60.00,,60.00,0.00,false,enrich,gmail,"""2026-06-06T10:37:49.677Z""",Gmail / Google Workspace,,,,,,,,,
,,eric@usebrace.com,,,,,,,,Smartlead users sheet; SL users validated; campaign_leads_2026-03-23_20-27-04_results - campaign_leads_2026-03-23_20-27-04_results.csv; Imported Leads,Yes,deliverable,No,,,,,,,,,,,,,,,,,,,,,,,,,,,,,,,,,,,,,,,,,,,,,,,,,,,,,,,,,,,,,,,,,,,,,,,,,Email is valid.,Google Workspace,aspmx.l.google.com,FALSE,,,,,,,,,,,,,,,,,,,,,,,,,,,,No,,,,,,,,,,Smartlead users sheet; SL users validated; campaign_leads_2026-03-23_20-27-04_results - campaign_leads_2026-03-23_20-27-04_results.csv,,,,,,,,,,false,enrich,gmail,"""2026-06-06T10:37:49.685Z""",Gmail / Google Workspace,,,,,,,,,
,,:matthew@theleadgenco.com,,,,,,,,Smartlead users sheet; Imported Leads,No,undeliverable,No,,,,,,,,,,,,,,,,,,,,,,,,,,,,,,,,,,,,,,,,,,,,,,,,,,,,,,,,,,,,,,,,,,,,,,,,,,,,,,,,,,,,,,,,,,,,,,,,,,,,,,,,No,,,,,,,,,,Smartlead users sheet,,,,,,,,,,false,enrich,gmail,"""2026-06-06T10:37:49.913Z""",Gmail / Google Workspace,,,,,,,,,
,,roman.rose@mybrightside.co.uk,,,,,,,,Smartlead users sheet; SL users validated; campaign_leads_2026-03-23_20-27-04_results - campaign_leads_2026-03-23_20-27-04_results.csv; Imported Leads,Yes,deliverable,No,,,,,,,,,,,,,,,,,,,,,,,,,,,,,,,,,,,,,,,,,,,,,,,,,,,,,,,,,,,,2020,Telecommunications,Europe,United Kingdom,Bristol,Bristol,"Bristol, England, United Kingdom",bs1 6qa,England,,Sentrama,11-50,Private,Email is valid.,,park-mx.above.com,FALSE,,,,,,,,,,,,,,,,,,,,,,,,,,,,No,,,,,,,,,,Smartlead users sheet; SL users validated; campaign_leads_2026-03-23_20-27-04_results - campaign_leads_2026-03-23_20-27-04_results.csv,,,,,,,,,,false,enrich,other,"""2026-06-06T10:37:50.994Z""",Other,,,,,,,,,
,,wes@lindushealth.com,,,,,,,,Smartlead users sheet; SL users validated; campaign_leads_2026-03-23_20-27-04_results - campaign_leads_2026-03-23_20-27-04_results.csv; Imported Leads,Yes,deliverable,No,,,,,,,,,,,,,,,,,,,,,,,,,,,,,,,,,,,,,,,,,,,,,,,,,,,,,,,,,,,facebook.com/lindushealth,,Research,North America,United States,,,,,New York,,Lindus Health,51-200,Private,Email is valid.,Google Workspace,aspmx.l.google.com,FALSE,,,,,,,,,,,,,,,,,,,,,,,,,,,,No,,,,,,,,,,Smartlead users sheet; SL users validated; campaign_leads_2026-03-23_20-27-04_results - campaign_leads_2026-03-23_20-27-04_results.csv,,,,,,,,,,false,enrich,gmail,"""2026-06-06T10:37:49.587Z""",Gmail / Google Workspace,,,,,,,,,
Igor,Growth,igor@invitose.com,Invitose,Owner,,,,,https://www.linkedin.com/in/igor-milos/,Smartlead users sheet; SL users validated; campaign_leads_2026-03-23_20-27-04_results - campaign_leads_2026-03-23_20-27-04_results.csv; Imported Leads,Yes,deliverable,No,,,,,invitose.com,,,,,,,,,,,,,,,,,,,,,,,,,,,,,,,,,,,,,,,,,,,,,,,,,,,,,,,,,,,,,,,,,,,,,,,,"Amsterdam, North Holland, Netherlands",gmail,"""2026-03-31T21:06:52.558Z""",Google Workspace,,,,,,,,,,,,,,,,,,,,,,,,No,No,,,,,,,,,Smartlead users sheet; SL users validated; campaign_leads_2026-03-23_20-27-04_results - campaign_leads_2026-03-23_20-27-04_results.csv; Imported Leads,Imported Leads; SL Users,,,,,,,,,false,enrich,gmail,"""2026-06-06T10:37:49.926Z""",Gmail / Google Workspace,,,,,,,,,
,,david.jakelic@swingsoftware.com,,,,,,,,Smartlead users sheet; SL users validated; campaign_leads_2026-03-23_20-27-04_results - campaign_leads_2026-03-23_20-27-04_results.csv; Imported Leads,Yes,deliverable,No,,,,,,,,,,,,,,,,,,,,,,,,,,,,,,,,,,,,,,,,,,,,,,,,,,,,,,,,,,,facebook.com/swingsoftware.biz,2001,Information Technology And Services,Europe,Croatia,Split,Split,"Split, Splitsko-dalmatinska, Croatia",21000,Splitsko-dalmatinska,2 Put Brodarice,Swing Software,1-10,Private,Email is valid.,Google Workspace,aspmx.l.google.com,FALSE,,,,,,,,,,,,,,,,,,,,,,,,,,,,No,,,,,,,,,,Smartlead users sheet; SL users validated; campaign_leads_2026-03-23_20-27-04_results - campaign_leads_2026-03-23_20-27-04_results.csv,,,,,,,,,,false,enrich,gmail,"""2026-06-06T10:37:49.691Z""",Gmail / Google Workspace,,,,,,,,,
,,nickb@sci-impact.com,,,,,,,,Smartlead users sheet; SL users validated; campaign_leads_2026-03-23_20-27-04_results - campaign_leads_2026-03-23_20-27-04_results.csv; Imported Leads,Yes,deliverable,No,,,,,,,,,,,,,,,,,,,,,,,,,,,,,,,,,,,,,,,,,,,,,,,,,,,,,,,,,,,,,,,,,,,,,,,,,Email is valid.,Google Workspace,aspmx.l.google.com,FALSE,,,,,,,,,,,,,,,,,,,,,,,,,,,,No,,,,,,,,,,Smartlead users sheet; SL users validated; campaign_leads_2026-03-23_20-27-04_results - campaign_leads_2026-03-23_20-27-04_results.csv,,,,,,,,,,false,enrich,gmail,"""2026-06-06T10:37:49.904Z""",Gmail / Google Workspace,,,,,,,,,
,,kaan.caner@reddit.com,,,,,,,,Smartlead users sheet; SL users validated; campaign_leads_2026-03-23_20-27-04_results - campaign_leads_2026-03-23_20-27-04_results.csv; Imported Leads,Yes,deliverable,No,,,,,,,,,,,,,,,,,,,,,,,,,,,,,,,,,,,,,,,,,,,,,,,,,,,,,,,,,,,facebook.com/reddit,2005,Internet,North America,United States,San Francisco,San Francisco,"San Francisco, California, United States",94102,California,,"Reddit, Inc.",501-1000,Private,Email is valid.,Google Workspace,aspmx.l.google.com,FALSE,,,,,,,,,,,,,,,,,,,,,,,,,,,,No,,,,,,,,,,Smartlead users sheet; SL users validated; campaign_leads_2026-03-23_20-27-04_results - campaign_leads_2026-03-23_20-27-04_results.csv,,,,,,,,,,false,enrich,gmail,"""2026-06-06T10:37:49.667Z""",Gmail / Google Workspace,,,,,,,,,
,,mike@offerblueprint.com,,,,,,,,Smartlead users sheet; SL users validated; campaign_leads_2026-03-23_20-27-04_results - campaign_leads_2026-03-23_20-27-04_results.csv; Imported Leads,Yes,deliverable,No,,,,,,,,,,,,,,,,,,,,,,,,,,,,,,,,,,,,,,,,,,,,,,,,,,,,,,,,,,,facebook.com/offerblueprint,2012,Marketing And Advertising,North America,United States,Elizabethtown,Elizabethtown,"Elizabethtown, Pennsylvania, United States",17022,Pennsylvania,1545 South Market Street,"Offer Blueprint, Llc",1-10,Private,Email is valid.,Google Workspace,aspmx.l.google.com,FALSE,,,,,,,,,,,,,,,,,,,,,,,,,,,,No,,,,,,,,,,Smartlead users sheet; SL users validated; campaign_leads_2026-03-23_20-27-04_results - campaign_leads_2026-03-23_20-27-04_results.csv,,,,,,,,,,false,enrich,gmail,"""2026-06-06T10:37:49.883Z""",Gmail / Google Workspace,,,,,,,,,
,,sunil.raj@infodepots.com,,,,,,,,Smartlead users sheet; SL users validated; campaign_leads_2026-03-23_20-27-04_results - campaign_leads_2026-03-23_20-27-04_results.csv; Imported Leads,Yes,deliverable,No,,,,,,,,,,,,,,,,,,,,,,,,,,,,,,,,,,,,,,,,,,,,,,,,,,,,,,,,,,,facebook.com/infodepots-1903189533307793,2018,Marketing And Advertising,North America,United States,New York,New York,"New York, New York, United States",10003,New York,228 Park Avenue South,Info Depots Llc,201-500,Private,Email is valid.,Google Workspace,aspmx.l.google.com,FALSE,,,,,,,,,,,,,,,,,,,,,,,,,,,,No,,,,,,,,,,Smartlead users sheet; SL users validated; campaign_leads_2026-03-23_20-27-04_results - campaign_leads_2026-03-23_20-27-04_results.csv,,,,,,,,,,false,enrich,gmail,"""2026-06-06T10:37:49.936Z""",Gmail / Google Workspace,,,,,,,,,
,,geoff@octocollab.com,,,,,,,,Smartlead users sheet; SL users validated; campaign_leads_2026-03-23_20-27-04_results - campaign_leads_2026-03-23_20-27-04_results.csv; Imported Leads,Yes,deliverable,No,,,,,,,,,,,,,,,,,,,,,,,,,,,,,,,,,,,,,,,,,,,,,,,,,,,,,,,,,,,,,,,,,,,,,,,,,Email is valid.,Google Workspace,smtp.google.com,FALSE,,,,,,,,,,,,,,,,,,,,,,,,,,,,No,,,,,,,,,,Smartlead users sheet; SL users validated; campaign_leads_2026-03-23_20-27-04_results - campaign_leads_2026-03-23_20-27-04_results.csv,,,,,,,,,,false,enrich,gmail,"""2026-06-06T10:37:49.931Z""",Gmail / Google Workspace,,,,,,,,,
,,shirley.chen@preciser.io,,,,,,,,Smartlead users sheet; SL users validated; campaign_leads_2026-03-23_20-27-04_results - campaign_leads_2026-03-23_20-27-04_results.csv; Imported Leads,Yes,deliverable,No,,,,,,,,,,,,,,,,,,,,,,,,,,,,,,,,,,,,,,,,,,,,,,,,,,,,,,,,,,,,2022,Internet,North America,United States,Austin,Austin,"Austin, Texas, United States",,Texas,,Preciser,1-10,Private,Email is valid.,Google Workspace,aspmx.l.google.com,FALSE,,,,,,,,,,,,,,,,,,,,,,,,,,,,No,,,,,,,,,,Smartlead users sheet; SL users validated; campaign_leads_2026-03-23_20-27-04_results - campaign_leads_2026-03-23_20-27-04_results.csv,,,,,,,,,,false,enrich,gmail,"""2026-06-06T10:37:49.574Z""",Gmail / Google Workspace,,,,,,,,,
,,aamirabajwa@corebits.info,,,,,,,,Smartlead users sheet; SL users validated; campaign_leads_2026-03-23_20-27-04_results - campaign_leads_2026-03-23_20-27-04_results.csv; Imported Leads,No,risky,No,,,,,,,,,,,,,,,,,,,,,,,,,,,,,,,,,,,,,,,,,,,,,,,,,,,,,,,,,,,,,,,,,,,,,,,,,Email is valid.,Google Workspace,aspmx.l.google.com,FALSE,,,,,,,,,,,,,,,,,,,,,,,,,,,,No,,,,,,,,,,Smartlead users sheet; SL users validated; campaign_leads_2026-03-23_20-27-04_results - campaign_leads_2026-03-23_20-27-04_results.csv,,,,,,,,,,false,enrich,gmail,"""2026-06-06T10:37:49.667Z""",Gmail / Google Workspace,,,,,,,,,
,,jaschagoerres@wemarq.de,,,,,,,,Smartlead users sheet; SL users validated; campaign_leads_2026-03-23_20-27-04_results - campaign_leads_2026-03-23_20-27-04_results.csv; Imported Leads,Yes,deliverable,No,,,,,,,,,,,,,,,,,,,,,,,,,,,,,,,,,,,,,,,,,,,,,,,,,,,,,,,,,,,,2021,Marketing And Advertising,Europe,Germany,Hamburg,Hamburg,"Hamburg, Hamburg, Germany",22301,Hamburg,64 Dorotheenstraße,We:marq,1-10,Private,Email is valid.,Google Workspace,aspmx.l.google.com,FALSE,,,,,,,,,,,,,,,,,,,,,,,,,,,,No,,,,,,,,,,Smartlead users sheet; SL users validated; campaign_leads_2026-03-23_20-27-04_results - campaign_leads_2026-03-23_20-27-04_results.csv,,,,,,,,,,false,enrich,gmail,"""2026-06-06T10:37:49.678Z""",Gmail / Google Workspace,,,,,,,,,
,,tahir@revvgrowth.in,,,,,,,,Smartlead users sheet; SL users validated; campaign_leads_2026-03-23_20-27-04_results - campaign_leads_2026-03-23_20-27-04_results.csv; Imported Leads,Yes,deliverable,No,,,,,,,,,,,,,,,,,,,,,,,,,,,,,,,,,,,,,,,,,,,,,,,,,,,,,,,,,,,,,,,,,,,,,,,,,Email is valid.,Google Workspace,smtp.google.com,FALSE,,,,,,,,,,,,,,,,,,,,,,,,,,,,No,,,,,,,,,,Smartlead users sheet; SL users validated; campaign_leads_2026-03-23_20-27-04_results - campaign_leads_2026-03-23_20-27-04_results.csv,,,,,,,,,,false,enrich,gmail,"""2026-06-06T10:37:49.942Z""",Gmail / Google Workspace,,,,,,,,,
,,twan@kobuz.nl,,,,,,,,Smartlead users sheet; SL users validated; campaign_leads_2026-03-23_20-27-04_results - campaign_leads_2026-03-23_20-27-04_results.csv; Imported Leads,Yes,deliverable,No,,,,,,,,,,,,,,,,,,,,,,,,,,,,,,,,,,,,,,,,,,,,,,,,,,,,,,,,,,,,2021,Marketing And Advertising,Europe,Netherlands,Breezand,Breezand,"Breezand, Noord-holland, Netherlands",,Noord-holland,,Kobuz Outbound,1-10,Private,Email is valid.,Google Workspace,aspmx.l.google.com,FALSE,,,,,,,,,,,,,,,,,,,,,,,,,,,,No,,,,,,,,,,Smartlead users sheet; SL users validated; campaign_leads_2026-03-23_20-27-04_results - campaign_leads_2026-03-23_20-27-04_results.csv,,,,,,,,,,false,enrich,gmail,"""2026-06-06T10:37:49.931Z""",Gmail / Google Workspace,,,,,,,,,
,,nicholas@influxwave.com,,,,,,,,Smartlead users sheet; SL users validated; campaign_leads_2026-03-23_20-27-04_results - campaign_leads_2026-03-23_20-27-04_results.csv; Imported Leads,Yes,deliverable,No,,,,,,,,,,,,,,,,,,,,,,,,,,,,,,,,,,,,,,,,,,,,,,,,,,,,,,,,,,,,,,,,,,,,,,,,,Email is valid.,Google Workspace,aspmx.l.google.com,FALSE,,,,,,,,,,,,,,,,,,,,,,,,,,,,No,,,,,,,,,,Smartlead users sheet; SL users validated; campaign_leads_2026-03-23_20-27-04_results - campaign_leads_2026-03-23_20-27-04_results.csv,,,,,,,,,,false,enrich,gmail,"""2026-06-06T10:37:49.931Z""",Gmail / Google Workspace,,,,,,,,,
,,charles@treadingcream.com,,,,,,,,Smartlead users sheet; SL users validated; campaign_leads_2026-03-23_20-27-04_results - campaign_leads_2026-03-23_20-27-04_results.csv; Imported Leads,Yes,deliverable,No,,,,,,,,,,,,,,,,,,,,,,,,,,,,,,,,,,,,,,,,,,,,,,,,,,,,,,,,,,,,,,,,,,,,,,,,,Email is valid.,Google Workspace,aspmx.l.google.com,FALSE,,,,,,,,,,,,,,,,,,,,,,,,,,,,No,,,,,,,,,,Smartlead users sheet; SL users validated; campaign_leads_2026-03-23_20-27-04_results - campaign_leads_2026-03-23_20-27-04_results.csv,,,,,,,,,,false,enrich,,,,,,,,,,,,
,,roger@rcorpdigital.cc,,,,,,,,Smartlead users sheet; SL users validated; campaign_leads_2026-03-23_20-27-04_results - campaign_leads_2026-03-23_20-27-04_results.csv; Imported Leads,Yes,deliverable,No,,,,,,,,,,,,,,,,,,,,,,,,,,,,,,,,,,,,,,,,,,,,,,,,,,,,,,,,,,,,,,,,,,,,,,,,,Email is valid.,Google Workspace,aspmx.l.google.com,FALSE,,,,,,,,,,,,,,,,,,,,,,,,,,,,No,,,,,,,,,,Smartlead users sheet; SL users validated; campaign_leads_2026-03-23_20-27-04_results - campaign_leads_2026-03-23_20-27-04_results.csv,,,,,,,,,,false,enrich,,,,,,,,,,,,
Itay,Asaf,itay@selltech.io,Selltech,Founder & CEO,,,,,,Smartlead users sheet; SL users validated; campaign_leads_2026-03-23_20-27-04_results - campaign_leads_2026-03-23_20-27-04_results.csv; Imported Leads,Yes,deliverable,No,,,,,https://www.selltech.io,,,,,,,,,,,,,,,,,,,,,"Tel Aviv-Yafo, Tel Aviv District, Israel",https://media.licdn.com/dms/image/v2/D4E0BAQF8lSHp8kI3yA/company-logo_200_200/company-logo_200_200/0/1731246077340/selltech_io_logo?e=1776902400&v=beta&t=BnhUW1zXx9CIjfz6CHNtBNUKs05RErNMALbmGQfx5S8,,,,,https://www.linkedin.com/company/78778329,,,,,,,3,,2026-04-01T11:49:51.846Z,,,,,,,,Marketing Services,,,,,,,,,,,,,,,,,,,,,,,,,,,,"Tel Aviv District, Israel",,,,,,,urn:li:member:399390354,true,,,,,,,,,,true,https://media.licdn.com/dms/image/v2/D4E03AQE2RDKrTy85TA/profile-displayphoto-scale_100_100/B4EZki3h9GHoAc-/0/1757226607357?e=1776902400&v=beta&t=hvC0CDFgO0kN2g3Tkmw9huWZLmIjuhuQ3X2pIlQJwZ8,https://www.linkedin.com/in/ACwAABfONpIBBRr0D8OnLPqjBV-_E0RJ_norZmo,,,,,false,,,,,,,Follows your company; 1 recent post on Linkedin,,,,"*Creating an ecosystem for founders and CEOs to scale their businesses*

I didn’t start my career in tech or sales.

I studied psychology and education and spent years working in the nonprofit and education sectors, thinking that would be my life’s work.

But when I discovered growth, sales, and startups, something clicked.

Sales is about people.

Since then, I’ve worked with dozens of startups, helping them build outbound strategies, close big deals, and stop guessing about growth.

Today, I lead SellTech: a company that builds outbound infrastructure and trains the next generation of SDRs through real-world experience.

If you're a founder, growth leader, or someone just figuring it out, I’d love to connect.",,,,3 yrs 1 mo,,,,,,,false,enrich,gmail,"""2026-06-06T10:37:49.892Z""",Gmail / Google Workspace,,,,,,,,,
Carlo,Bellati,carlo@zipchat.ai,ZipChat AI,Co-Founder/CRO,,,,,,Smartlead users sheet; SL users validated; campaign_leads_2026-03-23_20-27-04_results - campaign_leads_2026-03-23_20-27-04_results.csv; Imported Leads,Yes,deliverable,No,,,,,https://www.zipchat.ai,,,,,,,,,,,,,,,,,,,,,"New York, New York, United States",https://media.licdn.com/dms/image/v2/D4D0BAQEXSayZ43J43A/company-logo_200_200/company-logo_200_200/0/1725951919578/zipchat_ai_logo?e=1778112000&v=beta&t=MCblCQd6dt0eP6sUfipaoEb7O6N_DAxktbuzBCIXPHY,,,,,https://www.linkedin.com/company/92546939,,,,,,,3,,2026-04-15T15:17:53.232Z,,,,,,,,"Technology, Information and Internet",,,,,,,,,,,,,,,,,,,,,,,,,,,,"Genoa, Liguria, Italy",,,,,,,urn:li:member:301506053,false,,,,,,,,,,true,https://media.licdn.com/dms/image/v2/D4D03AQHJ8UzZ47aNoQ/profile-displayphoto-shrink_100_100/profile-displayphoto-shrink_100_100/0/1697361412015?e=1778112000&v=beta&t=7xHm0qv-K9wRADSGgcdj_GeeLCZJrSNo_zCu9it9o6M,https://www.linkedin.com/in/ACwAABH4ngUBEgWxFb-rW_KpQweD4cPP0NqLagA,,,,,false,,,,,,,Follows your company; 2 recent posts on Linkedin,,,,"Founder/CRO of Zipchat.ai

Zipchat.ai: AI-Powered Chat That Turns Ecommerce Visitors Into Buyers

Test a chatbot trained on your store in 30 seconds here (It's free and you don't need to create an account) --> https://app.zipchat.ai/simulations

DM me with any questions.


=============================================================================


Before Zipchat.ai, I founded uDroppy, a B2B SaaS marketplace that connected eCommerce store owners with top suppliers in China.

I raised capital from Jason Calacanis, Marco Zappacosta (Co-Founder, Thumbtack), and Sequoia Capital, and built a global supply network that helped thousands of merchants scale faster.

Earlier in my career, I worked at Oracle and Salesforce, mastering the hardest skill in business: Sales.

I’ve since spent 7+ years building, launching, and scaling SaaS products — hiring international teams, raising capital, and bringing new technologies to market.

I also teach Customer Relationship Management at Grenoble Business School every year, and hold degrees from Politecnico di Milano (Management Engineering) and Grenoble École de Management (Business Development & International Business Management).

I post twice daily here on LinkedIn about AI, eCommerce, SaaS growth, and how to align Sales, Marketing, and Customer Success to drive revenue.

Follow me to see how we’re building the future of AI-powered eCommerce",,,,2 yrs 10 mos,,,,,,,false,enrich,gmail,"""2026-06-06T10:37:49.892Z""",Gmail / Google Workspace,,,,,,,,,
,,shorya@dacoid.com,,,,,,,,Smartlead users sheet; SL users validated; campaign_leads_2026-03-23_20-27-04_results - campaign_leads_2026-03-23_20-27-04_results.csv; Imported Leads,Yes,deliverable,No,,,,,,,,,,,,,,,,,,,,,,,,,,,,,,,,,,,,,,,,,,,,,,,,,,,,,,,,,,,,2019,Design,North America,United States,Rancho Cordova,Rancho Cordova,"Rancho Cordova, California, United States",,California,,Dacoid Digital,1-10,Private,Email is valid.,Google Workspace,aspmx.l.google.com,FALSE,,,,,,,,,,,,,,,,,,,,,,,,,,,,No,,,,,,,,,,Smartlead users sheet; SL users validated; campaign_leads_2026-03-23_20-27-04_results - campaign_leads_2026-03-23_20-27-04_results.csv,,,,,,,,,,false,enrich,gmail,"""2026-06-06T10:37:49.936Z""",Gmail / Google Workspace,,,,,,,,,
,,hallo@brand-funnel.de,,,,,,,,Smartlead users sheet; SL users validated; campaign_leads_2026-03-23_20-27-04_results - campaign_leads_2026-03-23_20-27-04_results.csv; Imported Leads,Yes,deliverable,No,,,,,,,,,,,,,,,,,,,,,,,,,,,,,,,,,,,,,,,,,,,,,,,,,,,,,,,,,,,,,,,,,,,,,,,,,Email is valid.,Google Workspace,aspmx.l.google.com,FALSE,,,,,,,,,,,,,,,,,,,,,,,,,,,,No,,,,,,,,,,Smartlead users sheet; SL users validated; campaign_leads_2026-03-23_20-27-04_results - campaign_leads_2026-03-23_20-27-04_results.csv,,,,,,,,,,false,enrich,gmail,"""2026-06-06T10:37:49.953Z""",Gmail / Google Workspace,,,,,,,,,
,,rob@bayrisecap.com,,,,,,,,Smartlead users sheet; SL users validated; campaign_leads_2026-03-23_20-27-04_results - campaign_leads_2026-03-23_20-27-04_results.csv; Imported Leads,Yes,deliverable,No,,,,,,,,,,,,,,,,,,,,,,,,,,,,,,,,,,,,,,,,,,,,,,,,,,,,,,,,,,,,,,,,,,,,,,,,,Email is valid.,Google Workspace,smtp.google.com,FALSE,,,,,,,,,,,,,,,,,,,,,,,,,,,,No,,,,,,,,,,Smartlead users sheet; SL users validated; campaign_leads_2026-03-23_20-27-04_results - campaign_leads_2026-03-23_20-27-04_results.csv,,,,,,,,,,false,enrich,gmail,"""2026-06-06T10:37:49.904Z""",Gmail / Google Workspace,,,,,,,,,
,,michael.s.granger@gmail.com,,,,,,,,Smartlead users sheet; SL users validated; campaign_leads_2026-03-23_20-27-04_results - campaign_leads_2026-03-23_20-27-04_results.csv; Imported Leads,No,risky,No,,,,,,,,,,,,,,,,,,,,,,,,,,,,,,,,,,,,,,,,,,,,,,,,,,,,,,,,,,,,,,,,,,,,,,,,,Email is valid.,Google Workspace,gmail-smtp-in.l.google.com,FALSE,,,,,,,,,,,,,,,,,,,,,,,,,,,,No,,,,,,,,,,Smartlead users sheet; SL users validated; campaign_leads_2026-03-23_20-27-04_results - campaign_leads_2026-03-23_20-27-04_results.csv,,,,,,,,,,false,enrich,gmail,"""2026-06-06T10:37:49.559Z""",Gmail / Google Workspace,,,,,,,,,
,,chris@thebhagency.com,,,,,,,,Smartlead users sheet; SL users validated; campaign_leads_2026-03-23_20-27-04_results - campaign_leads_2026-03-23_20-27-04_results.csv; Imported Leads,Yes,deliverable,No,,,,,,,,,,,,,,,,,,,,,,,,,,,,,,,,,,,,,,,,,,,,,,,,,,,,,,,,,,,,,,,,,,,,,,,,,Email is valid.,Google Workspace,aspmx.l.google.com,FALSE,,,,,,,,,,,,,,,,,,,,,,,,,,,,No,,,,,,,,,,Smartlead users sheet; SL users validated; campaign_leads_2026-03-23_20-27-04_results - campaign_leads_2026-03-23_20-27-04_results.csv,,,,,,,,,,false,enrich,gmail,"""2026-06-06T10:37:49.936Z""",Gmail / Google Workspace,,,,,,,,,
,,admin@revi.ai,,,,,,,,Smartlead users sheet; SL users validated; campaign_leads_2026-03-23_20-27-04_results - campaign_leads_2026-03-23_20-27-04_results.csv; Imported Leads,Yes,deliverable,No,,,,,,,,,,,,,,,,,,,,,,,,,,,,,,,,,,,,,,,,,,,,,,,,,,,,,,,,,,,,2021,Financial Services,,,,,,,,,Revi,11-50,Private,Email is valid.,Google Workspace,smtp.google.com,FALSE,,,,,,,,,,,,,,,,,,,,,,,,,,,,No,,,,,,,,,,Smartlead users sheet; SL users validated; campaign_leads_2026-03-23_20-27-04_results - campaign_leads_2026-03-23_20-27-04_results.csv,,,,,,,,,,false,enrich,gmail,"""2026-06-06T10:37:49.892Z""",Gmail / Google Workspace,,,,,,,,,
Jakub,Nastał,jakub@marktize.com,Marktize,CEO & Founder,,,,,,Smartlead users sheet; SL users validated; campaign_leads_2026-03-23_20-27-04_results - campaign_leads_2026-03-23_20-27-04_results.csv; Imported Leads,Yes,deliverable,No,,,,,https://marktize.com,,,,,,,,,,,,,,,,,,,,,,https://media.licdn.com/dms/image/v2/D4D0BAQHpXOTZIZjGjQ/company-logo_200_200/company-logo_200_200/0/1723234359706/marktize_logo?e=1776902400&v=beta&t=PQBeRDV73smN_EBhOeu8FbuW9iDEMpUzc7qSedNeKDM,,,,,https://www.linkedin.com/company/104575357,,,,,,,3,,2026-04-01T11:45:14.872Z,,,,,,,,Advertising Services,,,,,,,,,,,,,,,,,,,,,,,,,,,,Poland,,,,,,,urn:li:member:1155456529,false,,,,,,,,,,false,https://media.licdn.com/dms/image/v2/D4D03AQFf3-RB7gpW3g/profile-displayphoto-shrink_100_100/profile-displayphoto-shrink_100_100/0/1713473842929?e=1776902400&v=beta&t=IpDX-oS-slwPUeakIa9lTObFNxJcK7HOY1LvTYFA9AA,https://www.linkedin.com/in/ACwAAETe3hEBzH3VbLHGZrIFFn03fUIcjva9hvE,,,,,false,,,,,,,Follows your company,,,,"Hey! I’m Jakub, founder of Marktize, a digital marketing agency designed specifically to help docs get more care plans by sending patients that convert.

I’ve been an athlete my whole life karate, football, gym - you name it. But after a serious knee injury, I tried everything to get back on track. That’s when my girlfriend, who happened to be a chiropractor, worked her magic. Not only did she help fix my knee, but I also got a front-row seat to how challenging it can be for chiropractors to grow their businesses.

That’s when I decided to combine my passion for marketing with my desire to help chiropractors succeed.

At Marktize, we make growing your practice easy. Here's how we help:

Paid Traffic: We attract your ideal patients and fill your calendar with committed clients.

Lead Nurturing: We automate the entire lead-nurturing process, ensuring an 80%+ show-up rate for all booked appointments. 

Funnels & Websites: We design high-conversion websites and landing pages that bring in leads and make your practice shine.

Database Reactivation: We set up your first campaign and generate 20-50 qualified appointments with zero effort from you.

Our goal is simple: to help you scale your practice and focus on what you do best—helping people.

Ready to see real results? Drop me a message, and let’s talk about how we can triple your weekly patient numbers and maximize your care plans.",,,,3 yrs 1 mo,,,,,,,false,enrich,gmail,"""2026-06-06T10:37:49.931Z""",Gmail / Google Workspace,,,,,,,,,
,,salesops@volopay.co,,,,,,,,Smartlead users sheet; SL users validated; campaign_leads_2026-03-23_20-27-04_results - campaign_leads_2026-03-23_20-27-04_results.csv; Imported Leads,Yes,deliverable,No,,,,,,,,,,,,,,,,,,,,,,,,,,,,,,,,,,,,,,,,,,,,,,,,,,,,,,,,,,,,,,,,,,,,,,,,,Email is valid.,Google Workspace,aspmx.l.google.com,FALSE,,,,,,,,,,,,,,,,,,,,,,,,,,,,No,,,,,,,,,,Smartlead users sheet; SL users validated; campaign_leads_2026-03-23_20-27-04_results - campaign_leads_2026-03-23_20-27-04_results.csv,,,,,,,,,,false,enrich,gmail,"""2026-06-06T10:37:49.905Z""",Gmail / Google Workspace,,,,,,,,,
,,simosaruggia@gmail.com,,,,,,,,Smartlead users sheet; SL users validated; campaign_leads_2026-03-23_20-27-04_results - campaign_leads_2026-03-23_20-27-04_results.csv; Imported Leads,No,risky,No,,,,,,,,,,,,,,,,,,,,,,,,,,,,,,,,,,,,,,,,,,,,,,,,,,,,,,,,,,,,,,,,,,,,,,,,,Email is valid.,Google Workspace,gmail-smtp-in.l.google.com,FALSE,,,,,,,,,,,,,,,,,,,,,,,,,,,,No,,,,,,,,,,Smartlead users sheet; SL users validated; campaign_leads_2026-03-23_20-27-04_results - campaign_leads_2026-03-23_20-27-04_results.csv,,,,,,,,,,false,enrich,gmail,"""2026-06-06T10:37:49.559Z""",Gmail / Google Workspace,,,,,,,,,
,,pulak.s@fyle.in,,,,,,,,Smartlead users sheet; SL users validated; campaign_leads_2026-03-23_20-27-04_results - campaign_leads_2026-03-23_20-27-04_results.csv; Imported Leads,Yes,deliverable,No,,,,,,,,,,,,,,,,,,,,,,,,,,,,,,,,,,,,,,,,,,,,,,,,,,,,,,,,,,,,,,,,,,,,,,,,,Email is valid.,Google Workspace,aspmx.l.google.com,FALSE,,,,,,,,,,,,,,,,,,,,,,,,,,,,No,,,,,,,,,,Smartlead users sheet; SL users validated; campaign_leads_2026-03-23_20-27-04_results - campaign_leads_2026-03-23_20-27-04_results.csv,,,,,,,,,,false,enrich,gmail,"""2026-06-06T10:37:49.939Z""",Gmail / Google Workspace,,,,,,,,,
,,admin@happystack.com,,,,,,,,Smartlead users sheet; SL users validated; campaign_leads_2026-03-23_20-27-04_results - campaign_leads_2026-03-23_20-27-04_results.csv; Imported Leads,Yes,deliverable,No,,,,,,,,,,,,,,,,,,,,,,,,,,,,,,,,,,,,,,,,,,,,,,,,,,,,,,,,,,,,,Computer Software,,,,,,,,,Happystack 🥞,1-10,Private,Email is valid.,Google Workspace,smtp.google.com,FALSE,,,,,,,,,,,,,,,,,,,,,,,,,,,,No,,,,,,,,,,Smartlead users sheet; SL users validated; campaign_leads_2026-03-23_20-27-04_results - campaign_leads_2026-03-23_20-27-04_results.csv,,,,,,,,,,false,enrich,gmail,"""2026-06-06T10:37:49.874Z""",Gmail / Google Workspace,,,,,,,,,
,,gary@commandresults.com,,,,,,,,Smartlead users sheet; SL users validated; campaign_leads_2026-03-23_20-27-04_results - campaign_leads_2026-03-23_20-27-04_results.csv; Imported Leads,Yes,deliverable,No,,,,,,,,,,,,,,,,,,,,,,,,,,,,,,,,,,,,,,,,,,,,,,,,,,,,,,,,,,,,2010,Information Technology And Services,North America,United States,Littleton,Littleton,"Littleton, Colorado, United States",80127,Colorado,,"Command Results, Llc.",1-10,Private,Email is valid.,Google Workspace,aspmx.l.google.com,FALSE,,,,,,,,,,,,,,,,,,,,,,,,,,,,No,,,,,,,,,,Smartlead users sheet; SL users validated; campaign_leads_2026-03-23_20-27-04_results - campaign_leads_2026-03-23_20-27-04_results.csv,,,,,,,,,,false,enrich,gmail,"""2026-06-06T10:37:49.898Z""",Gmail / Google Workspace,,,,,,,,,
,,signup@beforehello.com,,,,,,,,Smartlead users sheet; SL users validated; campaign_leads_2026-03-23_20-27-04_results - campaign_leads_2026-03-23_20-27-04_results.csv; Imported Leads,Yes,deliverable,No,,,,,,,,,,,,,,,,,,,,,,,,,,,,,,,,,,,,,,,,,,,,,,,,,,,,,,,,,,,facebook.com/beforehello.agency,2017,Marketing And Advertising,Europe,Ukraine,Lviv,Lviv,"Lviv, Lviv, Ukraine",,Lviv,52 Promyslova,Before Hello,1-10,Private,Email is valid.,Google Workspace,aspmx.l.google.com,FALSE,,,,,,,,,,,,,,,,,,,,,,,,,,,,No,,,,,,,,,,Smartlead users sheet; SL users validated; campaign_leads_2026-03-23_20-27-04_results - campaign_leads_2026-03-23_20-27-04_results.csv,,,,,,,,,,false,enrich,gmail,"""2026-06-06T10:37:50.020Z""",Gmail / Google Workspace,,,,,,,,,
,,info@profitlabs.ai,,,,,,,,Smartlead users sheet; SL users validated; campaign_leads_2026-03-23_20-27-04_results - campaign_leads_2026-03-23_20-27-04_results.csv; Imported Leads,Yes,deliverable,No,,,,,,,,,,,,,,,,,,,,,,,,,,,,,,,,,,,,,,,,,,,,,,,,,,,,,,,,,,,,2024,Internet,North America,United States,Dallas,Dallas,"Dallas, Texas, United States",,Texas,,Profit Labs Ai,1-10,Private,Email is valid.,Google Workspace,aspmx.l.google.com,FALSE,,,,,,,,,,,,,,,,,,,,,,,,,,,,No,,,,,,,,,,Smartlead users sheet; SL users validated; campaign_leads_2026-03-23_20-27-04_results - campaign_leads_2026-03-23_20-27-04_results.csv,,,,,,,,,,false,enrich,gmail,"""2026-06-06T10:37:49.874Z""",Gmail / Google Workspace,,,,,,,,,
,,namit@deliverabilityninja.com,,,,,,,,Smartlead users sheet; SL users validated; campaign_leads_2026-03-23_20-27-04_results - campaign_leads_2026-03-23_20-27-04_results.csv; Imported Leads,Yes,deliverable,No,,,,,,,,,,,,,,,,,,,,,,,,,,,,,,,,,,,,,,,,,,,,,,,,,,,,,,,,,,,,,Information Technology And Services,,,,,,,,,Deliverability Ninja,1-10,Private,Email is valid.,Google Workspace,aspmx.l.google.com,FALSE,,,,,,,,,,,,,,,,,,,,,,,,,,,,No,,,,,,,,,,Smartlead users sheet; SL users validated; campaign_leads_2026-03-23_20-27-04_results - campaign_leads_2026-03-23_20-27-04_results.csv,,,,,,,,,,false,enrich,gmail,"""2026-06-06T10:37:50.021Z""",Gmail / Google Workspace,,,,,,,,,
,,hello@getgreenspark.com,,,,,,,,Smartlead users sheet; SL users validated; campaign_leads_2026-03-23_20-27-04_results - campaign_leads_2026-03-23_20-27-04_results.csv; Imported Leads,Yes,deliverable,No,,,,,,,,,,,,,,,,,,,,,,,,,,,,,,,,,,,,,,,,,,,,,,,,,,,,,,,,,,,facebook.com/get.greenspark,2020,Environmental Services,Europe,United Kingdom,London,London,"London, Greater London, United Kingdom",,Greater London,,Greenspark,1-10,Private,Email is valid.,Google Workspace,aspmx.l.google.com,FALSE,,,,,,,,,,,,,,,,,,,,,,,,,,,,No,,,,,,,,,,Smartlead users sheet; SL users validated; campaign_leads_2026-03-23_20-27-04_results - campaign_leads_2026-03-23_20-27-04_results.csv,,,,,,,,,,false,enrich,gmail,"""2026-06-06T10:37:49.874Z""",Gmail / Google Workspace,,,,,,,,,
,,mike@sandboxsmb.com,,,,,,,,Smartlead users sheet; SL users validated; campaign_leads_2026-03-23_20-27-04_results - campaign_leads_2026-03-23_20-27-04_results.csv; Imported Leads,Yes,deliverable,No,,,,,,,,,,,,,,,,,,,,,,,,,,,,,,,,,,,,,,,,,,,,,,,,,,,,,,,,,,,,,Internet,,,,,,,,,Sandbox Smb,11-50,Private,Email is valid.,Google Workspace,aspmx.l.google.com,FALSE,,,,,,,,,,,,,,,,,,,,,,,,,,,,No,,,,,,,,,,Smartlead users sheet; SL users validated; campaign_leads_2026-03-23_20-27-04_results - campaign_leads_2026-03-23_20-27-04_results.csv,,,,,,,,,,false,enrich,gmail,"""2026-06-06T10:37:49.657Z""",Gmail / Google Workspace,,,,,,,,,
,,louis@cmoinspired.com,,,,,,,,Smartlead users sheet; SL users validated; campaign_leads_2026-03-23_20-27-04_results - campaign_leads_2026-03-23_20-27-04_results.csv; Imported Leads,Yes,deliverable,No,,,,,,,,,,,,,,,,,,,,,,,,,,,,,,,,,,,,,,,,,,,,,,,,,,,,,,,,,,,,,,,,,,,,,,,,,Email is valid.,Google Workspace,aspmx.l.google.com,FALSE,,,,,,,,,,,,,,,,,,,,,,,,,,,,No,,,,,,,,,,Smartlead users sheet; SL users validated; campaign_leads_2026-03-23_20-27-04_results - campaign_leads_2026-03-23_20-27-04_results.csv,,,,,,,,,,false,enrich,gmail,"""2026-06-06T10:37:49.685Z""",Gmail / Google Workspace,,,,,,,,,
,,craig@nextweather.co,,,,,,,,Smartlead users sheet; SL users validated; campaign_leads_2026-03-23_20-27-04_results - campaign_leads_2026-03-23_20-27-04_results.csv; Imported Leads,Yes,deliverable,No,,,,,,,,,,,,,,,,,,,,,,,,,,,,,,,,,,,,,,,,,,,,,,,,,,,,,,,,,,,,,,,,,,,,,,,,,Email is valid.,Google Workspace,aspmx.l.google.com,FALSE,,,,,,,,,,,,,,,,,,,,,,,,,,,,No,,,,,,,,,,Smartlead users sheet; SL users validated; campaign_leads_2026-03-23_20-27-04_results - campaign_leads_2026-03-23_20-27-04_results.csv,,,,,,,,,,false,enrich,gmail,"""2026-06-06T10:37:49.720Z""",Gmail / Google Workspace,,,,,,,,,
,,zhenni@puppygraph.com,,,,,,,,Smartlead users sheet; SL users validated; campaign_leads_2026-03-23_20-27-04_results - campaign_leads_2026-03-23_20-27-04_results.csv; Imported Leads,Yes,deliverable,No,,,,,,,,,,,,,,,,,,,,,,,,,,,,,,,,,,,,,,,,,,,,,,,,,,,,,,,,,,,,2023,Computer Software,North America,United States,Santa Clara,Santa Clara,"Santa Clara, California, United States",95054,California,,Puppygraph,11-50,Private,Email is valid.,Google Workspace,aspmx.l.google.com,FALSE,,,,,,,,,,,,,,,,,,,,,,,,,,,,No,,,,,,,,,,Smartlead users sheet; SL users validated; campaign_leads_2026-03-23_20-27-04_results - campaign_leads_2026-03-23_20-27-04_results.csv,,,,,,,,,,false,enrich,gmail,"""2026-06-06T10:37:49.694Z""",Gmail / Google Workspace,,,,,,,,,
,,hello@bobtail.com,,,,,,,,Smartlead users sheet; SL users validated; campaign_leads_2026-03-23_20-27-04_results - campaign_leads_2026-03-23_20-27-04_results.csv; Imported Leads,Yes,deliverable,No,,,,,,,,,,,,,,,,,,,,,,,,,,,,,,,,,,,,,,,,,,,,,,,,,,,,,,,,,,,facebook.com/bobtailcapital,,Financial Services,North America,United States,Silver Spring,Silver Spring,"Silver Spring, Maryland, United States",20904,Maryland,,Bobtail,51-200,Private,Email is valid.,Google Workspace,aspmx.l.google.com,FALSE,,,,,,,,,,,,,,,,,,,,,,,,,,,,No,,,,,,,,,,Smartlead users sheet; SL users validated; campaign_leads_2026-03-23_20-27-04_results - campaign_leads_2026-03-23_20-27-04_results.csv,,,,,,,,,,false,enrich,gmail,"""2026-06-06T10:37:49.689Z""",Gmail / Google Workspace,,,,,,,,,
,,sam@sbe-digital.com,,,,,,,,Smartlead users sheet; SL users validated; campaign_leads_2026-03-23_20-27-04_results - campaign_leads_2026-03-23_20-27-04_results.csv; Imported Leads,Yes,deliverable,No,,,,,,,,,,,,,,,,,,,,,,,,,,,,,,,,,,,,,,,,,,,,,,,,,,,,,,,,,,,,,,,,,,,,,,,,,Email is valid.,Google Workspace,aspmx.l.google.com,FALSE,,,,,,,,,,,,,,,,,,,,,,,,,,,,No,,,,,,,,,,Smartlead users sheet; SL users validated; campaign_leads_2026-03-23_20-27-04_results - campaign_leads_2026-03-23_20-27-04_results.csv,,,,,,,,,,false,enrich,gmail,"""2026-06-06T10:37:49.677Z""",Gmail / Google Workspace,,,,,,,,,
,,frederik@jakomediaconsulting.com,,,,,,,,Smartlead users sheet; SL users validated; campaign_leads_2026-03-23_20-27-04_results - campaign_leads_2026-03-23_20-27-04_results.csv; Imported Leads,Yes,deliverable,No,,,,,,,,,,,,,,,,,,,,,,,,,,,,,,,,,,,,,,,,,,,,,,,,,,,,,,,,,,,,2021,Marketing And Advertising,Europe,Denmark,Isenvad,Isenvad,"Isenvad, Central Jutland, Denmark",,Central Jutland,31 Tyvkærvej,Danish Lead Co. | B2b Leads Without Ad Spend,1-10,Private,Email is valid.,Google Workspace,aspmx.l.google.com,FALSE,,,,,,,,,,,,,,,,,,,,,,,,,,,,No,,,,,,,,,,Smartlead users sheet; SL users validated; campaign_leads_2026-03-23_20-27-04_results - campaign_leads_2026-03-23_20-27-04_results.csv,,,,,,,,,,false,enrich,gmail,"""2026-06-06T10:37:49.694Z""",Gmail / Google Workspace,,,,,,,,,
,,rajatghai22@gmail.com,,,,,,,,Smartlead users sheet; SL users validated; campaign_leads_2026-03-23_20-27-04_results - campaign_leads_2026-03-23_20-27-04_results.csv; Imported Leads,No,risky,No,,,,,,,,,,,,,,,,,,,,,,,,,,,,,,,,,,,,,,,,,,,,,,,,,,,,,,,,,,,,,,,,,,,,,,,,,Email is valid.,Google Workspace,gmail-smtp-in.l.google.com,FALSE,,,,,,,,,,,,,,,,,,,,,,,,,,,,No,,,,,,,,,,Smartlead users sheet; SL users validated; campaign_leads_2026-03-23_20-27-04_results - campaign_leads_2026-03-23_20-27-04_results.csv,,,,,,,,,,false,enrich,gmail,"""2026-06-06T10:37:49.559Z""",Gmail / Google Workspace,,,,,,,,,
,,ryann.thompson@gmail.com,,,,,,,,Smartlead users sheet; SL users validated; campaign_leads_2026-03-23_20-27-04_results - campaign_leads_2026-03-23_20-27-04_results.csv; Imported Leads,No,risky,No,,,,,,,,,,,,,,,,,,,,,,,,,,,,,,,,,,,,,,,,,,,,,,,,,,,,,,,,,,,,,,,,,,,,,,,,,Email is valid.,Google Workspace,gmail-smtp-in.l.google.com,FALSE,,,,,,,,,,,,,,,,,,,,,,,,,,,,No,,,,,,,,,,Smartlead users sheet; SL users validated; campaign_leads_2026-03-23_20-27-04_results - campaign_leads_2026-03-23_20-27-04_results.csv,,,,,,,,,,false,enrich,gmail,"""2026-06-06T10:37:49.559Z""",Gmail / Google Workspace,,,,,,,,,
,,marketing@mindsupernova.com,,,,,,,,Smartlead users sheet; SL users validated; campaign_leads_2026-03-23_20-27-04_results - campaign_leads_2026-03-23_20-27-04_results.csv; Imported Leads,Yes,deliverable,No,,,,,,,,,,,,,,,,,,,,,,,,,,,,,,,,,,,,,,,,,,,,,,,,,,,,,,,,,,,,,,,,,,,,,,,,,Email is valid.,Google Workspace,SMTP.GOOGLE.com,FALSE,,,,,,,,,,,,,,,,,,,,,,,,,,,,No,,,,,,,,,,Smartlead users sheet; SL users validated; campaign_leads_2026-03-23_20-27-04_results - campaign_leads_2026-03-23_20-27-04_results.csv,,,,,,,,,,false,enrich,gmail,"""2026-06-06T10:37:49.685Z""",Gmail / Google Workspace,,,,,,,,,
,,jennifer@allbusinessconnect.com,,,,,,,,Smartlead users sheet; SL users validated; campaign_leads_2026-03-23_20-27-04_results - campaign_leads_2026-03-23_20-27-04_results.csv; Imported Leads,Yes,deliverable,No,,,,,,,,,,,,,,,,,,,,,,,,,,,,,,,,,,,,,,,,,,,,,,,,,,,,,,,,,,,,,,,,,,,,,,,,,Email is valid.,Zoho Mail,mx.zoho.in,FALSE,,,,,,,,,,,,,,,,,,,,,,,,,,,,No,,,,,,,,,,Smartlead users sheet; SL users validated; campaign_leads_2026-03-23_20-27-04_results - campaign_leads_2026-03-23_20-27-04_results.csv,,,,,,,,,,false,enrich,zoho,"""2026-06-06T10:37:49.724Z""",Zoho Mail,,,,,,,,,
,,caroline.castille@theemailonperformance.com,,,,,,,,Smartlead users sheet; SL users validated; campaign_leads_2026-03-23_20-27-04_results - campaign_leads_2026-03-23_20-27-04_results.csv; Imported Leads,Yes,deliverable,No,,,,,,,,,,,,,,,,,,,,,,,,,,,,,,,,,,,,,,,,,,,,,,,,,,,,,,,,,,,,,,,,,,,,,,,,,Email is valid.,Google Workspace,smtp.google.com,FALSE,,,,,,,,,,,,,,,,,,,,,,,,,,,,No,,,,,,,,,,Smartlead users sheet; SL users validated; campaign_leads_2026-03-23_20-27-04_results - campaign_leads_2026-03-23_20-27-04_results.csv,,,,,,,,,,false,enrich,gmail,"""2026-06-06T10:37:49.678Z""",Gmail / Google Workspace,,,,,,,,,
,,r.lacroux@socium.ltd,,,,,,,,Smartlead users sheet; SL users validated; campaign_leads_2026-03-23_20-27-04_results - campaign_leads_2026-03-23_20-27-04_results.csv; Imported Leads,Yes,deliverable,No,,,,,,,,,,,,,,,,,,,,,,,,,,,,,,,,,,,,,,,,,,,,,,,,,,,,,,,,,,,,2019,Real Estate,Asia,United Arab Emirates,Dubai,Dubai,"Dubai, Dubayy, United Arab Emirates",,Dubayy,,Socium,1-10,Private,Email is valid.,Google Workspace,aspmx.l.google.com,FALSE,,,,,,,,,,,,,,,,,,,,,,,,,,,,No,,,,,,,,,,Smartlead users sheet; SL users validated; campaign_leads_2026-03-23_20-27-04_results - campaign_leads_2026-03-23_20-27-04_results.csv,,,,,,,,,,false,enrich,gmail,"""2026-06-06T10:37:49.629Z""",Gmail / Google Workspace,,,,,,,,,
,,pierre@pierremechen.com,,,,,,,,Smartlead users sheet; SL users validated; campaign_leads_2026-03-23_20-27-04_results - campaign_leads_2026-03-23_20-27-04_results.csv; Imported Leads,Yes,deliverable,No,,,,,,,,,,,,,,,,,,,,,,,,,,,,,,,,,,,,,,,,,,,,,,,,,,,,,,,,,,,,,,,,,,,,,,,,,Email is valid.,Google Workspace,smtp.google.com,FALSE,,,,,,,,,,,,,,,,,,,,,,,,,,,,No,,,,,,,,,,Smartlead users sheet; SL users validated; campaign_leads_2026-03-23_20-27-04_results - campaign_leads_2026-03-23_20-27-04_results.csv,,,,,,,,,,false,enrich,gmail,"""2026-06-06T10:37:49.715Z""",Gmail / Google Workspace,,,,,,,,,
,,pankaj@primeos.in,,,,,,,,Smartlead users sheet; SL users validated; campaign_leads_2026-03-23_20-27-04_results - campaign_leads_2026-03-23_20-27-04_results.csv; Imported Leads,Yes,deliverable,No,,,,,,,,,,,,,,,,,,,,,,,,,,,,,,,,,,,,,,,,,,,,,,,,,,,,,,,,,,,,2017,Computer Hardware,Asia,India,Laxmi Nagar,Laxmi Nagar,"Laxmi Nagar, Delhi, India",110092,Delhi,59 Ground Floor Kundan Nagar Laxmi Nagar,Primebook India,11-50,Private,Email is valid.,Google Workspace,aspmx.l.google.com,FALSE,,,,,,,,,,,,,,,,,,,,,,,,,,,,No,,,,,,,,,,Smartlead users sheet; SL users validated; campaign_leads_2026-03-23_20-27-04_results - campaign_leads_2026-03-23_20-27-04_results.csv,,,,,,,,,,false,enrich,gmail,"""2026-06-06T10:37:49.728Z""",Gmail / Google Workspace,,,,,,,,,
,,dave@superhumansales.com,,,,,,,,Smartlead users sheet; SL users validated; campaign_leads_2026-03-23_20-27-04_results - campaign_leads_2026-03-23_20-27-04_results.csv; Imported Leads,Yes,deliverable,No,,,,,,,,,,,,,,,,,,,,,,,,,,,,,,,,,,,,,,,,,,,,,,,,,,,,,,,,,,,,2017,Marketing And Advertising,Europe,United Kingdom,Amisfield Town,Amisfield Town,"Amisfield Town, Scotland, United Kingdom",,Scotland,,Superhuman Sales,11-50,Private,Email is valid.,Google Workspace,aspmx.l.google.com,FALSE,,,,,,,,,,,,,,,,,,,,,,,,,,,,No,,,,,,,,,,Smartlead users sheet; SL users validated; campaign_leads_2026-03-23_20-27-04_results - campaign_leads_2026-03-23_20-27-04_results.csv,,,,,,,,,,false,enrich,gmail,"""2026-06-06T10:37:49.898Z""",Gmail / Google Workspace,,,,,,,,,
,,takuto@unima.io,,,,,,,,Smartlead users sheet; SL users validated; campaign_leads_2026-03-23_20-27-04_results - campaign_leads_2026-03-23_20-27-04_results.csv; Imported Leads,Yes,deliverable,No,,,,,,,,,,,,,,,,,,,,,,,,,,,,,,,,,,,,,,,,,,,,,,,,,,,,,,,,,,,facebook.com/unima.io,2021,Marketing And Advertising,North America,United States,Atlanta,Atlanta,"Atlanta, Georgia, United States",,Georgia,,Unima,1-10,Private,Email is valid.,Google Workspace,aspmx.l.google.com,FALSE,,,,,,,,,,,,,,,,,,,,,,,,,,,,No,,,,,,,,,,Smartlead users sheet; SL users validated; campaign_leads_2026-03-23_20-27-04_results - campaign_leads_2026-03-23_20-27-04_results.csv,,,,,,,,,,false,enrich,gmail,"""2026-06-06T10:37:49.696Z""",Gmail / Google Workspace,,,,,,,,,
,,serge@wild.codes,,,,,,,,Smartlead users sheet; SL users validated; campaign_leads_2026-03-23_20-27-04_results - campaign_leads_2026-03-23_20-27-04_results.csv; Imported Leads,No,risky,No,,,,,,,,,,,,,,,,,,,,,,,,,,,,,,,,,,,,,,,,,,,,,,,,,,,,,,,,,,,facebook.com/wild.codes.devs,2015,Computer Software,Europe,Ukraine,Kyiv,Kyiv,"Kyiv, Kyiv, Ukraine",1001,Kyiv,4v Velyka Zhytomyrska Street,Wild.codes,11-50,Private,Email is valid.,,mx.ukraine.com.ua,FALSE,,,,,,,,,,,,,,,,,,,,,,,,,,,,No,,,,,,,,,,Smartlead users sheet; SL users validated; campaign_leads_2026-03-23_20-27-04_results - campaign_leads_2026-03-23_20-27-04_results.csv,,,,,,,,,,false,enrich,other,"""2026-06-06T10:37:49.769Z""",Other,,,,,,,,,
,,sales@noesis.tech,,,,,,,,Smartlead users sheet; SL users validated; campaign_leads_2026-03-23_20-27-04_results - campaign_leads_2026-03-23_20-27-04_results.csv; Imported Leads,Yes,deliverable,No,,,,,,,,,,,,,,,,,,,,,,,,,,,,,,,,,,,,,,,,,,,,,,,,,,,,,,,,,,,,,,,,,,,,,,,,,Email is valid.,Google Workspace,aspmx.l.google.com,FALSE,,,,,,,,,,,,,,,,,,,,,,,,,,,,No,,,,,,,,,,Smartlead users sheet; SL users validated; campaign_leads_2026-03-23_20-27-04_results - campaign_leads_2026-03-23_20-27-04_results.csv,,,,,,,,,,false,enrich,gmail,"""2026-06-06T10:37:49.667Z""",Gmail / Google Workspace,,,,,,,,,
,,harris@introcrm.com,,,,,,,,Smartlead users sheet; SL users validated; campaign_leads_2026-03-23_20-27-04_results - campaign_leads_2026-03-23_20-27-04_results.csv; Imported Leads,Yes,deliverable,No,,,,,,,,,,,,,,,,,,,,,,,,,,,,,,,,,,,,,,,,,,,,,,,,,,,,,,,,,,,,2019,Information Technology And Services,North America,United States,Denver,Denver,"Denver, Colorado, United States",80220,Colorado,6110 East Colfax Avenue,Intro Crm,1-10,Private,Email is valid.,Google Workspace,smtp.google.com,FALSE,,,,,,,,,,,,,,,,,,,,,,,,,,,,No,,,,,,,,,,Smartlead users sheet; SL users validated; campaign_leads_2026-03-23_20-27-04_results - campaign_leads_2026-03-23_20-27-04_results.csv,,,,,,,,,,false,enrich,gmail,"""2026-06-06T10:37:49.667Z""",Gmail / Google Workspace,,,,,,,,,
,,danyal@distantjob.com,,,,,,,,Smartlead users sheet; SL users validated; campaign_leads_2026-03-23_20-27-04_results - campaign_leads_2026-03-23_20-27-04_results.csv; Imported Leads,Yes,deliverable,No,,,,,,,,,,,,,,,,,,,,,,,,,,,,,,,,,,,,,,,,,,,,,,,,,,,,,,,,,,,facebook.com/distantjobcom,,Staffing And Recruiting,North America,Canada,,,,h4r 1w8,Quebec,1790 Beaulac Street Quebec Street-laurent,Distantjob,51-200,Private,Email is valid.,Google Workspace,aspmx.l.google.com,FALSE,,,,,,,,,,,,,,,,,,,,,,,,,,,,No,,,,,,,,,,Smartlead users sheet; SL users validated; campaign_leads_2026-03-23_20-27-04_results - campaign_leads_2026-03-23_20-27-04_results.csv,,,,,,,,,,false,enrich,gmail,"""2026-06-06T10:37:49.624Z""",Gmail / Google Workspace,,,,,,,,,
,,neeraj@zeniamobile.com,,,,,,,,Smartlead users sheet; SL users validated; campaign_leads_2026-03-23_20-27-04_results - campaign_leads_2026-03-23_20-27-04_results.csv; Imported Leads,Yes,deliverable,No,,,,,,,,,,,,,,,,,,,,,,,,,,,,,,,,,,,,,,,,,,,,,,,,,,,,,,,,,,,facebook.com/zeniamobile,2008,Information Technology And Services,North America,United States,Durango,Durango,"Durango, Colorado, United States",81301,Colorado,10 Town Plaza,Zeniamobile Technologies,501-1000,Private,Email is valid.,Google Workspace,smtp.google.com,FALSE,,,,,,,,,,,,,,,,,,,,,,,,,,,,No,,,,,,,,,,Smartlead users sheet; SL users validated; campaign_leads_2026-03-23_20-27-04_results - campaign_leads_2026-03-23_20-27-04_results.csv,,,,,,,,,,false,enrich,gmail,"""2026-06-06T10:37:49.678Z""",Gmail / Google Workspace,,,,,,,,,
,,parth@digihotshot.com,,,,,,,,Smartlead users sheet; SL users validated; campaign_leads_2026-03-23_20-27-04_results - campaign_leads_2026-03-23_20-27-04_results.csv; Imported Leads,Yes,deliverable,No,,,,,,,,,,,,,,,,,,,,,,,,,,,,,,,,,,,,,,,,,,,,,,,,,,,,,,,,,,,facebook.com/digihotshot,2019,Internet,North America,United States,San Francisco,San Francisco,"San Francisco, California, United States",94116,California,,Digi Hotshot,1-10,Private,Email is valid.,Google Workspace,aspmx.l.google.com,FALSE,,,,,,,,,,,,,,,,,,,,,,,,,,,,No,,,,,,,,,,Smartlead users sheet; SL users validated; campaign_leads_2026-03-23_20-27-04_results - campaign_leads_2026-03-23_20-27-04_results.csv,,,,,,,,,,false,enrich,gmail,"""2026-06-06T10:37:49.678Z""",Gmail / Google Workspace,,,,,,,,,
,,anirudh.walia300@gmail.com,,,,,,,,Smartlead users sheet; SL users validated; campaign_leads_2026-03-23_20-27-04_results - campaign_leads_2026-03-23_20-27-04_results.csv; Imported Leads,No,risky,No,,,,,,,,,,,,,,,,,,,,,,,,,,,,,,,,,,,,,,,,,,,,,,,,,,,,,,,,,,,,,,,,,,,,,,,,,Email is valid.,Google Workspace,gmail-smtp-in.l.google.com,FALSE,,,,,,,,,,,,,,,,,,,,,,,,,,,,No,,,,,,,,,,Smartlead users sheet; SL users validated; campaign_leads_2026-03-23_20-27-04_results - campaign_leads_2026-03-23_20-27-04_results.csv,,,,,,,,,,false,enrich,gmail,"""2026-06-06T10:37:49.559Z""",Gmail / Google Workspace,,,,,,,,,
,,contact@savvycapital.io,,,,,,,,Smartlead users sheet; SL users validated; campaign_leads_2026-03-23_20-27-04_results - campaign_leads_2026-03-23_20-27-04_results.csv; Imported Leads,Yes,deliverable,No,,,,,,,,,,,,,,,,,,,,,,,,,,,,,,,,,,,,,,,,,,,,,,,,,,,,,,,,,,,,2017,Investment Banking,North America,Canada,Vancouver,Vancouver,"Vancouver, British Columbia, Canada",,British Columbia,,Savvy Capital,11-50,Private,Email is valid.,Google Workspace,aspmx.l.google.com,FALSE,,,,,,,,,,,,,,,,,,,,,,,,,,,,No,,,,,,,,,,Smartlead users sheet; SL users validated; campaign_leads_2026-03-23_20-27-04_results - campaign_leads_2026-03-23_20-27-04_results.csv,,,,,,,,,,false,enrich,gmail,"""2026-06-06T10:37:49.677Z""",Gmail / Google Workspace,,,,,,,,,
,,admin@alphoric.com,,,,,,,,Smartlead users sheet; SL users validated; campaign_leads_2026-03-23_20-27-04_results - campaign_leads_2026-03-23_20-27-04_results.csv; Imported Leads,No,risky,No,,,,,,,,,,,,,,,,,,,,,,,,,,,,,,,,,,,,,,,,,,,,,,,,,,,,,,,,,,,,,Marketing And Advertising,North America,Canada,Calgary,Calgary,"Calgary, Alberta, Canada",t2x 3c2,Alberta,132 Sun Harbour Way Southeast,Alphoric,1-10,Private,Email is valid.,Google Workspace,aspmx.l.google.com,FALSE,,,,,,,,,,,,,,,,,,,,,,,,,,,,No,,,,,,,,,,Smartlead users sheet; SL users validated; campaign_leads_2026-03-23_20-27-04_results - campaign_leads_2026-03-23_20-27-04_results.csv,,,,,,,,,,false,enrich,gmail,"""2026-06-06T10:37:49.678Z""",Gmail / Google Workspace,,,,,,,,,
,,luke@clienttribe.com,,,,,,,,Smartlead users sheet; SL users validated; campaign_leads_2026-03-23_20-27-04_results - campaign_leads_2026-03-23_20-27-04_results.csv; Imported Leads,Yes,deliverable,No,,,,,,,,,,,,,,,,,,,,,,,,,,,,,,,,,,,,,,,,,,,,,,,,,,,,,,,,,,,,,,,,,,,,,,,,,Email is valid.,Google Workspace,aspmx.l.google.com,FALSE,,,,,,,,,,,,,,,,,,,,,,,,,,,,No,,,,,,,,,,Smartlead users sheet; SL users validated; campaign_leads_2026-03-23_20-27-04_results - campaign_leads_2026-03-23_20-27-04_results.csv,,,,,,,,,,false,enrich,gmail,"""2026-06-06T10:37:49.667Z""",Gmail / Google Workspace,,,,,,,,,
,,haseeb@goalsandbeyond.co,,,,,,,,Smartlead users sheet; SL users validated; campaign_leads_2026-03-23_20-27-04_results - campaign_leads_2026-03-23_20-27-04_results.csv; Imported Leads,Yes,deliverable,No,,,,,,,,,,,,,,,,,,,,,,,,,,,,,,,,,,,,,,,,,,,,,,,,,,,,,,,,,,,,,,,,,,,,,,,,,Email is valid.,Google Workspace,smtp.google.com,FALSE,,,,,,,,,,,,,,,,,,,,,,,,,,,,No,,,,,,,,,,Smartlead users sheet; SL users validated; campaign_leads_2026-03-23_20-27-04_results - campaign_leads_2026-03-23_20-27-04_results.csv,,,,,,,,,,false,enrich,gmail,"""2026-06-06T10:37:49.922Z""",Gmail / Google Workspace,,,,,,,,,
,,manager@digitalrainmaker.co.uk,,,,,,,,Smartlead users sheet; SL users validated; campaign_leads_2026-03-23_20-27-04_results - campaign_leads_2026-03-23_20-27-04_results.csv; Imported Leads,Yes,deliverable,No,,,,,,,,,,,,,,,,,,,,,,,,,,,,,,,,,,,,,,,,,,,,,,,,,,,,,,,,,,,,2020,Marketing And Advertising,,,,,,,,,Digital Rainmaker Ltd,1-10,Private,Email is valid.,Google Workspace,aspmx.l.google.com,FALSE,,,,,,,,,,,,,,,,,,,,,,,,,,,,No,,,,,,,,,,Smartlead users sheet; SL users validated; campaign_leads_2026-03-23_20-27-04_results - campaign_leads_2026-03-23_20-27-04_results.csv,,,,,,,,,,false,enrich,gmail,"""2026-06-06T10:37:49.907Z""",Gmail / Google Workspace,,,,,,,,,
,,jessemuttonenlga@gmail.com,,,,,,,,Smartlead users sheet; SL users validated; campaign_leads_2026-03-23_20-27-04_results - campaign_leads_2026-03-23_20-27-04_results.csv; Imported Leads,No,risky,No,,,,,,,,,,,,,,,,,,,,,,,,,,,,,,,,,,,,,,,,,,,,,,,,,,,,,,,,,,,,,,,,,,,,,,,,,Email is valid.,Google Workspace,gmail-smtp-in.l.google.com,FALSE,,,,,,,,,,,,,,,,,,,,,,,,,,,,No,,,,,,,,,,Smartlead users sheet; SL users validated; campaign_leads_2026-03-23_20-27-04_results - campaign_leads_2026-03-23_20-27-04_results.csv,,,,,,,,,,false,enrich,gmail,"""2026-06-06T10:37:49.559Z""",Gmail / Google Workspace,,,,,,,,,
,,accounts@forceofnatu.re,,,,,,,,Smartlead users sheet; SL users validated; campaign_leads_2026-03-23_20-27-04_results - campaign_leads_2026-03-23_20-27-04_results.csv; Imported Leads,Yes,deliverable,No,,,,,,,,,,,,,,,,,,,,,,,,,,,,,,,,,,,,,,,,,,,,,,,,,,,,,,,,,,,,2021,Marketing And Advertising,North America,United States,San Francisco,San Francisco,"San Francisco, California, United States",94110,California,,Force Of Nature,11-50,Private,Email is valid.,Google Workspace,ASPMX.L.GOOGLE.COM,FALSE,,,,,,,,,,,,,,,,,,,,,,,,,,,,No,,,,,,,,,,Smartlead users sheet; SL users validated; campaign_leads_2026-03-23_20-27-04_results - campaign_leads_2026-03-23_20-27-04_results.csv,,,,,,,,,,false,enrich,gmail,"""2026-06-06T10:37:49.678Z""",Gmail / Google Workspace,,,,,,,,,
,,purnima@b2bdrive.net,,,,,,,,Smartlead users sheet; SL users validated; campaign_leads_2026-03-23_20-27-04_results - campaign_leads_2026-03-23_20-27-04_results.csv; Imported Leads,Yes,deliverable,No,,,,,,,,,,,,,,,,,,,,,,,,,,,,,,,,,,,,,,,,,,,,,,,,,,,,,,,,,,,,2022,Marketing And Advertising,Asia,India,Chennai,Chennai,"Chennai, Tamil Nadu, India",,Tamil Nadu,,B2b Drive,1-10,Private,Email is valid.,Google Workspace,aspmx.l.google.com,FALSE,,,,,,,,,,,,,,,,,,,,,,,,,,,,No,,,,,,,,,,Smartlead users sheet; SL users validated; campaign_leads_2026-03-23_20-27-04_results - campaign_leads_2026-03-23_20-27-04_results.csv,,,,,,,,,,false,enrich,gmail,"""2026-06-06T10:37:49.912Z""",Gmail / Google Workspace,,,,,,,,,
,,hannah@coefficient.io,,,,,,,,Smartlead users sheet; SL users validated; campaign_leads_2026-03-23_20-27-04_results - campaign_leads_2026-03-23_20-27-04_results.csv; Imported Leads,Yes,deliverable,No,,,,,,,,,,,,,,,,,,,,,,,,,,,,,,,,,,,,,,,,,,,,,,,,,,,,,,,,,,,facebook.com/coefficient.io,2020,Computer Software,North America,United States,Palo Alto,Palo Alto,"Palo Alto, California, United States",94301,California,,Coefficient,11-50,Private,Email is valid.,Google Workspace,ASPMX.L.GOOGLE.COM,FALSE,,,,,,,,,,,,,,,,,,,,,,,,,,,,No,,,,,,,,,,Smartlead users sheet; SL users validated; campaign_leads_2026-03-23_20-27-04_results - campaign_leads_2026-03-23_20-27-04_results.csv,,,,,,,,,,false,enrich,gmail,"""2026-06-06T10:37:49.657Z""",Gmail / Google Workspace,,,,,,,,,
,,admin@ghostmarketing.us,,,,,,,,Smartlead users sheet; SL users validated; campaign_leads_2026-03-23_20-27-04_results - campaign_leads_2026-03-23_20-27-04_results.csv; Imported Leads,Yes,deliverable,No,,,,,,,,,,,,,,,,,,,,,,,,,,,,,,,,,,,,,,,,,,,,,,,,,,,,,,,,,,,,,,,,,,,,,,Ghost Marketing Ai,1-10,Private,Email is valid.,Google Workspace,smtp.google.com,FALSE,,,,,,,,,,,,,,,,,,,,,,,,,,,,No,,,,,,,,,,Smartlead users sheet; SL users validated; campaign_leads_2026-03-23_20-27-04_results - campaign_leads_2026-03-23_20-27-04_results.csv,,,,,,,,,,false,enrich,gmail,"""2026-06-06T10:37:49.874Z""",Gmail / Google Workspace,,,,,,,,,
,,campaigns@alteq.au,,,,,,,,Smartlead users sheet; SL users validated; campaign_leads_2026-03-23_20-27-04_results - campaign_leads_2026-03-23_20-27-04_results.csv; Imported Leads,Yes,deliverable,No,,,,,,,,,,,,,,,,,,,,,,,,,,,,,,,,,,,,,,,,,,,,,,,,,,,,,,,,,,,,,,,,,,,,,,,,,Email is valid.,Google Workspace,alt1.aspmx.l.google.com,FALSE,,,,,,,,,,,,,,,,,,,,,,,,,,,,No,,,,,,,,,,Smartlead users sheet; SL users validated; campaign_leads_2026-03-23_20-27-04_results - campaign_leads_2026-03-23_20-27-04_results.csv,,,,,,,,,,false,enrich,gmail,"""2026-06-06T10:37:49.583Z""",Gmail / Google Workspace,,,,,,,,,
,,gabrielmartinez.eth@gmail.com,,,,,,,,Smartlead users sheet; SL users validated; campaign_leads_2026-03-23_20-27-04_results - campaign_leads_2026-03-23_20-27-04_results.csv; Imported Leads,No,risky,No,,,,,,,,,,,,,,,,,,,,,,,,,,,,,,,,,,,,,,,,,,,,,,,,,,,,,,,,,,,,,,,,,,,,,,,,,Email is valid.,Google Workspace,gmail-smtp-in.l.google.com,FALSE,,,,,,,,,,,,,,,,,,,,,,,,,,,,No,,,,,,,,,,Smartlead users sheet; SL users validated; campaign_leads_2026-03-23_20-27-04_results - campaign_leads_2026-03-23_20-27-04_results.csv,,,,,,,,,,false,enrich,gmail,"""2026-06-06T10:37:49.559Z""",Gmail / Google Workspace,,,,,,,,,
,,team@indivmedia.com,,,,,,,,Smartlead users sheet; SL users validated; campaign_leads_2026-03-23_20-27-04_results - campaign_leads_2026-03-23_20-27-04_results.csv; Imported Leads,No,risky,No,,,,,,,,,,,,,,,,,,,,,,,,,,,,,,,,,,,,,,,,,,,,,,,,,,,,,,,,,,,,,,Europe,Ireland,Limerick,Limerick,"Limerick, Limerick, Ireland",,Limerick,,Indivmedia,1-10,Private,Email is valid.,Google Workspace,aspmx.l.google.com,FALSE,,,,,,,,,,,,,,,,,,,,,,,,,,,,No,,,,,,,,,,Smartlead users sheet; SL users validated; campaign_leads_2026-03-23_20-27-04_results - campaign_leads_2026-03-23_20-27-04_results.csv,,,,,,,,,,false,enrich,gmail,"""2026-06-06T10:37:49.874Z""",Gmail / Google Workspace,,,,,,,,,
,,danielle@shipscience.com,,,,,,,,Smartlead users sheet; SL users validated; campaign_leads_2026-03-23_20-27-04_results - campaign_leads_2026-03-23_20-27-04_results.csv; Imported Leads,Yes,deliverable,No,,,,,,,,,,,,,,,,,,,,,,,,,,,,,,,,,,,,,,,,,,,,,,,,,,,,,,,,,,,facebook.com/shipscience,2018,Logistics And Supply Chain,North America,United States,Los Gatos,Los Gatos,"Los Gatos, California, United States",95030,California,268 North Santa Cruz Avenue,Shipscience,11-50,Private,Email is valid.,Google Workspace,aspmx.l.google.com,FALSE,,,,,,,,,,,,,,,,,,,,,,,,,,,,No,,,,,,,,,,Smartlead users sheet; SL users validated; campaign_leads_2026-03-23_20-27-04_results - campaign_leads_2026-03-23_20-27-04_results.csv,,,,,,,,,,false,enrich,gmail,"""2026-06-06T10:37:49.588Z""",Gmail / Google Workspace,,,,,,,,,
Hunter,Eastland,hunter@eastlandleads.com,RevenueScale,Founder & Go-To-Market Engineer,,,,,,Smartlead users sheet; SL users validated; campaign_leads_2026-03-23_20-27-04_results - campaign_leads_2026-03-23_20-27-04_results.csv; Imported Leads,Yes,deliverable,No,,,,,https://eastlandleads.com,,,,,,,,,,,,,,,,,,,,,,https://media.licdn.com/dms/image/v2/D4E0BAQEpjyE3hct2vA/company-logo_100_100/B4EZzE1vLnKIAU-/0/1772828947792/revenuescale_logo?e=1776902400&v=beta&t=UGtwOvvU1P4WFfkyphp-DAfI7QdKWPd18n-WqoNG3_A,,,,,https://www.linkedin.com/company/94873548,,,,,,,3,,2026-04-01T11:45:27.137Z,,,,,,,,Marketing Services,,,,,,,,,,,,,,,,,,,,,,,,,,,,Nashville Metropolitan Area,,,,,,,urn:li:member:563341141,false,,,,,,,,,,false,https://media.licdn.com/dms/image/v2/D4E03AQG9_AC8B5Nf9w/profile-displayphoto-shrink_100_100/B4EZSttijqG0Ac-/0/1738081189126?e=1776902400&v=beta&t=Yw5TN5OyyWB5OmNbfgPGoqDk5p5hG-8rPoaVq-LxdNM,https://www.linkedin.com/in/ACwAACGT51UBEjubjd2r15rUqaiKEqYPDEpwFLY,,,,,false,,,,,,,Follows your company,,,,"In short, I grow B2B businesses with little known growth marketing tactics. 

It's taken years of trial & error -- but on my journey I've learned the difference between ""doing marketing"" for marketing's sake versus driving results in the form of cold hard cash collected.

At 17 I started my first agency while still in high school 

I was helping local businesses with things like social media content, ads, websites etc..

Things were going well - but I yearned to work on more ambitious projects.

-> I tried my hand at a consumer social app startup
-> I interned at the 5th largest marketing agency in the healthcare space
-> I became the marketing lead at a venture backed AI startup in silicon valley

On my journey I was shocked to discover that most agencies, ""marketers"", and startups know very little about marketing. 

-> Their feeds were filled with generic posts pitching their products and services
-> Their outreach campaigns were obviously automated and uninspiring
->  They would show the ""leads"" they generated but could never connect their actions directly to revenue generated

I got back into the agency game to help companies with great products/services scale rapidly through any channel necessary.

Some of the most effective tactics we're currently utilizing include:

-> Content Marketing Funnels on Linkedin, X, and Youtube
-> High Volume Cold Email Campaigns personalized with AI
-> Manual LinkedIn outreach
-> Building personal brands and driving inbound leads with founder led content

and much more as the landscape seemingly evolves by the day in 2025",,,,4 yrs,,,,,,,false,enrich,gmail,"""2026-06-06T10:37:49.915Z""",Gmail / Google Workspace,,,,,,,,,
,,clayobara@finditleads.com,,,,,,,,Smartlead users sheet; SL users validated; campaign_leads_2026-03-23_20-27-04_results - campaign_leads_2026-03-23_20-27-04_results.csv; Imported Leads,Yes,deliverable,No,,,,,,,,,,,,,,,,,,,,,,,,,,,,,,,,,,,,,,,,,,,,,,,,,,,,,,,,,,,,,,,,,,,,,,,,,Email is valid.,Google Workspace,aspmx.l.google.com,FALSE,,,,,,,,,,,,,,,,,,,,,,,,,,,,No,,,,,,,,,,Smartlead users sheet; SL users validated; campaign_leads_2026-03-23_20-27-04_results - campaign_leads_2026-03-23_20-27-04_results.csv,,,,,,,,,,false,enrich,gmail,"""2026-06-06T10:37:49.899Z""",Gmail / Google Workspace,,,,,,,,,
,,sadik@faltara.com,,,,,,,,Smartlead users sheet; SL users validated; campaign_leads_2026-03-23_20-27-04_results - campaign_leads_2026-03-23_20-27-04_results.csv; Imported Leads,Yes,deliverable,No,,,,,,,,,,,,,,,,,,,,,,,,,,,,,,,,,,,,,,,,,,,,,,,,,,,,,,,,,,,,,Staffing And Recruiting,,,,,,,,,Faltara,11-50,Private,Email is valid.,Google Workspace,aspmx.l.google.com,FALSE,,,,,,,,,,,,,,,,,,,,,,,,,,,,No,,,,,,,,,,Smartlead users sheet; SL users validated; campaign_leads_2026-03-23_20-27-04_results - campaign_leads_2026-03-23_20-27-04_results.csv,,,,,,,,,,false,enrich,gmail,"""2026-06-06T10:37:49.874Z""",Gmail / Google Workspace,,,,,,,,,
,,ringtone9@gmail.com,,,,,,,,Smartlead users sheet; SL users validated; campaign_leads_2026-03-23_20-27-04_results - campaign_leads_2026-03-23_20-27-04_results.csv; Imported Leads,No,risky,No,,,,,,,,,,,,,,,,,,,,,,,,,,,,,,,,,,,,,,,,,,,,,,,,,,,,,,,,,,,,,,,,,,,,,,,,,Email is valid.,Google Workspace,gmail-smtp-in.l.google.com,FALSE,,,,,,,,,,,,,,,,,,,,,,,,,,,,No,,,,,,,,,,Smartlead users sheet; SL users validated; campaign_leads_2026-03-23_20-27-04_results - campaign_leads_2026-03-23_20-27-04_results.csv,,,,,,,,,,false,enrich,gmail,"""2026-06-06T10:37:49.559Z""",Gmail / Google Workspace,,,,,,,,,
Ryan,R.,ryan@coldoutreachsystems.com,,Founder,,Greater Richmond Region,,United States,https://www.linkedin.com/in/ryan-r-23862174/,Smartlead users sheet; SL users validated; campaign_leads_2026-03-23_20-27-04_results - campaign_leads_2026-03-23_20-27-04_results.csv; Imported Leads,Yes,deliverable,No,,,,,coldoutreachsystems.com,,,,,,,,,,,,,,,,,,,,,,,,,,,,,,,Cold Outreach Systems,,,,,,,,,,,,,,,,,,,,,,,,,,,,,,,,,,,,,,,,,"Greater Richmond Region, United States",,,,,,,,,,,,,,,,,,,,,,,,,,,No,,,,,,,,,,Smartlead users sheet; SL users validated; campaign_leads_2026-03-23_20-27-04_results - campaign_leads_2026-03-23_20-27-04_results.csv; Imported Leads,,,,,,,,,,false,enrich,gmail,"""2026-06-06T10:37:49.874Z""",Gmail / Google Workspace,,,,,,,,,
,,jack@mycoldleads.com,,,,,,,,Smartlead users sheet; SL users validated; campaign_leads_2026-03-23_20-27-04_results - campaign_leads_2026-03-23_20-27-04_results.csv; Imported Leads,Yes,deliverable,No,,,,,,,,,,,,,,,,,,,,,,,,,,,,,,,,,,,,,,,,,,,,,,,,,,,,,,,,,,,,,,,,,,,,,,,,,Email is valid.,Google Workspace,aspmx.l.google.com,FALSE,,,,,,,,,,,,,,,,,,,,,,,,,,,,No,,,,,,,,,,Smartlead users sheet; SL users validated; campaign_leads_2026-03-23_20-27-04_results - campaign_leads_2026-03-23_20-27-04_results.csv,,,,,,,,,,false,enrich,gmail,"""2026-06-06T10:37:49.685Z""",Gmail / Google Workspace,,,,,,,,,
Johannes,Fessler,johannes@rocksolidleadgeneration.com,,,+34600898698,Marbella,Andalusia,Spain,https://www.linkedin.com/in/johannesfessler81,Smartlead users sheet; SL users validated; campaign_leads_2026-03-23_20-27-04_results - campaign_leads_2026-03-23_20-27-04_results.csv; Imported Leads,Yes,deliverable,No,,,,,,a5bfeb07-93f4-c8b7-044c-4c6e7dc5fb98,,REAL-TIME VERIFIED ON 29 Mar 26,,Marbella,2663929d-fcf0-09b4-a24c-d8f3121a8058,0-99999,"Specialist in Lead Generation, Outbound Marketing, B2B sales, and project management.

How to get 3-8 meeting-ready leads per week without lifting a finger, 100% done-for-you.

Cold email lead generation and outreach can be time-consuming and expensive. With Rock Solid Lead Generation, you get to scale your cold email outreach with qualified leads and predictably drive more revenue — all in one place — 100% done-for-you.",2-10,,,2021,,,business consulting and services,,,,,,,,,,Rocksolidleadgeneration,0,,,"Scale your cold email outreach with qualified leads and predictably drive more revenue, 100% done-for-you.Meet Rock Solid Lead Generation - more leads, more meetings, more sales, more freedom#1 hot lead generation agency77.8KClient leads generated2.8KClient meetings generated$12.2MClient revenue generated""Getting so many lead responses that I had to hire one VA to answer them faster. Im way",4,,,PRIVATELY_HELD,,Spain,,,,,,,,,,,,,,,,,,CEO,,,,,,,,,,,,,,,,,,,"Marbella, Andalusia, Spain, Europe",gmail,"""2026-03-31T21:04:22.730Z""",Google Workspace,,,aspmx.l.google.com,,,,,,,,,,,,,,,,,,,,,No,No,,,founder,,,Andalusia,,,Smartlead users sheet; SL users validated; campaign_leads_2026-03-23_20-27-04_results - campaign_leads_2026-03-23_20-27-04_results.csv; Imported Leads,Top agencies; Imported Leads; SL Users,,,,,,,,,false,enrich,gmail,"""2026-06-06T10:37:49.926Z""",Gmail / Google Workspace,,,,,,,,,
,,software@maaly.agency,,,,,,,,Smartlead users sheet; SL users validated; campaign_leads_2026-03-23_20-27-04_results - campaign_leads_2026-03-23_20-27-04_results.csv; Imported Leads,Yes,deliverable,No,,,,,,,,,,,,,,,,,,,,,,,,,,,,,,,,,,,,,,,,,,,,,,,,,,,,,,,,,,,,,,,,,,,,,,,,,Email is valid.,Google Workspace,aspmx.l.google.com,FALSE,,,,,,,,,,,,,,,,,,,,,,,,,,,,No,,,,,,,,,,Smartlead users sheet; SL users validated; campaign_leads_2026-03-23_20-27-04_results - campaign_leads_2026-03-23_20-27-04_results.csv,,,,,,,,,,false,enrich,gmail,"""2026-06-06T10:37:49.898Z""",Gmail / Google Workspace,,,,,,,,,
,,account-1@email-sequence.ru,,,,,,,,Smartlead users sheet; SL users validated; campaign_leads_2026-03-23_20-27-04_results - campaign_leads_2026-03-23_20-27-04_results.csv; Imported Leads,No,risky,No,,,,,,,,,,,,,,,,,,,,,,,,,,,,,,,,,,,,,,,,,,,,,,,,,,,,,,,,,,,,,,,,,,,,,,,,,Email is valid.,,mx2.timeweb.ru,FALSE,,,,,,,,,,,,,,,,,,,,,,,,,,,,No,,,,,,,,,,Smartlead users sheet; SL users validated; campaign_leads_2026-03-23_20-27-04_results - campaign_leads_2026-03-23_20-27-04_results.csv,,,,,,,,,,false,enrich,other,"""2026-06-06T10:37:50.104Z""",Other,,,,,,,,,
,,adam@watevs.com,,,,,,,,Smartlead users sheet; SL users validated; campaign_leads_2026-03-23_20-27-04_results - campaign_leads_2026-03-23_20-27-04_results.csv; Imported Leads,Yes,deliverable,No,,,,,,,,,,,,,,,,,,,,,,,,,,,,,,,,,,,,,,,,,,,,,,,,,,,,,,,,,,,,2020,,Europe,United Kingdom,,,,,,,Watevs Agency,1-10,Private,Email is valid.,Google Workspace,aspmx.l.google.com,FALSE,,,,,,,,,,,,,,,,,,,,,,,,,,,,No,,,,,,,,,,Smartlead users sheet; SL users validated; campaign_leads_2026-03-23_20-27-04_results - campaign_leads_2026-03-23_20-27-04_results.csv,,,,,,,,,,false,enrich,gmail,"""2026-06-06T10:37:49.688Z""",Gmail / Google Workspace,,,,,,,,,
,,account-tech@email-sequence.ru,,,,,,,,Smartlead users sheet; SL users validated; campaign_leads_2026-03-23_20-27-04_results - campaign_leads_2026-03-23_20-27-04_results.csv; Imported Leads,No,risky,No,,,,,,,,,,,,,,,,,,,,,,,,,,,,,,,,,,,,,,,,,,,,,,,,,,,,,,,,,,,,,,,,,,,,,,,,,Email is valid.,,mx2.timeweb.ru,FALSE,,,,,,,,,,,,,,,,,,,,,,,,,,,,No,,,,,,,,,,Smartlead users sheet; SL users validated; campaign_leads_2026-03-23_20-27-04_results - campaign_leads_2026-03-23_20-27-04_results.csv,,,,,,,,,,false,enrich,other,"""2026-06-06T10:37:50.104Z""",Other,,,,,,,,,
,,ben@wealthleads.co,,,,,,,,Smartlead users sheet; SL users validated; campaign_leads_2026-03-23_20-27-04_results - campaign_leads_2026-03-23_20-27-04_results.csv; Imported Leads,Yes,deliverable,No,,,,,,,,,,,,,,,,,,,,,,,,,,,,,,,,,,,,,,,,,,,,,,,,,,,,,,,,,,,,,,,,,,,,,,,,,Email is valid.,Google Workspace,aspmx.l.google.com,FALSE,,,,,,,,,,,,,,,,,,,,,,,,,,,,No,,,,,,,,,,Smartlead users sheet; SL users validated; campaign_leads_2026-03-23_20-27-04_results - campaign_leads_2026-03-23_20-27-04_results.csv,,,,,,,,,,false,enrich,gmail,"""2026-06-06T10:37:49.612Z""",Gmail / Google Workspace,,,,,,,,,
,,milad@raiseviewcapital.com,,,,,,,,Smartlead users sheet; SL users validated; campaign_leads_2026-03-23_20-27-04_results - campaign_leads_2026-03-23_20-27-04_results.csv; Imported Leads,Yes,deliverable,No,,,,,,,,,,,,,,,,,,,,,,,,,,,,,,,,,,,,,,,,,,,,,,,,,,,,,,,,,,,,,,,,,,,,,,,,,Email is valid.,Google Workspace,smtp.google.com,FALSE,,,,,,,,,,,,,,,,,,,,,,,,,,,,No,,,,,,,,,,Smartlead users sheet; SL users validated; campaign_leads_2026-03-23_20-27-04_results - campaign_leads_2026-03-23_20-27-04_results.csv,,,,,,,,,,false,enrich,gmail,"""2026-06-06T10:37:49.705Z""",Gmail / Google Workspace,,,,,,,,,
,,jatrai24@gmail.com,,,,,,,,Smartlead users sheet; SL users validated; campaign_leads_2026-03-23_20-27-04_results - campaign_leads_2026-03-23_20-27-04_results.csv; Imported Leads,No,risky,No,,,,,,,,,,,,,,,,,,,,,,,,,,,,,,,,,,,,,,,,,,,,,,,,,,,,,,,,,,,,,,,,,,,,,,,,,Email is valid.,Google Workspace,gmail-smtp-in.l.google.com,FALSE,,,,,,,,,,,,,,,,,,,,,,,,,,,,No,,,,,,,,,,Smartlead users sheet; SL users validated; campaign_leads_2026-03-23_20-27-04_results - campaign_leads_2026-03-23_20-27-04_results.csv,,,,,,,,,,false,enrich,gmail,"""2026-06-06T10:37:49.559Z""",Gmail / Google Workspace,,,,,,,,,
,,matthew@trusspayments.com,,,,,,,,Smartlead users sheet; SL users validated; campaign_leads_2026-03-23_20-27-04_results - campaign_leads_2026-03-23_20-27-04_results.csv; Imported Leads,Yes,deliverable,No,,,,,,,,,,,,,,,,,,,,,,,,,,,,,,,,,,,,,,,,,,,,,,,,,,,,,,,,,,,,2021,Financial Services,North America,United States,San Francisco,San Francisco,"San Francisco, California, United States",94114,California,2261 Market Street,Truss,11-50,Private,Email is valid.,Google Workspace,aspmx.l.google.com,FALSE,,,,,,,,,,,,,,,,,,,,,,,,,,,,No,,,,,,,,,,Smartlead users sheet; SL users validated; campaign_leads_2026-03-23_20-27-04_results - campaign_leads_2026-03-23_20-27-04_results.csv,,,,,,,,,,false,enrich,gmail,"""2026-06-06T10:37:49.898Z""",Gmail / Google Workspace,,,,,,,,,
,,enric@cavviar.com,,,,,,,,Smartlead users sheet; SL users validated; campaign_leads_2026-03-23_20-27-04_results - campaign_leads_2026-03-23_20-27-04_results.csv; Imported Leads,Yes,deliverable,No,,,,,,,,,,,,,,,,,,,,,,,,,,,,,,,,,,,,,,,,,,,,,,,,,,,,,,,,,,,,,,,,,,,,,,Cavviar,1-10,Private,Email is valid.,Google Workspace,aspmx.l.google.com,FALSE,,,,,,,,,,,,,,,,,,,,,,,,,,,,No,,,,,,,,,,Smartlead users sheet; SL users validated; campaign_leads_2026-03-23_20-27-04_results - campaign_leads_2026-03-23_20-27-04_results.csv,,,,,,,,,,false,enrich,gmail,"""2026-06-06T10:37:49.874Z""",Gmail / Google Workspace,,,,,,,,,
,,team@thedeepview.ai,,,,,,,,Smartlead users sheet; SL users validated; campaign_leads_2026-03-23_20-27-04_results - campaign_leads_2026-03-23_20-27-04_results.csv; Imported Leads,Yes,deliverable,No,,,,,,,,,,,,,,,,,,,,,,,,,,,,,,,,,,,,,,,,,,,,,,,,,,,,,,,,,,,,,,,,,,,,,,The Deep View,1-10,Private,Email is valid.,Google Workspace,smtp.google.com,FALSE,,,,,,,,,,,,,,,,,,,,,,,,,,,,No,,,,,,,,,,Smartlead users sheet; SL users validated; campaign_leads_2026-03-23_20-27-04_results - campaign_leads_2026-03-23_20-27-04_results.csv,,,,,,,,,,false,enrich,gmail,"""2026-06-06T10:37:49.905Z""",Gmail / Google Workspace,,,,,,,,,
,,julian@readysetleads.io,,,,,,,,Smartlead users sheet; SL users validated; campaign_leads_2026-03-23_20-27-04_results - campaign_leads_2026-03-23_20-27-04_results.csv; Imported Leads,Yes,deliverable,No,,,,,,,,,,,,,,,,,,,,,,,,,,,,,,,,,,,,,,,,,,,,,,,,,,,,,,,,,,,,,Management Consulting,North America,Canada,Vancouver,Vancouver,"Vancouver, British Columbia, Canada",,British Columbia,,Ready Set Leads,1-10,Private,Email is valid.,Google Workspace,smtp.google.com,FALSE,,,,,,,,,,,,,,,,,,,,,,,,,,,,No,,,,,,,,,,Smartlead users sheet; SL users validated; campaign_leads_2026-03-23_20-27-04_results - campaign_leads_2026-03-23_20-27-04_results.csv,,,,,,,,,,false,enrich,gmail,"""2026-06-06T10:37:49.892Z""",Gmail / Google Workspace,,,,,,,,,
,,info@genflowsagency.com,,,,,,,,Smartlead users sheet; SL users validated; campaign_leads_2026-03-23_20-27-04_results - campaign_leads_2026-03-23_20-27-04_results.csv; Imported Leads,Yes,deliverable,No,,,,,,,,,,,,,,,,,,,,,,,,,,,,,,,,,,,,,,,,,,,,,,,,,,,,,,,,,,,,2019,Internet,,,,,,,,,Genflows Agency,1-10,Private,Email is valid.,Google Workspace,aspmx.l.google.com,FALSE,,,,,,,,,,,,,,,,,,,,,,,,,,,,No,,,,,,,,,,Smartlead users sheet; SL users validated; campaign_leads_2026-03-23_20-27-04_results - campaign_leads_2026-03-23_20-27-04_results.csv,,,,,,,,,,false,enrich,gmail,"""2026-06-06T10:37:49.892Z""",Gmail / Google Workspace,,,,,,,,,
,,jin@predict-ability.com,,,,,,,,Smartlead users sheet; SL users validated; campaign_leads_2026-03-23_20-27-04_results - campaign_leads_2026-03-23_20-27-04_results.csv; Imported Leads,Yes,deliverable,No,,,,,,,,,,,,,,,,,,,,,,,,,,,,,,,,,,,,,,,,,,,,,,,,,,,,,,,,,,,,,Information Technology And Services,Europe,Germany,,,,,Berlin,,Predict,1-10,Private,Email is valid.,Google Workspace,aspmx.l.google.com,FALSE,,,,,,,,,,,,,,,,,,,,,,,,,,,,No,,,,,,,,,,Smartlead users sheet; SL users validated; campaign_leads_2026-03-23_20-27-04_results - campaign_leads_2026-03-23_20-27-04_results.csv,,,,,,,,,,false,enrich,gmail,"""2026-06-06T10:37:49.883Z""",Gmail / Google Workspace,,,,,,,,,
,,othmane@scalebymetrics.com,,,,,,,,Smartlead users sheet; SL users validated; campaign_leads_2026-03-23_20-27-04_results - campaign_leads_2026-03-23_20-27-04_results.csv; Imported Leads,Yes,deliverable,No,,,,,,,,,,,,,,,,,,,,,,,,,,,,,,,,,,,,,,,,,,,,,,,,,,,,,,,,,,,,,Management Consulting,Europe,France,Paris,Paris,"Paris, Île-de-france, France",,Île-de-france,,Scalebymetrics,1-10,Private,Email is valid.,Google Workspace,aspmx.l.google.com,FALSE,,,,,,,,,,,,,,,,,,,,,,,,,,,,No,,,,,,,,,,Smartlead users sheet; SL users validated; campaign_leads_2026-03-23_20-27-04_results - campaign_leads_2026-03-23_20-27-04_results.csv,,,,,,,,,,false,enrich,gmail,"""2026-06-06T10:37:49.898Z""",Gmail / Google Workspace,,,,,,,,,
,,peter@prvolt.com,,,,,,,,Smartlead users sheet; SL users validated; campaign_leads_2026-03-23_20-27-04_results - campaign_leads_2026-03-23_20-27-04_results.csv; Imported Leads,Yes,deliverable,No,,,,,,,,,,,,,,,,,,,,,,,,,,,,,,,,,,,,,,,,,,,,,,,,,,,,,,,,,,,facebook.com/getprvolt,2017,Internet,North America,United States,Santa Monica,Santa Monica,"Santa Monica, California, United States",90402,California,311 Ocean Avenue,Pr Volt,1-10,Private,Email is valid.,Google Workspace,aspmx.l.google.com,FALSE,,,,,,,,,,,,,,,,,,,,,,,,,,,,No,,,,,,,,,,Smartlead users sheet; SL users validated; campaign_leads_2026-03-23_20-27-04_results - campaign_leads_2026-03-23_20-27-04_results.csv,,,,,,,,,,false,enrich,gmail,"""2026-06-06T10:37:50.214Z""",Gmail / Google Workspace,,,,,,,,,
,,leopoldo.rivas@reuniones.cl,,,,,,,,Smartlead users sheet; SL users validated; campaign_leads_2026-03-23_20-27-04_results - campaign_leads_2026-03-23_20-27-04_results.csv; Imported Leads,Yes,deliverable,No,,,,,,,,,,,,,,,,,,,,,,,,,,,,,,,,,,,,,,,,,,,,,,,,,,,,,,,,,,,facebook.com/reunionescl,2015,Marketing And Advertising,South America,Chile,Santiago,Santiago,"Santiago, Santiago Metropolitan, Chile",,Santiago Metropolitan,,Reuniones.cl,11-50,Private,Email is valid.,Google Workspace,aspmx.l.google.com,FALSE,,,,,,,,,,,,,,,,,,,,,,,,,,,,No,,,,,,,,,,Smartlead users sheet; SL users validated; campaign_leads_2026-03-23_20-27-04_results - campaign_leads_2026-03-23_20-27-04_results.csv,,,,,,,,,,false,enrich,gmail,"""2026-06-06T10:37:49.892Z""",Gmail / Google Workspace,,,,,,,,,
,,lorus@carrierintelligence.com,,,,,,,,Smartlead users sheet; SL users validated; campaign_leads_2026-03-23_20-27-04_results - campaign_leads_2026-03-23_20-27-04_results.csv; Imported Leads,Yes,deliverable,No,,,,,,,,,,,,,,,,,,,,,,,,,,,,,,,,,,,,,,,,,,,,,,,,,,,,,,,,,,,facebook.com/carrierintelligence,2017,Information Services,North America,United States,Sheridan,Sheridan,"Sheridan, Wyoming, United States",,Wyoming,,Carrier Intelligence,11-50,Private,Email is valid.,Google Workspace,aspmx.l.google.com,FALSE,,,,,,,,,,,,,,,,,,,,,,,,,,,,No,,,,,,,,,,Smartlead users sheet; SL users validated; campaign_leads_2026-03-23_20-27-04_results - campaign_leads_2026-03-23_20-27-04_results.csv,,,,,,,,,,false,enrich,gmail,"""2026-06-06T10:37:49.926Z""",Gmail / Google Workspace,,,,,,,,,
,,searidgeadvisory@gmail.com,,,,,,,,Smartlead users sheet; SL users validated; campaign_leads_2026-03-23_20-27-04_results - campaign_leads_2026-03-23_20-27-04_results.csv; Imported Leads,No,risky,No,,,,,,,,,,,,,,,,,,,,,,,,,,,,,,,,,,,,,,,,,,,,,,,,,,,,,,,,,,,,,,,,,,,,,,,,,Email is valid.,Google Workspace,gmail-smtp-in.l.google.com,FALSE,,,,,,,,,,,,,,,,,,,,,,,,,,,,No,,,,,,,,,,Smartlead users sheet; SL users validated; campaign_leads_2026-03-23_20-27-04_results - campaign_leads_2026-03-23_20-27-04_results.csv,,,,,,,,,,false,enrich,gmail,"""2026-06-06T10:37:49.559Z""",Gmail / Google Workspace,,,,,,,,,
,,prem.kumar@getvisitapp.com,,,,,,,,Smartlead users sheet; SL users validated; campaign_leads_2026-03-23_20-27-04_results - campaign_leads_2026-03-23_20-27-04_results.csv; Imported Leads,Yes,deliverable,No,,,,,,,,,,,,,,,,,,,,,,,,,,,,,,,,,,,,,,,,,,,,,,,,,,,,,,,,,,,,2015,"Health, Wellness And Fitness",Asia,India,Noida,Noida,"Noida, Uttar Pradesh, India",201301,Uttar Pradesh,,Visit Health,201-500,Private,Email is valid.,Google Workspace,aspmx.l.google.com,FALSE,,,,,,,,,,,,,,,,,,,,,,,,,,,,No,,,,,,,,,,Smartlead users sheet; SL users validated; campaign_leads_2026-03-23_20-27-04_results - campaign_leads_2026-03-23_20-27-04_results.csv,,,,,,,,,,false,enrich,gmail,"""2026-06-06T10:37:49.905Z""",Gmail / Google Workspace,,,,,,,,,
,,operation@outcome.co.kr,,,,,,,,Smartlead users sheet; SL users validated; campaign_leads_2026-03-23_20-27-04_results - campaign_leads_2026-03-23_20-27-04_results.csv; Imported Leads,Yes,deliverable,No,,,,,,,,,,,,,,,,,,,,,,,,,,,,,,,,,,,,,,,,,,,,,,,,,,,,,,,,,,,,2023,,,,,,,,,,Outcome,1-10,Private,Email is valid.,Google Workspace,smtp.google.com,FALSE,,,,,,,,,,,,,,,,,,,,,,,,,,,,No,,,,,,,,,,Smartlead users sheet; SL users validated; campaign_leads_2026-03-23_20-27-04_results - campaign_leads_2026-03-23_20-27-04_results.csv,,,,,,,,,,false,enrich,gmail,"""2026-06-06T10:37:49.922Z""",Gmail / Google Workspace,,,,,,,,,
,,mudassir.khan@awign.com,,,,,,,,Smartlead users sheet; SL users validated; campaign_leads_2026-03-23_20-27-04_results - campaign_leads_2026-03-23_20-27-04_results.csv; Imported Leads,Yes,deliverable,No,,,,,,,,,,,,,,,,,,,,,,,,,,,,,,,,,,,,,,,,,,,,,,,,,,,,,,,,,,,,2016,Outsourcing/offshoring,Asia,India,Koramangala Vi Bk,Koramangala Vi Bk,"Koramangala Vi Bk, Karnataka, India",560095,Karnataka,#2 91springboard 3rd Floor Padmavati Complex 80 Feet Road Opposite Ngv Indoor Stadium Koramangala 8th Block Bengaluru South Karnataka,Awign,201-500,Private,Email is valid.,Google Workspace,aspmx.l.google.com,FALSE,,,,,,,,,,,,,,,,,,,,,,,,,,,,No,,,,,,,,,,Smartlead users sheet; SL users validated; campaign_leads_2026-03-23_20-27-04_results - campaign_leads_2026-03-23_20-27-04_results.csv,,,,,,,,,,false,enrich,gmail,"""2026-06-06T10:37:50.208Z""",Gmail / Google Workspace,,,,,,,,,
,,drew@valytical.com,,,,,,,,Smartlead users sheet; SL users validated; campaign_leads_2026-03-23_20-27-04_results - campaign_leads_2026-03-23_20-27-04_results.csv; Imported Leads,Yes,deliverable,No,,,,,,,,,,,,,,,,,,,,,,,,,,,,,,,,,,,,,,,,,,,,,,,,,,,,,,,,,,,,,,,,,,,,,,,,,Email is valid.,Google Workspace,smtp.google.com,FALSE,,,,,,,,,,,,,,,,,,,,,,,,,,,,No,,,,,,,,,,Smartlead users sheet; SL users validated; campaign_leads_2026-03-23_20-27-04_results - campaign_leads_2026-03-23_20-27-04_results.csv,,,,,,,,,,false,enrich,gmail,"""2026-06-06T10:37:49.898Z""",Gmail / Google Workspace,,,,,,,,,
,,shane@thevagroup.com,,,,,,,,Smartlead users sheet; SL users validated; campaign_leads_2026-03-23_20-27-04_results - campaign_leads_2026-03-23_20-27-04_results.csv; Imported Leads,Yes,deliverable,No,,,,,,,,,,,,,,,,,,,,,,,,,,,,,,,,,,,,,,,,,,,,,,,,,,,,,,,,,,,facebook.com/tvagrecruitment,2018,Outsourcing/offshoring,North America,United States,Las Vegas,Las Vegas,"Las Vegas, Nevada, United States",89117,Nevada,7848 West Sahara Avenue,The Va Group,201-500,Private,Email is valid.,Google Workspace,smtp.google.com,FALSE,,,,,,,,,,,,,,,,,,,,,,,,,,,,No,,,,,,,,,,Smartlead users sheet; SL users validated; campaign_leads_2026-03-23_20-27-04_results - campaign_leads_2026-03-23_20-27-04_results.csv,,,,,,,,,,false,enrich,gmail,"""2026-06-06T10:37:49.667Z""",Gmail / Google Workspace,,,,,,,,,
,,chanderpal@sphinxworldbiz.co,,,,,,,,Smartlead users sheet; SL users validated; campaign_leads_2026-03-23_20-27-04_results - campaign_leads_2026-03-23_20-27-04_results.csv; Imported Leads,Yes,deliverable,No,,,,,,,,,,,,,,,,,,,,,,,,,,,,,,,,,,,,,,,,,,,,,,,,,,,,,,,,,,,,,,,,,,,,,,,,,Email is valid.,Google Workspace,aspmx.l.google.com,FALSE,,,,,,,,,,,,,,,,,,,,,,,,,,,,No,,,,,,,,,,Smartlead users sheet; SL users validated; campaign_leads_2026-03-23_20-27-04_results - campaign_leads_2026-03-23_20-27-04_results.csv,,,,,,,,,,false,enrich,gmail,"""2026-06-06T10:37:49.944Z""",Gmail / Google Workspace,,,,,,,,,
,,alistair@sama.io,,,,,,,,Smartlead users sheet; SL users validated; campaign_leads_2026-03-23_20-27-04_results - campaign_leads_2026-03-23_20-27-04_results.csv; Imported Leads,Yes,deliverable,No,,,,,,,,,,,,,,,,,,,,,,,,,,,,,,,,,,,,,,,,,,,,,,,,,,,,,,,,,,,,,Professional Training & Coaching,Europe,United Kingdom,London,London,"London, Greater London, United Kingdom",,Greater London,,Sama,11-50,Private,Email is valid.,Google Workspace,aspmx.l.google.com,FALSE,,,,,,,,,,,,,,,,,,,,,,,,,,,,No,,,,,,,,,,Smartlead users sheet; SL users validated; campaign_leads_2026-03-23_20-27-04_results - campaign_leads_2026-03-23_20-27-04_results.csv,,,,,,,,,,false,enrich,gmail,"""2026-06-06T10:37:49.667Z""",Gmail / Google Workspace,,,,,,,,,
,,bonestia@bonestia.com,,,,,,,,Smartlead users sheet; SL users validated; campaign_leads_2026-03-23_20-27-04_results - campaign_leads_2026-03-23_20-27-04_results.csv; Imported Leads,No,risky,No,,,,,,,,,,,,,,,,,,,,,,,,,,,,,,,,,,,,,,,,,,,,,,,,,,,,,,,,,,,,,,,,,,,,,,,,,Email is valid.,Google Workspace,smtp.google.com,FALSE,,,,,,,,,,,,,,,,,,,,,,,,,,,,No,,,,,,,,,,Smartlead users sheet; SL users validated; campaign_leads_2026-03-23_20-27-04_results - campaign_leads_2026-03-23_20-27-04_results.csv,,,,,,,,,,false,enrich,gmail,"""2026-06-06T10:37:49.898Z""",Gmail / Google Workspace,,,,,,,,,
,,rishikesh.bane@jeanmartin.us,,,,,,,,Smartlead users sheet; SL users validated; campaign_leads_2026-03-23_20-27-04_results - campaign_leads_2026-03-23_20-27-04_results.csv; Imported Leads,No,risky,No,,,,,,,,,,,,,,,,,,,,,,,,,,,,,,,,,,,,,,,,,,,,,,,,,,,,,,,,,,,,,,,,,,,,,,,,,Email is valid.,Google Workspace,aspmx.l.google.com,FALSE,,,,,,,,,,,,,,,,,,,,,,,,,,,,No,,,,,,,,,,Smartlead users sheet; SL users validated; campaign_leads_2026-03-23_20-27-04_results - campaign_leads_2026-03-23_20-27-04_results.csv,,,,,,,,,,false,enrich,gmail,"""2026-06-06T10:37:49.678Z""",Gmail / Google Workspace,,,,,,,,,
,,tim.jarvis@timjarvis.online,,,,,,,,Smartlead users sheet; SL users validated; campaign_leads_2026-03-23_20-27-04_results - campaign_leads_2026-03-23_20-27-04_results.csv; Imported Leads,Yes,deliverable,No,,,,,,,,,,,,,,,,,,,,,,,,,,,,,,,,,,,,,,,,,,,,,,,,,,,,,,,,,,,,,Marketing And Advertising,,,,,,,,,Timjarvis.online,1-10,Private,Email is valid.,Google Workspace,aspmx.l.google.com,FALSE,,,,,,,,,,,,,,,,,,,,,,,,,,,,No,,,,,,,,,,Smartlead users sheet; SL users validated; campaign_leads_2026-03-23_20-27-04_results - campaign_leads_2026-03-23_20-27-04_results.csv,,,,,,,,,,false,enrich,gmail,"""2026-06-06T10:37:49.883Z""",Gmail / Google Workspace,,,,,,,,,
,,julien@layerdev.io,,,,,,,,Smartlead users sheet; SL users validated; campaign_leads_2026-03-23_20-27-04_results - campaign_leads_2026-03-23_20-27-04_results.csv; Imported Leads,Yes,deliverable,No,,,,,,,,,,,,,,,,,,,,,,,,,,,,,,,,,,,,,,,,,,,,,,,,,,,,,,,,,,,,2020,,Europe,France,Paris,Paris,"Paris, Ile-de-france, France",,Ile-de-france,,Layerdev,1-10,Private,Email is valid.,Google Workspace,aspmx.l.google.com,FALSE,,,,,,,,,,,,,,,,,,,,,,,,,,,,No,,,,,,,,,,Smartlead users sheet; SL users validated; campaign_leads_2026-03-23_20-27-04_results - campaign_leads_2026-03-23_20-27-04_results.csv,,,,,,,,,,false,enrich,gmail,"""2026-06-06T10:37:49.678Z""",Gmail / Google Workspace,,,,,,,,,
,,patrick@tradecalloperator.ai,,,,,,,,Smartlead users sheet; SL users validated; campaign_leads_2026-03-23_20-27-04_results - campaign_leads_2026-03-23_20-27-04_results.csv; Imported Leads,Yes,deliverable,No,,,,,,,,,,,,,,,,,,,,,,,,,,,,,,,,,,,,,,,,,,,,,,,,,,,,,,,,,,,,,,,,,,,,,,,,,Email is valid.,Google Workspace,SMTP.GOOGLE.COM,FALSE,,,,,,,,,,,,,,,,,,,,,,,,,,,,No,,,,,,,,,,Smartlead users sheet; SL users validated; campaign_leads_2026-03-23_20-27-04_results - campaign_leads_2026-03-23_20-27-04_results.csv,,,,,,,,,,false,enrich,gmail,"""2026-06-06T10:37:49.713Z""",Gmail / Google Workspace,,,,,,,,,
,,luke@albert.io,,,,,,,,Smartlead users sheet; SL users validated; campaign_leads_2026-03-23_20-27-04_results - campaign_leads_2026-03-23_20-27-04_results.csv; Imported Leads,Yes,deliverable,No,,,,,,,,,,,,,,,,,,,,,,,,,,,,,,,,,,,,,,,,,,,,,,,,,,,,,,,,,,,facebook.com/learnerator,2013,E-learning,North America,United States,Chicago,Chicago,"Chicago, Illinois, United States",60611,Illinois,11 East Illinois Street,Albert | Learn By Doing,11-50,Private,Email is valid.,Google Workspace,aspmx.l.google.com,FALSE,,,,,,,,,,,,,,,,,,,,,,,,,,,,No,,,,,,,,,,Smartlead users sheet; SL users validated; campaign_leads_2026-03-23_20-27-04_results - campaign_leads_2026-03-23_20-27-04_results.csv,,,,,,,,,,false,enrich,gmail,"""2026-06-06T10:37:49.685Z""",Gmail / Google Workspace,,,,,,,,,
,,robert.lawson@energisehq.com,,,,,,,,Smartlead users sheet; SL users validated; campaign_leads_2026-03-23_20-27-04_results - campaign_leads_2026-03-23_20-27-04_results.csv; Imported Leads,Yes,deliverable,No,,,,,,,,,,,,,,,,,,,,,,,,,,,,,,,,,,,,,,,,,,,,,,,,,,,,,,,,,,,,,,,,,,,,,,,,,Email is valid.,Google Workspace,aspmx.l.google.com,FALSE,,,,,,,,,,,,,,,,,,,,,,,,,,,,No,,,,,,,,,,Smartlead users sheet; SL users validated; campaign_leads_2026-03-23_20-27-04_results - campaign_leads_2026-03-23_20-27-04_results.csv,,,,,,,,,,false,enrich,gmail,"""2026-06-06T10:37:49.901Z""",Gmail / Google Workspace,,,,,,,,,
,,david@hypercore.ai,,,,,,,,Smartlead users sheet; SL users validated; campaign_leads_2026-03-23_20-27-04_results - campaign_leads_2026-03-23_20-27-04_results.csv; Imported Leads,Yes,deliverable,No,,,,,,,,,,,,,,,,,,,,,,,,,,,,,,,,,,,,,,,,,,,,,,,,,,,,,,,,,,,facebook.com/hypercoreai,2020,Financial Services,,,,,,,,,Hypercore,1-10,Private,Email is valid.,Google Workspace,aspmx.l.google.com,FALSE,,,,,,,,,,,,,,,,,,,,,,,,,,,,No,,,,,,,,,,Smartlead users sheet; SL users validated; campaign_leads_2026-03-23_20-27-04_results - campaign_leads_2026-03-23_20-27-04_results.csv,,,,,,,,,,false,enrich,gmail,"""2026-06-06T10:37:49.898Z""",Gmail / Google Workspace,,,,,,,,,
,,ben@sprint-education.com,,,,,,,,Smartlead users sheet; SL users validated; campaign_leads_2026-03-23_20-27-04_results - campaign_leads_2026-03-23_20-27-04_results.csv; Imported Leads,Yes,deliverable,No,,,,,,,,,,,,,,,,,,,,,,,,,,,,,,,,,,,,,,,,,,,,,,,,,,,,,,,,,,,,,,,,,,,,,,,,,Email is valid.,Google Workspace,aspmx.l.google.com,FALSE,,,,,,,,,,,,,,,,,,,,,,,,,,,,No,,,,,,,,,,Smartlead users sheet; SL users validated; campaign_leads_2026-03-23_20-27-04_results - campaign_leads_2026-03-23_20-27-04_results.csv,,,,,,,,,,false,enrich,gmail,"""2026-06-06T10:37:49.667Z""",Gmail / Google Workspace,,,,,,,,,
,,baker@omnimindsolutions.com,,,,,,,,Smartlead users sheet; SL users validated; campaign_leads_2026-03-23_20-27-04_results - campaign_leads_2026-03-23_20-27-04_results.csv; Imported Leads,Yes,deliverable,No,,,,,,,,,,,,,,,,,,,,,,,,,,,,,,,,,,,,,,,,,,,,,,,,,,,,,,,,,,,,,,,,,,,,,,,,,Email is valid.,Google Workspace,aspmx.l.google.com,FALSE,,,,,,,,,,,,,,,,,,,,,,,,,,,,No,,,,,,,,,,Smartlead users sheet; SL users validated; campaign_leads_2026-03-23_20-27-04_results - campaign_leads_2026-03-23_20-27-04_results.csv,,,,,,,,,,false,enrich,gmail,"""2026-06-06T10:37:49.685Z""",Gmail / Google Workspace,,,,,,,,,
,,bijith@pricesenz.com,,,,,,,,Smartlead users sheet; SL users validated; campaign_leads_2026-03-23_20-27-04_results - campaign_leads_2026-03-23_20-27-04_results.csv; Imported Leads,Yes,deliverable,No,,,,,,,,,,,,,,,,,,,,,,,,,,,,,,,,,,,,,,,,,,,,,,,,,,,,,,,,,,,,2015,Information Technology And Services,North America,United States,Dallas,Dallas,"Dallas, Texas, United States",75248,Texas,17250 Dallas Parkway,Pricesenz,51-200,Private,Email is valid.,Google Workspace,aspmx.l.google.com,FALSE,,,,,,,,,,,,,,,,,,,,,,,,,,,,No,,,,,,,,,,Smartlead users sheet; SL users validated; campaign_leads_2026-03-23_20-27-04_results - campaign_leads_2026-03-23_20-27-04_results.csv,,,,,,,,,,false,enrich,gmail,"""2026-06-06T10:37:49.874Z""",Gmail / Google Workspace,,,,,,,,,
,,simon@williamsfreelance.co.uk,,,,,,,,Smartlead users sheet; SL users validated; campaign_leads_2026-03-23_20-27-04_results - campaign_leads_2026-03-23_20-27-04_results.csv; Imported Leads,No,risky,No,,,,,,,,,,,,,,,,,,,,,,,,,,,,,,,,,,,,,,,,,,,,,,,,,,,,,,,,,,,,,,,,,,,,,,,,,Email is valid.,,mx1.hostinger.com,FALSE,,,,,,,,,,,,,,,,,,,,,,,,,,,,No,,,,,,,,,,Smartlead users sheet; SL users validated; campaign_leads_2026-03-23_20-27-04_results - campaign_leads_2026-03-23_20-27-04_results.csv,,,,,,,,,,false,enrich,other,"""2026-06-06T10:37:49.768Z""",Other,,,,,,,,,
,,growth@flamapp.com,,,,,,,,Smartlead users sheet; SL users validated; campaign_leads_2026-03-23_20-27-04_results - campaign_leads_2026-03-23_20-27-04_results.csv; Imported Leads,Yes,deliverable,No,,,,,,,,,,,,,,,,,,,,,,,,,,,,,,,,,,,,,,,,,,,,,,,,,,,,,,,,,,,,2021,,Asia,India,Bengaluru,Bengaluru,"Bengaluru, Karnataka, India",,Karnataka,,Flam,11-50,Private,Email is valid.,Google Workspace,smtp.google.com,FALSE,,,,,,,,,,,,,,,,,,,,,,,,,,,,No,,,,,,,,,,Smartlead users sheet; SL users validated; campaign_leads_2026-03-23_20-27-04_results - campaign_leads_2026-03-23_20-27-04_results.csv,,,,,,,,,,false,enrich,gmail,"""2026-06-06T10:37:49.678Z""",Gmail / Google Workspace,,,,,,,,,
,,saqib@primestonefinancial.com,,,,,,,,Smartlead users sheet; SL users validated; campaign_leads_2026-03-23_20-27-04_results - campaign_leads_2026-03-23_20-27-04_results.csv; Imported Leads,Yes,deliverable,No,,,,,,,,,,,,,,,,,,,,,,,,,,,,,,,,,,,,,,,,,,,,,,,,,,,,,,,,,,,,,,,,,,,,,,,,,Email is valid.,Google Workspace,smtp.google.com,FALSE,,,,,,,,,,,,,,,,,,,,,,,,,,,,No,,,,,,,,,,Smartlead users sheet; SL users validated; campaign_leads_2026-03-23_20-27-04_results - campaign_leads_2026-03-23_20-27-04_results.csv,,,,,,,,,,false,enrich,gmail,"""2026-06-06T10:37:49.721Z""",Gmail / Google Workspace,,,,,,,,,
,,naman@utkrushta.co.in,,,,,,,,Smartlead users sheet; SL users validated; campaign_leads_2026-03-23_20-27-04_results - campaign_leads_2026-03-23_20-27-04_results.csv; Imported Leads,Yes,deliverable,No,,,,,,,,,,,,,,,,,,,,,,,,,,,,,,,,,,,,,,,,,,,,,,,,,,,,,,,,,,,,2024,Higher Education,Asia,India,Mumbai,Mumbai,"Mumbai, Maharashtra, India",,Maharashtra,,Utkrushta,1-10,Private,Email is valid.,Google Workspace,aspmx.l.google.com,FALSE,,,,,,,,,,,,,,,,,,,,,,,,,,,,No,,,,,,,,,,Smartlead users sheet; SL users validated; campaign_leads_2026-03-23_20-27-04_results - campaign_leads_2026-03-23_20-27-04_results.csv,,,,,,,,,,false,enrich,gmail,"""2026-06-06T10:37:49.707Z""",Gmail / Google Workspace,,,,,,,,,
,,ameya.gorkhe@qubit.capital,,,,,,,,Smartlead users sheet; SL users validated; campaign_leads_2026-03-23_20-27-04_results - campaign_leads_2026-03-23_20-27-04_results.csv; Imported Leads,Yes,deliverable,No,,,,,,,,,,,,,,,,,,,,,,,,,,,,,,,,,,,,,,,,,,,,,,,,,,,,,,,,,,,,2020,Fund-raising,Asia,United Arab Emirates,Dubai,Dubai,"Dubai, Dubayy, United Arab Emirates",,Dubayy,,Qubit Capital,51-200,Private,Email is valid.,Google Workspace,aspmx.l.google.com,FALSE,,,,,,,,,,,,,,,,,,,,,,,,,,,,No,,,,,,,,,,Smartlead users sheet; SL users validated; campaign_leads_2026-03-23_20-27-04_results - campaign_leads_2026-03-23_20-27-04_results.csv,,,,,,,,,,false,enrich,gmail,"""2026-06-06T10:37:49.622Z""",Gmail / Google Workspace,,,,,,,,,
,,pampuslinus@gmail.com,,,,,,,,Smartlead users sheet; SL users validated; campaign_leads_2026-03-23_20-27-04_results - campaign_leads_2026-03-23_20-27-04_results.csv; Imported Leads,No,risky,No,,,,,,,,,,,,,,,,,,,,,,,,,,,,,,,,,,,,,,,,,,,,,,,,,,,,,,,,,,,,,,,,,,,,,,,,,Email is valid.,Google Workspace,gmail-smtp-in.l.google.com,FALSE,,,,,,,,,,,,,,,,,,,,,,,,,,,,No,,,,,,,,,,Smartlead users sheet; SL users validated; campaign_leads_2026-03-23_20-27-04_results - campaign_leads_2026-03-23_20-27-04_results.csv,,,,,,,,,,false,enrich,gmail,"""2026-06-06T10:37:49.559Z""",Gmail / Google Workspace,,,,,,,,,
,,daniel@dentaldealsdirect.info,,,,,,,,Smartlead users sheet; SL users validated; campaign_leads_2026-03-23_20-27-04_results - campaign_leads_2026-03-23_20-27-04_results.csv; Imported Leads,Yes,deliverable,No,,,,,,,,,,,,,,,,,,,,,,,,,,,,,,,,,,,,,,,,,,,,,,,,,,,,,,,,,,,,,,,,,,,,,,,,,Email is valid.,Google Workspace,smtp.google.com,FALSE,,,,,,,,,,,,,,,,,,,,,,,,,,,,No,,,,,,,,,,Smartlead users sheet; SL users validated; campaign_leads_2026-03-23_20-27-04_results - campaign_leads_2026-03-23_20-27-04_results.csv,,,,,,,,,,false,enrich,gmail,"""2026-06-06T10:37:49.874Z""",Gmail / Google Workspace,,,,,,,,,
,,brent@smoothed.io,,,,,,,,Smartlead users sheet; SL users validated; campaign_leads_2026-03-23_20-27-04_results - campaign_leads_2026-03-23_20-27-04_results.csv; Imported Leads,Yes,deliverable,No,,,,,,,,,,,,,,,,,,,,,,,,,,,,,,,,,,,,,,,,,,,,,,,,,,,,,,,,,,,,2023,Computer Software,North America,United States,Los Angeles,Los Angeles,"Los Angeles, California, United States",,California,,Smoothed,1-10,Private,Email is valid.,Google Workspace,aspmx.l.google.com,FALSE,,,,,,,,,,,,,,,,,,,,,,,,,,,,No,,,,,,,,,,Smartlead users sheet; SL users validated; campaign_leads_2026-03-23_20-27-04_results - campaign_leads_2026-03-23_20-27-04_results.csv,,,,,,,,,,false,enrich,gmail,"""2026-06-06T10:37:49.678Z""",Gmail / Google Workspace,,,,,,,,,
,,admin@workmotion.com,,,,,,,,Smartlead users sheet; SL users validated; campaign_leads_2026-03-23_20-27-04_results - campaign_leads_2026-03-23_20-27-04_results.csv; Imported Leads,Yes,deliverable,No,,,,,,,,,,,,,,,,,,,,,,,,,,,,,,,,,,,,,,,,,,,,,,,,,,,,,,,,,,,facebook.com/workmotionglobal,2020,Human Resources,Europe,Germany,,,,,Berlin,,Workmotion,201-500,Private,Email is valid.,Google Workspace,aspmx.l.google.com,FALSE,,,,,,,,,,,,,,,,,,,,,,,,,,,,No,,,,,,,,,,Smartlead users sheet; SL users validated; campaign_leads_2026-03-23_20-27-04_results - campaign_leads_2026-03-23_20-27-04_results.csv,,,,,,,,,,false,enrich,gmail,"""2026-06-06T10:37:49.874Z""",Gmail / Google Workspace,,,,,,,,,
,,marc@switchsupply.com,,,,,,,,Smartlead users sheet; SL users validated; campaign_leads_2026-03-23_20-27-04_results - campaign_leads_2026-03-23_20-27-04_results.csv; Imported Leads,Yes,deliverable,No,,,,,,,,,,,,,,,,,,,,,,,,,,,,,,,,,,,,,,,,,,,,,,,,,,,,,,,,,,,,,,,,,,,,,,Switch Supply,1-10,Private,Email is valid.,Google Workspace,aspmx.l.google.com,FALSE,,,,,,,,,,,,,,,,,,,,,,,,,,,,No,,,,,,,,,,Smartlead users sheet; SL users validated; campaign_leads_2026-03-23_20-27-04_results - campaign_leads_2026-03-23_20-27-04_results.csv,,,,,,,,,,false,enrich,gmail,"""2026-06-06T10:37:49.898Z""",Gmail / Google Workspace,,,,,,,,,
,,liam@heyharper.ai,,,,,,,,Smartlead users sheet; SL users validated; campaign_leads_2026-03-23_20-27-04_results - campaign_leads_2026-03-23_20-27-04_results.csv; Imported Leads,Yes,deliverable,No,,,,,,,,,,,,,,,,,,,,,,,,,,,,,,,,,,,,,,,,,,,,,,,,,,,,,,,,,,,,2023,Marketing And Advertising,Europe,United Kingdom,Manchester,Manchester,"Manchester, Manchester, United Kingdom",,Manchester,,Harper,1-10,Private,Email is valid.,Google Workspace,aspmx.l.google.com,FALSE,,,,,,,,,,,,,,,,,,,,,,,,,,,,No,,,,,,,,,,Smartlead users sheet; SL users validated; campaign_leads_2026-03-23_20-27-04_results - campaign_leads_2026-03-23_20-27-04_results.csv,,,,,,,,,,false,enrich,gmail,"""2026-06-06T10:37:49.874Z""",Gmail / Google Workspace,,,,,,,,,
,,chris@usemarche.io,,,,,,,,Smartlead users sheet; SL users validated; campaign_leads_2026-03-23_20-27-04_results - campaign_leads_2026-03-23_20-27-04_results.csv; Imported Leads,Yes,deliverable,No,,,,,,,,,,,,,,,,,,,,,,,,,,,,,,,,,,,,,,,,,,,,,,,,,,,,,,,,,,,,,,,,,,,,,,,,,Email is valid.,Google Workspace,aspmx.l.google.com,FALSE,,,,,,,,,,,,,,,,,,,,,,,,,,,,No,,,,,,,,,,Smartlead users sheet; SL users validated; campaign_leads_2026-03-23_20-27-04_results - campaign_leads_2026-03-23_20-27-04_results.csv,,,,,,,,,,false,enrich,gmail,"""2026-06-06T10:37:49.618Z""",Gmail / Google Workspace,,,,,,,,,
,,team@innoprospects.com,,,,,,,,Smartlead users sheet; SL users validated; campaign_leads_2026-03-23_20-27-04_results - campaign_leads_2026-03-23_20-27-04_results.csv; Imported Leads,Yes,deliverable,No,,,,,,,,,,,,,,,,,,,,,,,,,,,,,,,,,,,,,,,,,,,,,,,,,,,,,,,,,,,,,,,,,,,,,,,,,Email is valid.,Google Workspace,smtp.google.com,FALSE,,,,,,,,,,,,,,,,,,,,,,,,,,,,No,,,,,,,,,,Smartlead users sheet; SL users validated; campaign_leads_2026-03-23_20-27-04_results - campaign_leads_2026-03-23_20-27-04_results.csv,,,,,,,,,,false,enrich,gmail,"""2026-06-06T10:37:49.892Z""",Gmail / Google Workspace,,,,,,,,,
,,justin@wellbox.co.uk,,,,,,,,Smartlead users sheet; SL users validated; campaign_leads_2026-03-23_20-27-04_results - campaign_leads_2026-03-23_20-27-04_results.csv; Imported Leads,Yes,deliverable,No,,,,,,,,,,,,,,,,,,,,,,,,,,,,,,,,,,,,,,,,,,,,,,,,,,,,,,,,,,,,,,,,,,,,,,,,,Email is valid.,Google Workspace,ASPMX.L.GOOGLE.COM,FALSE,,,,,,,,,,,,,,,,,,,,,,,,,,,,No,,,,,,,,,,Smartlead users sheet; SL users validated; campaign_leads_2026-03-23_20-27-04_results - campaign_leads_2026-03-23_20-27-04_results.csv,,,,,,,,,,false,enrich,gmail,"""2026-06-06T10:37:49.690Z""",Gmail / Google Workspace,,,,,,,,,
,,admin@vangates.com,,,,,,,,Smartlead users sheet; SL users validated; campaign_leads_2026-03-23_20-27-04_results - campaign_leads_2026-03-23_20-27-04_results.csv; Imported Leads,Yes,deliverable,No,,,,,,,,,,,,,,,,,,,,,,,,,,,,,,,,,,,,,,,,,,,,,,,,,,,,,,,,,,,,,,,,,,,,,,,,,Email is valid.,Google Workspace,aspmx.l.google.com,FALSE,,,,,,,,,,,,,,,,,,,,,,,,,,,,No,,,,,,,,,,Smartlead users sheet; SL users validated; campaign_leads_2026-03-23_20-27-04_results - campaign_leads_2026-03-23_20-27-04_results.csv,,,,,,,,,,false,enrich,gmail,"""2026-06-06T10:37:49.909Z""",Gmail / Google Workspace,,,,,,,,,
,,customers@guttergurubusiness.com,,,,,,,,Smartlead users sheet; SL users validated; campaign_leads_2026-03-23_20-27-04_results - campaign_leads_2026-03-23_20-27-04_results.csv; Imported Leads,Yes,deliverable,No,,,,,,,,,,,,,,,,,,,,,,,,,,,,,,,,,,,,,,,,,,,,,,,,,,,,,,,,,,,,,Construction,North America,United States,San Francisco,San Francisco,"San Francisco, California, United States",94117,California,701 Fell Street,Gutter Guru Business Llc,1-10,Private,Email is valid.,Google Workspace,aspmx.l.google.com,FALSE,,,,,,,,,,,,,,,,,,,,,,,,,,,,No,,,,,,,,,,Smartlead users sheet; SL users validated; campaign_leads_2026-03-23_20-27-04_results - campaign_leads_2026-03-23_20-27-04_results.csv,,,,,,,,,,false,enrich,gmail,"""2026-06-06T10:37:49.622Z""",Gmail / Google Workspace,,,,,,,,,
,,scott@soconstruct.com,,,,,,,,Smartlead users sheet; SL users validated; campaign_leads_2026-03-23_20-27-04_results - campaign_leads_2026-03-23_20-27-04_results.csv; Imported Leads,Yes,deliverable,No,,,,,,,,,,,,,,,,,,,,,,,,,,,,,,,,,,,,,,,,,,,,,,,,,,,,,,,,,,,,,,,,,,,,,,,,,Email is valid.,Google Workspace,aspmx.l.google.com,FALSE,,,,,,,,,,,,,,,,,,,,,,,,,,,,No,,,,,,,,,,Smartlead users sheet; SL users validated; campaign_leads_2026-03-23_20-27-04_results - campaign_leads_2026-03-23_20-27-04_results.csv,,,,,,,,,,false,enrich,gmail,"""2026-06-06T10:37:49.693Z""",Gmail / Google Workspace,,,,,,,,,
,,yash@trysaral.com,,,,,,,,Smartlead users sheet; SL users validated; campaign_leads_2026-03-23_20-27-04_results - campaign_leads_2026-03-23_20-27-04_results.csv; Imported Leads,Yes,deliverable,No,,,,,,,,,,,,,,,,,,,,,,,,,,,,,,,,,,,,,,,,,,,,,,,,,,,,,,,,,,,,,,,,,,,,,,,,,Email is valid.,Google Workspace,aspmx.l.google.com,FALSE,,,,,,,,,,,,,,,,,,,,,,,,,,,,No,,,,,,,,,,Smartlead users sheet; SL users validated; campaign_leads_2026-03-23_20-27-04_results - campaign_leads_2026-03-23_20-27-04_results.csv,,,,,,,,,,false,enrich,gmail,"""2026-06-06T10:37:49.898Z""",Gmail / Google Workspace,,,,,,,,,
,,john@studiofx.com,,,,,,,,Smartlead users sheet; SL users validated; campaign_leads_2026-03-23_20-27-04_results - campaign_leads_2026-03-23_20-27-04_results.csv; Imported Leads,Yes,deliverable,No,,,,,,,,,,,,,,,,,,,,,,,,,,,,,,,,,,,,,,,,,,,,,,,,,,,,,,,,,,,,,Internet,,,,,,,,,Studiofx,1-10,Private,Email is valid.,Google Workspace,ASPMX.L.GOOGLE.com,FALSE,,,,,,,,,,,,,,,,,,,,,,,,,,,,No,,,,,,,,,,Smartlead users sheet; SL users validated; campaign_leads_2026-03-23_20-27-04_results - campaign_leads_2026-03-23_20-27-04_results.csv,,,,,,,,,,false,enrich,gmail,"""2026-06-06T10:37:49.631Z""",Gmail / Google Workspace,,,,,,,,,
Jochem,Van Den Tweel,jochem@tapagency.io,,,,Amsterdam,North Holland,Netherlands,https://www.linkedin.com/in/jochemvandentweel,Smartlead users sheet; SL users validated; campaign_leads_2026-03-23_20-27-04_results - campaign_leads_2026-03-23_20-27-04_results.csv; Imported Leads,Yes,deliverable,No,,,,,,,,,,,,,"TAP Agency is jouw partner in AI automations in voor B2B bedrijven. Wij zijn gespecialiseerd in het maximaliseren van sales en leadgeneratie. Onze diensten omvatten AI-aangedreven outbound marketing (LinkedIn en e-mail), procesoptimalisatie, en op maat gemaakte AI-oplossingen om jouw bedrijfsefficiëntie en groeipotentieel te verbeteren.  Wij helpen je om de kracht van AI te benutten om je sales te boosten, leadgeneratie te versnellen en interne processen te stroomlijnen.  Contact: 📞 Tel: +316 18665470 📩 Email: jochem@tapagency.io",5,4,1-10,,Unknown,Unknown,IT Services and IT Consulting,https://www.instagram.com/jochemvandentweel,No intent configured,Unknown,Unknown,Unknown,,https://prospeo-static-assets.s3.us-east-1.amazonaws.com/company_logo/057b5b2c-93f8-41f8-8712-a5d79c86ee7b.jpg,Google,"5415, 54151, 541511, 541519",TAP Agency,,,Unknown,,,,No preferred technology configured,Private,,,,,,,,,,,,,,,,Founder,Founder/Owner,8,2023,Founder,,,,,,,,,,,,,,,,,,,,gmail,"""2026-03-31T21:06:52.558Z""",Google Workspace,,,,,,Amsterdam,Netherlands,NL,Groeien zonder je team uit te breiden met AI Agents,2026-03-26T12:43:45.258000,North Holland,2.0,,,,,,ccccaafdf590c50b8a64375e,aaaad7c903788d0ff66dbc72,,,,,No,No,,,,,,,,,Smartlead users sheet; SL users validated; campaign_leads_2026-03-23_20-27-04_results - campaign_leads_2026-03-23_20-27-04_results.csv; Imported Leads,Imported Leads; SL Users,,,,,,,,,false,enrich,gmail,"""2026-06-06T10:37:49.685Z""",Gmail / Google Workspace,,,,,,,,,
,,gabe.dickens@bainbridgegrowth.com,,,,,,,,Smartlead users sheet; SL users validated; campaign_leads_2026-03-23_20-27-04_results - campaign_leads_2026-03-23_20-27-04_results.csv; Imported Leads,No,undeliverable,No,,,,,,,,,,,,,,,,,,,,,,,,,,,,,,,,,,,,,,,,,,,,,,,,,,,,,,,,,,,,,,,,,,,,,,,,,Email is valid.,Google Workspace,aspmx.l.google.com,FALSE,,,,,,,,,,,,,,,,,,,,,,,,,,,,No,,,,,,,,,,Smartlead users sheet; SL users validated; campaign_leads_2026-03-23_20-27-04_results - campaign_leads_2026-03-23_20-27-04_results.csv,,,,,,,,,,false,enrich,gmail,"""2026-06-06T10:37:49.874Z""",Gmail / Google Workspace,,,,,,,,,
,,pierre@revpipeline.com,,,,,,,,Smartlead users sheet; SL users validated; campaign_leads_2026-03-23_20-27-04_results - campaign_leads_2026-03-23_20-27-04_results.csv; Imported Leads,Yes,deliverable,No,,,,,,,,,,,,,,,,,,,,,,,,,,,,,,,,,,,,,,,,,,,,,,,,,,,,,,,,,,,,,,,,,,,,,,,,,Email is valid.,Google Workspace,smtp.google.com,FALSE,,,,,,,,,,,,,,,,,,,,,,,,,,,,No,,,,,,,,,,Smartlead users sheet; SL users validated; campaign_leads_2026-03-23_20-27-04_results - campaign_leads_2026-03-23_20-27-04_results.csv,,,,,,,,,,false,enrich,gmail,"""2026-06-06T10:37:49.678Z""",Gmail / Google Workspace,,,,,,,,,
Grayson,Faircloth,grayson@sonamation.com,Sonamation,Owner,,San Francisco,California,United States,https://www.linkedin.com/in/grayson-faircloth-2a5964a5/,Smartlead users sheet; SL users validated; campaign_leads_2026-03-23_20-27-04_results - campaign_leads_2026-03-23_20-27-04_results.csv; Imported Leads,Yes,deliverable,No,,,,,sonamation.com,,,,,,,,,,,,,,,,,,,,,,,,,,,,,,,,,,,,,,,,,,,,,,,,,,,,,,,,,,,,,,,,,,,,,,,,"San Francisco, California, United States",,,,,,,,,,,,,,,,,,,,,,,,,,,No,,,,,,,,,,Smartlead users sheet; SL users validated; campaign_leads_2026-03-23_20-27-04_results - campaign_leads_2026-03-23_20-27-04_results.csv; Imported Leads,,,,,,,,,,false,enrich,gmail,"""2026-06-06T10:37:49.690Z""",Gmail / Google Workspace,,,,,,,,,
,,jani@somevisio.com,,,,,,,,Smartlead users sheet; SL users validated; campaign_leads_2026-03-23_20-27-04_results - campaign_leads_2026-03-23_20-27-04_results.csv; Imported Leads,Yes,deliverable,No,,,,,,,,,,,,,,,,,,,,,,,,,,,,,,,,,,,,,,,,,,,,,,,,,,,,,,,,,,,,,,,,,,,,,,,,,Email is valid.,Google Workspace,aspmx.l.google.com,FALSE,,,,,,,,,,,,,,,,,,,,,,,,,,,,No,,,,,,,,,,Smartlead users sheet; SL users validated; campaign_leads_2026-03-23_20-27-04_results - campaign_leads_2026-03-23_20-27-04_results.csv,,,,,,,,,,false,enrich,gmail,"""2026-06-06T10:37:49.696Z""",Gmail / Google Workspace,,,,,,,,,
Steve,Knight,steve@alvosales.com,ALVO,Co-Founder,,Greater Brighton and Hove Area,United Kingdom,United Kingdom,https://www.linkedin.com/in/steve-knight-535bab3/,Smartlead users sheet; SL users validated; campaign_leads_2026-03-23_20-27-04_results - campaign_leads_2026-03-23_20-27-04_results.csv; Imported Leads,Yes,deliverable,No,,,,,alvosales.com,,,,,,,,,,,,,,,,,,,,,,,,,,,,,,,,,,,,,,,,,,,,,,,,,,,,,,,,,,,,,,,,,,,,,,,,"Greater Brighton and Hove Area, United Kingdom",gmail,"""2026-03-31T21:04:53.353Z""",Google Workspace,,,,,,,,,,,,,,,,,,,,,,,,No,No,,,,,,,,,Smartlead users sheet; SL users validated; campaign_leads_2026-03-23_20-27-04_results - campaign_leads_2026-03-23_20-27-04_results.csv; Imported Leads,S3 - V; Imported Leads; SL Users,,,,,,,,,false,enrich,gmail,"""2026-06-06T10:37:49.898Z""",Gmail / Google Workspace,,,,,,,,,
,,doug@renoir.one,,,,,,,,Smartlead users sheet; SL users validated; campaign_leads_2026-03-23_20-27-04_results - campaign_leads_2026-03-23_20-27-04_results.csv; Imported Leads,Yes,deliverable,No,,,,,,,,,,,,,,,,,,,,,,,,,,,,,,,,,,,,,,,,,,,,,,,,,,,,,,,,,,,,,,,,,,,,,,,,,Email is valid.,Google Workspace,aspmx.l.google.com,FALSE,,,,,,,,,,,,,,,,,,,,,,,,,,,,No,,,,,,,,,,Smartlead users sheet; SL users validated; campaign_leads_2026-03-23_20-27-04_results - campaign_leads_2026-03-23_20-27-04_results.csv,,,,,,,,,,false,enrich,gmail,"""2026-06-06T10:37:49.934Z""",Gmail / Google Workspace,,,,,,,,,
,,alex@bennett.cx,,,,,,,,Smartlead users sheet; SL users validated; campaign_leads_2026-03-23_20-27-04_results - campaign_leads_2026-03-23_20-27-04_results.csv; Imported Leads,No,risky,No,,,,,,,,,,,,,,,,,,,,,,,,,,,,,,,,,,,,,,,,,,,,,,,,,,,,,,,,,,,,,,,,,,,,,,,,,Email is valid.,Google Workspace,smtp.google.com,FALSE,,,,,,,,,,,,,,,,,,,,,,,,,,,,No,,,,,,,,,,Smartlead users sheet; SL users validated; campaign_leads_2026-03-23_20-27-04_results - campaign_leads_2026-03-23_20-27-04_results.csv,,,,,,,,,,false,enrich,gmail,"""2026-06-06T10:37:49.677Z""",Gmail / Google Workspace,,,,,,,,,
,,admin@leadhype.com,,,,,,,,Smartlead users sheet; SL users validated; campaign_leads_2026-03-23_20-27-04_results - campaign_leads_2026-03-23_20-27-04_results.csv; Imported Leads,Yes,deliverable,No,,,,,,,,,,,,,,,,,,,,,,,,,,,,,,,,,,,,,,,,,,,,,,,,,,,,,,,,,,,,,Research,,,,,,,,,Leadhype,1-10,Private,Email is valid.,Google Workspace,aspmx.l.google.com,FALSE,,,,,,,,,,,,,,,,,,,,,,,,,,,,No,,,,,,,,,,Smartlead users sheet; SL users validated; campaign_leads_2026-03-23_20-27-04_results - campaign_leads_2026-03-23_20-27-04_results.csv,,,,,,,,,,false,enrich,gmail,"""2026-06-06T10:37:49.592Z""",Gmail / Google Workspace,,,,,,,,,
,,marketing@dijedl.com,,,,,,,,Smartlead users sheet; SL users validated; campaign_leads_2026-03-23_20-27-04_results - campaign_leads_2026-03-23_20-27-04_results.csv; Imported Leads,Yes,deliverable,No,,,,,,,,,,,,,,,,,,,,,,,,,,,,,,,,,,,,,,,,,,,,,,,,,,,,,,,,,,,,,,,,,,,,,,,,,Email is valid.,Google Workspace,aspmx.l.google.com,FALSE,,,,,,,,,,,,,,,,,,,,,,,,,,,,No,,,,,,,,,,Smartlead users sheet; SL users validated; campaign_leads_2026-03-23_20-27-04_results - campaign_leads_2026-03-23_20-27-04_results.csv,,,,,,,,,,false,enrich,gmail,"""2026-06-06T10:37:49.892Z""",Gmail / Google Workspace,,,,,,,,,
,,serdar.tekbar@upairon.com,,,,,,,,Smartlead users sheet; SL users validated; campaign_leads_2026-03-23_20-27-04_results - campaign_leads_2026-03-23_20-27-04_results.csv; Imported Leads,Yes,deliverable,No,,,,,,,,,,,,,,,,,,,,,,,,,,,,,,,,,,,,,,,,,,,,,,,,,,,,,,,,,,,,,,,,,,,,,,,,,Email is valid.,Google Workspace,aspmx.l.google.com,FALSE,,,,,,,,,,,,,,,,,,,,,,,,,,,,No,,,,,,,,,,Smartlead users sheet; SL users validated; campaign_leads_2026-03-23_20-27-04_results - campaign_leads_2026-03-23_20-27-04_results.csv,,,,,,,,,,false,enrich,gmail,"""2026-06-06T10:37:49.690Z""",Gmail / Google Workspace,,,,,,,,,
,,tarique@automateaccelerator.com,,,,,,,,Smartlead users sheet; SL users validated; campaign_leads_2026-03-23_20-27-04_results - campaign_leads_2026-03-23_20-27-04_results.csv; Imported Leads,Yes,deliverable,No,,,,,,,,,,,,,,,,,,,,,,,,,,,,,,,,,,,,,,,,,,,,,,,,,,,,,,,,,,,facebook.com/automateacceleratorsb,2019,Internet,Oceania,Australia,,,,,,,Automate Accelerator,11-50,Private,Email is valid.,Google Workspace,aspmx.l.google.com,FALSE,,,,,,,,,,,,,,,,,,,,,,,,,,,,No,,,,,,,,,,Smartlead users sheet; SL users validated; campaign_leads_2026-03-23_20-27-04_results - campaign_leads_2026-03-23_20-27-04_results.csv,,,,,,,,,,false,enrich,gmail,"""2026-06-06T10:37:49.979Z""",Gmail / Google Workspace,,,,,,,,,
,,hello@leadhaste.com,,,,,,,,Smartlead users sheet; SL users validated; campaign_leads_2026-03-23_20-27-04_results - campaign_leads_2026-03-23_20-27-04_results.csv; Imported Leads,Yes,deliverable,No,,,,,,,,,,,,,,,,,,,,,,,,,,,,,,,,,,,,,,,,,,,,,,,,,,,,,,,,,,,,,,,,,,,,,,,,,Email is valid.,Google Workspace,aspmx.l.google.com,FALSE,,,,,,,,,,,,,,,,,,,,,,,,,,,,No,,,,,,,,,,Smartlead users sheet; SL users validated; campaign_leads_2026-03-23_20-27-04_results - campaign_leads_2026-03-23_20-27-04_results.csv,,,,,,,,,,false,enrich,gmail,"""2026-06-06T10:37:49.678Z""",Gmail / Google Workspace,,,,,,,,,
,,andy@legaljelly.com,,,,,,,,Smartlead users sheet; SL users validated; campaign_leads_2026-03-23_20-27-04_results - campaign_leads_2026-03-23_20-27-04_results.csv; Imported Leads,Yes,deliverable,No,,,,,,,,,,,,,,,,,,,,,,,,,,,,,,,,,,,,,,,,,,,,,,,,,,,,,,,,,,,,,,,,,,,,,,,,,Email is valid.,Google Workspace,aspmx.l.google.com,FALSE,,,,,,,,,,,,,,,,,,,,,,,,,,,,No,,,,,,,,,,Smartlead users sheet; SL users validated; campaign_leads_2026-03-23_20-27-04_results - campaign_leads_2026-03-23_20-27-04_results.csv,,,,,,,,,,false,enrich,gmail,"""2026-06-06T10:37:49.598Z""",Gmail / Google Workspace,,,,,,,,,
,,partners@ajcapital.ca,,,,,,,,Smartlead users sheet; SL users validated; campaign_leads_2026-03-23_20-27-04_results - campaign_leads_2026-03-23_20-27-04_results.csv; Imported Leads,Yes,deliverable,No,,,,,,,,,,,,,,,,,,,,,,,,,,,,,,,,,,,,,,,,,,,,,,,,,,,,,,,,,,,,2021,Financial Services,North America,Canada,Montréal,Montréal,"Montréal, Quebec, Canada",h3c 0y1,Quebec,101 Rue Peel,Reach Capital,1-10,Private,Email is valid.,Google Workspace,aspmx.l.google.com,FALSE,,,,,,,,,,,,,,,,,,,,,,,,,,,,No,,,,,,,,,,Smartlead users sheet; SL users validated; campaign_leads_2026-03-23_20-27-04_results - campaign_leads_2026-03-23_20-27-04_results.csv,,,,,,,,,,false,enrich,gmail,"""2026-06-06T10:37:49.599Z""",Gmail / Google Workspace,,,,,,,,,
,,jordi@boostdirectreservations.com,,,,,,,,Smartlead users sheet; SL users validated; campaign_leads_2026-03-23_20-27-04_results - campaign_leads_2026-03-23_20-27-04_results.csv; Imported Leads,Yes,deliverable,No,,,,,,,,,,,,,,,,,,,,,,,,,,,,,,,,,,,,,,,,,,,,,,,,,,,,,,,,,,,,,,,,,,,,,,,,,Email is valid.,Google Workspace,SMTP.GOOGLE.com,FALSE,,,,,,,,,,,,,,,,,,,,,,,,,,,,No,,,,,,,,,,Smartlead users sheet; SL users validated; campaign_leads_2026-03-23_20-27-04_results - campaign_leads_2026-03-23_20-27-04_results.csv,,,,,,,,,,false,enrich,gmail,"""2026-06-06T10:37:49.982Z""",Gmail / Google Workspace,,,,,,,,,
,,admin@lighthouselog.com,,,,,,,,Smartlead users sheet; SL users validated; campaign_leads_2026-03-23_20-27-04_results - campaign_leads_2026-03-23_20-27-04_results.csv; Imported Leads,Yes,deliverable,No,,,,,,,,,,,,,,,,,,,,,,,,,,,,,,,,,,,,,,,,,,,,,,,,,,,,,,,,,,,,2020,Transportation/trucking/railroad,North America,United States,Wentzville,Wentzville,"Wentzville, Missouri, United States",63385,Missouri,,Lighthouse Logistics Solutions,1-10,Private,Email is valid.,Google Workspace,alt1.aspmx.l.google.com,FALSE,,,,,,,,,,,,,,,,,,,,,,,,,,,,No,,,,,,,,,,Smartlead users sheet; SL users validated; campaign_leads_2026-03-23_20-27-04_results - campaign_leads_2026-03-23_20-27-04_results.csv,,,,,,,,,,false,enrich,gmail,"""2026-06-06T10:37:49.953Z""",Gmail / Google Workspace,,,,,,,,,
,,daveshamula@gmail.com,,,,,,,,Smartlead users sheet; SL users validated; campaign_leads_2026-03-23_20-27-04_results - campaign_leads_2026-03-23_20-27-04_results.csv; Imported Leads,No,risky,No,,,,,,,,,,,,,,,,,,,,,,,,,,,,,,,,,,,,,,,,,,,,,,,,,,,,,,,,,,,,,,,,,,,,,,,,,Email is valid.,Google Workspace,gmail-smtp-in.l.google.com,FALSE,,,,,,,,,,,,,,,,,,,,,,,,,,,,No,,,,,,,,,,Smartlead users sheet; SL users validated; campaign_leads_2026-03-23_20-27-04_results - campaign_leads_2026-03-23_20-27-04_results.csv,,,,,,,,,,false,enrich,gmail,"""2026-06-06T10:37:49.559Z""",Gmail / Google Workspace,,,,,,,,,
,,hoani@besocialnz.com,,,,,,,,Smartlead users sheet; SL users validated; campaign_leads_2026-03-23_20-27-04_results - campaign_leads_2026-03-23_20-27-04_results.csv; Imported Leads,Yes,deliverable,No,,,,,,,,,,,,,,,,,,,,,,,,,,,,,,,,,,,,,,,,,,,,,,,,,,,,,,,,,,,,2018,Marketing And Advertising,Oceania,New Zealand,,,,,Auckland,,Be Social Nz,1-10,Private,Email is valid.,Google Workspace,aspmx.l.google.com,FALSE,,,,,,,,,,,,,,,,,,,,,,,,,,,,No,,,,,,,,,,Smartlead users sheet; SL users validated; campaign_leads_2026-03-23_20-27-04_results - campaign_leads_2026-03-23_20-27-04_results.csv,,,,,,,,,,false,enrich,gmail,"""2026-06-06T10:37:49.689Z""",Gmail / Google Workspace,,,,,,,,,
,,abhishek@qubit.capital,,,,,,,,Smartlead users sheet; SL users validated; campaign_leads_2026-03-23_20-27-04_results - campaign_leads_2026-03-23_20-27-04_results.csv; Imported Leads,Yes,deliverable,No,,,,,,,,,,,,,,,,,,,,,,,,,,,,,,,,,,,,,,,,,,,,,,,,,,,,,,,,,,,,2020,Fund-raising,Asia,United Arab Emirates,Dubai,Dubai,"Dubai, Dubayy, United Arab Emirates",,Dubayy,,Qubit Capital,51-200,Private,Email is valid.,Google Workspace,aspmx.l.google.com,FALSE,,,,,,,,,,,,,,,,,,,,,,,,,,,,No,,,,,,,,,,Smartlead users sheet; SL users validated; campaign_leads_2026-03-23_20-27-04_results - campaign_leads_2026-03-23_20-27-04_results.csv,,,,,,,,,,false,enrich,gmail,"""2026-06-06T10:37:49.622Z""",Gmail / Google Workspace,,,,,,,,,
,,maciej@saljare.se,,,,,,,,Smartlead users sheet; SL users validated; campaign_leads_2026-03-23_20-27-04_results - campaign_leads_2026-03-23_20-27-04_results.csv; Imported Leads,Yes,deliverable,No,,,,,,,,,,,,,,,,,,,,,,,,,,,,,,,,,,,,,,,,,,,,,,,,,,,,,,,,,,,,,Management Consulting,Europe,Sweden,,,,,Stockholm,,Säljare,1-10,Private,Email is valid.,Google Workspace,aspmx.l.google.com,FALSE,,,,,,,,,,,,,,,,,,,,,,,,,,,,No,,,,,,,,,,Smartlead users sheet; SL users validated; campaign_leads_2026-03-23_20-27-04_results - campaign_leads_2026-03-23_20-27-04_results.csv,,,,,,,,,,false,enrich,gmail,"""2026-06-06T10:37:49.677Z""",Gmail / Google Workspace,,,,,,,,,
,,sales@saasmonk.io,,,,,,,,Smartlead users sheet; SL users validated; campaign_leads_2026-03-23_20-27-04_results - campaign_leads_2026-03-23_20-27-04_results.csv; Imported Leads,No,risky,No,,,,,,,,,,,,,,,,,,,,,,,,,,,,,,,,,,,,,,,,,,,,,,,,,,,,,,,,,,,,,,,,,,,,,,,,,Email is valid.,Google Workspace,smtp.google.com,FALSE,,,,,,,,,,,,,,,,,,,,,,,,,,,,No,,,,,,,,,,Smartlead users sheet; SL users validated; campaign_leads_2026-03-23_20-27-04_results - campaign_leads_2026-03-23_20-27-04_results.csv,,,,,,,,,,false,enrich,gmail,"""2026-06-06T10:37:49.685Z""",Gmail / Google Workspace,,,,,,,,,
,,aaron@gusinov.com,,,,,,,,Smartlead users sheet; SL users validated; campaign_leads_2026-03-23_20-27-04_results - campaign_leads_2026-03-23_20-27-04_results.csv; Imported Leads,Yes,deliverable,No,,,,,,,,,,,,,,,,,,,,,,,,,,,,,,,,,,,,,,,,,,,,,,,,,,,,,,,,,,,,,,,,,,,,,,,,,Email is valid.,Google Workspace,aspmx.l.google.com,FALSE,,,,,,,,,,,,,,,,,,,,,,,,,,,,No,,,,,,,,,,Smartlead users sheet; SL users validated; campaign_leads_2026-03-23_20-27-04_results - campaign_leads_2026-03-23_20-27-04_results.csv,,,,,,,,,,false,enrich,gmail,"""2026-06-06T10:37:49.689Z""",Gmail / Google Workspace,,,,,,,,,
,,cesar@bersoagency.com,,,,,,,,Smartlead users sheet; SL users validated; campaign_leads_2026-03-23_20-27-04_results - campaign_leads_2026-03-23_20-27-04_results.csv; Imported Leads,No,undeliverable,No,,,,,,,,,,,,,,,,,,,,,,,,,,,,,,,,,,,,,,,,,,,,,,,,,,,,,,,,,,,,,,,,,,,,,,,,,Email is valid.,Google Workspace,SMTP.GOOGLE.com,FALSE,,,,,,,,,,,,,,,,,,,,,,,,,,,,No,,,,,,,,,,Smartlead users sheet; SL users validated; campaign_leads_2026-03-23_20-27-04_results - campaign_leads_2026-03-23_20-27-04_results.csv,,,,,,,,,,false,enrich,gmail,"""2026-06-06T10:37:49.874Z""",Gmail / Google Workspace,,,,,,,,,
,,nicolas@magileads.eu,,,,,,,,Smartlead users sheet; SL users validated; campaign_leads_2026-03-23_20-27-04_results - campaign_leads_2026-03-23_20-27-04_results.csv; Imported Leads,Yes,deliverable,No,,,,,,,,,,,,,,,,,,,,,,,,,,,,,,,,,,,,,,,,,,,,,,,,,,,,,,,,,,,facebook.com/magileads,2017,Marketing And Advertising,Europe,France,Paris,Paris,"Paris, Ile-de-france, France",75014,Ile-de-france,47 Rue De Plaisance,Magileads,11-50,Private,Email is valid.,Google Workspace,aspmx.l.google.com,FALSE,,,,,,,,,,,,,,,,,,,,,,,,,,,,No,,,,,,,,,,Smartlead users sheet; SL users validated; campaign_leads_2026-03-23_20-27-04_results - campaign_leads_2026-03-23_20-27-04_results.csv,,,,,,,,,,false,enrich,gmail,"""2026-06-06T10:37:49.610Z""",Gmail / Google Workspace,,,,,,,,,
,,kostya@boterns.com,,,,,,,,Smartlead users sheet; SL users validated; campaign_leads_2026-03-23_20-27-04_results - campaign_leads_2026-03-23_20-27-04_results.csv; Imported Leads,Yes,deliverable,No,,,,,,,,,,,,,,,,,,,,,,,,,,,,,,,,,,,,,,,,,,,,,,,,,,,,,,,,,,,,2022,Marketing And Advertising,North America,United States,Seattle,Seattle,"Seattle, Washington, United States",98126,Washington,,Boterns,1-10,Private,Email is valid.,Google Workspace,smtp.google.com,FALSE,,,,,,,,,,,,,,,,,,,,,,,,,,,,No,,,,,,,,,,Smartlead users sheet; SL users validated; campaign_leads_2026-03-23_20-27-04_results - campaign_leads_2026-03-23_20-27-04_results.csv,,,,,,,,,,false,enrich,gmail,"""2026-06-06T10:37:49.760Z""",Gmail / Google Workspace,,,,,,,,,
,,aakshey@gaiaq.com,,,,,,,,Smartlead users sheet; SL users validated; campaign_leads_2026-03-23_20-27-04_results - campaign_leads_2026-03-23_20-27-04_results.csv; Imported Leads,Yes,deliverable,No,,,,,8,,56.90,,,,,,,,,,,,,,,,,,,,,,,,,,,,,,,,,,,8,,,,,2026-01,0.00,,0.00,,,,,,,,,,,,Asia,India,New Delhi,New Delhi,"New Delhi, Delhi, India",,Delhi,Sri Aurobindo Marginal,Aakshey Talwar,1-10,Private,Email is valid.,Google Workspace,aspmx.l.google.com,FALSE,,,,,,5,,,,,,,,,,,monthly,professional,,,,,,,,,,No,,,,,,,,39.00,,Smartlead users sheet; SL users validated; campaign_leads_2026-03-23_20-27-04_results - campaign_leads_2026-03-23_20-27-04_results.csv,,Mountain Thunder,,8,0.00,284.50,,245.50,0.00,false,enrich,gmail,"""2026-06-06T10:37:49.685Z""",Gmail / Google Workspace,,,,,,,,,
,,mohit@tapistro.co,,,,,,,,Smartlead users sheet; SL users validated; campaign_leads_2026-03-23_20-27-04_results - campaign_leads_2026-03-23_20-27-04_results.csv; Imported Leads,Yes,deliverable,No,,,,,,,,,,,,,,,,,,,,,,,,,,,,,,,,,,,,,,,,,,,,,,,,,,,,,,,,,,,,,,,,,,,,,,,,,Email is valid.,Google Workspace,SMTP.GOOGLE.COM,FALSE,,,,,,,,,,,,,,,,,,,,,,,,,,,,No,,,,,,,,,,Smartlead users sheet; SL users validated; campaign_leads_2026-03-23_20-27-04_results - campaign_leads_2026-03-23_20-27-04_results.csv,,,,,,,,,,false,enrich,gmail,"""2026-06-06T10:37:49.812Z""",Gmail / Google Workspace,,,,,,,,,
,,nikita.kalra@lecansolutions.com,,,,,,,,Smartlead users sheet; SL users validated; campaign_leads_2026-03-23_20-27-04_results - campaign_leads_2026-03-23_20-27-04_results.csv; Imported Leads,Yes,deliverable,No,,,,,,,,,,,,,,,,,,,,,,,,,,,,,,,,,,,,,,,,,,,,,,,,,,,,,,,,,,,,2004,Information Technology And Services,Asia,India,,,,,Delhi,B-138 Mohammadpur Bhikhaji Cama Place New Delhi,Lecan Solutions Private Limited,51-200,Private,Email is valid.,,mail.rediffmailpro.com,FALSE,,,,,,,,,,,,,,,,,,,,,,,,,,,,No,,,,,,,,,,Smartlead users sheet; SL users validated; campaign_leads_2026-03-23_20-27-04_results - campaign_leads_2026-03-23_20-27-04_results.csv,,,,,,,,,,false,enrich,other,"""2026-06-06T10:37:50.195Z""",Other,,,,,,,,,
,,eric+2@outbound.consulting,,,,,,,,Smartlead users sheet; SL users validated; campaign_leads_2026-03-23_20-27-04_results - campaign_leads_2026-03-23_20-27-04_results.csv; Imported Leads,No,undeliverable,No,,,,,,,,,,,,,,,,,,,,,,,,,,,,,,,,,,,,,,,,,,,,,,,,,,,,,,,,,,,,2015,Marketing And Advertising,North America,United States,Tórshavn,Tórshavn,,100,,,Outbound Consulting,11-50,Private,Email is valid.,Google Workspace,aspmx.l.google.com,FALSE,,,,,,,,,,,,,,,,,,,,,,,,,,,,No,,,,,,,,,,Smartlead users sheet; SL users validated; campaign_leads_2026-03-23_20-27-04_results - campaign_leads_2026-03-23_20-27-04_results.csv,,,,,,,,,,false,enrich,gmail,"""2026-06-06T10:37:49.694Z""",Gmail / Google Workspace,,,,,,,,,
,,bdm@prevaj.com,,,,,,,,Smartlead users sheet; SL users validated; campaign_leads_2026-03-23_20-27-04_results - campaign_leads_2026-03-23_20-27-04_results.csv; Imported Leads,Yes,deliverable,No,,,,,,,,,,,,,,,,,,,,,,,,,,,,,,,,,,,,,,,,,,,,,,,,,,,,,,,,,,,facebook.com/prevajconsultants,2010,Information Technology And Services,Asia,India,,,,,,,Prevaj,51-200,Private,Email is valid.,Google Workspace,aspmx.l.google.com,FALSE,,,,,,,,,,,,,,,,,,,,,,,,,,,,No,,,,,,,,,,Smartlead users sheet; SL users validated; campaign_leads_2026-03-23_20-27-04_results - campaign_leads_2026-03-23_20-27-04_results.csv,,,,,,,,,,false,enrich,gmail,"""2026-06-06T10:37:49.688Z""",Gmail / Google Workspace,,,,,,,,,
,,s.benson@wilson-grey.com,,,,,,,,Smartlead users sheet; SL users validated; campaign_leads_2026-03-23_20-27-04_results - campaign_leads_2026-03-23_20-27-04_results.csv; Imported Leads,Yes,deliverable,No,,,,,,,,,,,,,,,,,,,,,,,,,,,,,,,,,,,,,,,,,,,,,,,,,,,,,,,,,,,,2015,Staffing And Recruiting,Europe,United Kingdom,City Of London,City Of London,"City Of London, England, United Kingdom",ec1a 9et,England,80 83 Long Lane,Wilson Grey,1-10,Private,Email is valid.,Google Workspace,aspmx.l.google.com,FALSE,,,,,,,,,,,,,,,,,,,,,,,,,,,,No,,,,,,,,,,Smartlead users sheet; SL users validated; campaign_leads_2026-03-23_20-27-04_results - campaign_leads_2026-03-23_20-27-04_results.csv,,,,,,,,,,false,enrich,gmail,"""2026-06-06T10:37:49.693Z""",Gmail / Google Workspace,,,,,,,,,
,,bmartinetto@groupe-althays.com,,,,,,,,Smartlead users sheet; SL users validated; campaign_leads_2026-03-23_20-27-04_results - campaign_leads_2026-03-23_20-27-04_results.csv; Imported Leads,Yes,deliverable,No,,,,,,,,,,,,,,,,,,,,,,,,,,,,,,,,,,,,,,,,,,,,,,,,,,,,,,,,,,,facebook.com/groupe.althays,2001,Computer Software,Europe,France,Annecy-le-vieux,Annecy-le-vieux,"Annecy-le-vieux, Auvergne-rhône-alpes, France",74940,Auvergne-rhône-alpes,15 Rue Du Pré Paillard,Groupe Althays,51-200,Private,Email is valid.,,mx-mibc-fr-11.mailinblack.com,FALSE,,,,,,,,,,,,,,,,,,,,,,,,,,,,No,,,,,,,,,,Smartlead users sheet; SL users validated; campaign_leads_2026-03-23_20-27-04_results - campaign_leads_2026-03-23_20-27-04_results.csv,,,,,,,,,,false,enrich,outlook,"""2026-06-06T10:37:49.791Z""",Outlook / Microsoft 365,,,,,,,,,
,,mark@revvedup.ai,,,,,,,,Smartlead users sheet; SL users validated; campaign_leads_2026-03-23_20-27-04_results - campaign_leads_2026-03-23_20-27-04_results.csv; Imported Leads,Yes,deliverable,No,,,,,,,,,,,,,,,,,,,,,,,,,,,,,,,,,,,,,,,,,,,,,,,,,,,,,,,,,,,,2023,Information Technology And Services,North America,United States,San Francisco,San Francisco,"San Francisco, California, United States",94118,California,,Revvedup,1-10,Private,Email is valid.,Google Workspace,aspmx.l.google.com,FALSE,,,,,,,,,,,,,,,,,,,,,,,,,,,,No,,,,,,,,,,Smartlead users sheet; SL users validated; campaign_leads_2026-03-23_20-27-04_results - campaign_leads_2026-03-23_20-27-04_results.csv,,,,,,,,,,false,enrich,gmail,"""2026-06-06T10:37:49.678Z""",Gmail / Google Workspace,,,,,,,,,
,,service@digitalsuits.co,,,,,,,,Smartlead users sheet; SL users validated; campaign_leads_2026-03-23_20-27-04_results - campaign_leads_2026-03-23_20-27-04_results.csv; Imported Leads,Yes,deliverable,No,,,,,,,,,,,,,,,,,,,,,,,,,,,,,,,,,,,,,,,,,,,,,,,,,,,,,,,,,,,facebook.com/digitalsuitssoftwaredevelopment,2016,Outsourcing/offshoring,North America,United States,Miami,Miami,"Miami, Florida, United States",33130,Florida,78 Southwest 7th Street,Digitalsuits,51-200,Private,Email is valid.,Google Workspace,aspmx.l.google.com,FALSE,,,,,,,,,,,,,,,,,,,,,,,,,,,,No,,,,,,,,,,Smartlead users sheet; SL users validated; campaign_leads_2026-03-23_20-27-04_results - campaign_leads_2026-03-23_20-27-04_results.csv,,,,,,,,,,false,enrich,gmail,"""2026-06-06T10:37:49.723Z""",Gmail / Google Workspace,,,,,,,,,
,,fs@heyclimb.com,,,,,,,,Smartlead users sheet; SL users validated; campaign_leads_2026-03-23_20-27-04_results - campaign_leads_2026-03-23_20-27-04_results.csv; Imported Leads,Yes,deliverable,No,,,,,,,,,,,,,,,,,,,,,,,,,,,,,,,,,,,,,,,,,,,,,,,,,,,,,,,,,,,,,,,,,,,,,,,,,Email is valid.,Google Workspace,aspmx.l.google.com,FALSE,,,,,,,,,,,,,,,,,,,,,,,,,,,,No,,,,,,,,,,Smartlead users sheet; SL users validated; campaign_leads_2026-03-23_20-27-04_results - campaign_leads_2026-03-23_20-27-04_results.csv,,,,,,,,,,false,enrich,gmail,"""2026-06-06T10:37:49.631Z""",Gmail / Google Workspace,,,,,,,,,
,,ethan@neexa.co,,,,,,,,Smartlead users sheet; SL users validated; campaign_leads_2026-03-23_20-27-04_results - campaign_leads_2026-03-23_20-27-04_results.csv; Imported Leads,Yes,deliverable,No,,,,,,,,,,,,,,,,,,,,,,,,,,,,,,,,,,,,,,,,,,,,,,,,,,,,,,,,,,,,2023,Internet,,,,,,,,,Neexa.ai | The Ai-powered Sales Agent,1-10,Private,Email is valid.,Google Workspace,SMTP.GOOGLE.COM,FALSE,,,,,,,,,,,,,,,,,,,,,,,,,,,,No,,,,,,,,,,Smartlead users sheet; SL users validated; campaign_leads_2026-03-23_20-27-04_results - campaign_leads_2026-03-23_20-27-04_results.csv,,,,,,,,,,false,enrich,gmail,"""2026-06-06T10:37:49.715Z""",Gmail / Google Workspace,,,,,,,,,
,,ilya@joinpowerplay.com,,,,,,,,Smartlead users sheet; SL users validated; campaign_leads_2026-03-23_20-27-04_results - campaign_leads_2026-03-23_20-27-04_results.csv; Imported Leads,Yes,deliverable,No,,,,,,,,,,,,,,,,,,,,,,,,,,,,,,,,,,,,,,,,,,,,,,,,,,,,,,,,,,,,2021,Information Technology And Services,Europe,United Kingdom,London,London,"London, England, United Kingdom",wc2a 2sj,England,7 Bell Yard,Power Play | Cold Email Infrastructure,1-10,Private,Email is valid.,Google Workspace,aspmx.l.google.com,FALSE,,,,,,,,,,,,,,,,,,,,,,,,,,,,No,,,,,,,,,,Smartlead users sheet; SL users validated; campaign_leads_2026-03-23_20-27-04_results - campaign_leads_2026-03-23_20-27-04_results.csv,,,,,,,,,,false,enrich,gmail,"""2026-06-06T10:37:49.685Z""",Gmail / Google Workspace,,,,,,,,,
,,ronnie@focalworks.in,,,,,,,,Smartlead users sheet; SL users validated; campaign_leads_2026-03-23_20-27-04_results - campaign_leads_2026-03-23_20-27-04_results.csv; Imported Leads,Yes,deliverable,No,,,,,,,,,,,,,,,,,,,,,,,,,,,,,,,,,,,,,,,,,,,,,,,,,,,,,,,,,,,,2007,Information Technology And Services,Asia,India,Navi Mumbai,Navi Mumbai,"Navi Mumbai, Maharashtra, India",,Maharashtra,Plot 17 And 18 Sector 30a Vashi,Focalworks Solutions Private Limited,51-200,Private,Email is valid.,Google Workspace,aspmx.l.google.com,FALSE,,,,,,,,,,,,,,,,,,,,,,,,,,,,No,,,,,,,,,,Smartlead users sheet; SL users validated; campaign_leads_2026-03-23_20-27-04_results - campaign_leads_2026-03-23_20-27-04_results.csv,,,,,,,,,,false,enrich,gmail,"""2026-06-06T10:37:49.657Z""",Gmail / Google Workspace,,,,,,,,,
Matthias,Eugenio,matthias@lactivateurdeleads.com,,,,,,,https://www.linkedin.com/in/matthias-eugenio/,Smartlead users sheet; SL users validated; campaign_leads_2026-03-23_20-27-04_results - campaign_leads_2026-03-23_20-27-04_results.csv; Imported Leads,No,undeliverable,No,,,,,,,,,,,,,,,,,,,,,,,,,,,,,,,,,,,,,,,,,,,,,,,,,,,,,,,,,,,,,,,,,,,,,,,,,Email is valid.,Google Workspace,aspmx.l.google.com,FALSE,,gmail,"""2026-03-31T21:06:52.559Z""",Google Workspace,,,,,,,,,,,,,,,,,,,,,,,,No,No,,,,,,,,,Smartlead users sheet; SL users validated; campaign_leads_2026-03-23_20-27-04_results - campaign_leads_2026-03-23_20-27-04_results.csv; Imported Leads,Smartlead users sheet; SL users validated; campaign_leads_2026-03-23_20-27-04_results - campaign_leads_2026-03-23_20-27-04_results.csv,,,,,,,,,false,enrich,other,"""2026-06-06T10:37:49.963Z""",Other,,,,,,,,,
,,francisco.ubeda.montoya@gmail.com,,,,,,,,Smartlead users sheet; SL users validated; campaign_leads_2026-03-23_20-27-04_results - campaign_leads_2026-03-23_20-27-04_results.csv; Imported Leads,No,risky,No,,,,,,,,,,,,,,,,,,,,,,,,,,,,,,,,,,,,,,,,,,,,,,,,,,,,,,,,,,,,,,,,,,,,,,,,,Email is valid.,Google Workspace,gmail-smtp-in.l.google.com,FALSE,,,,,,,,,,,,,,,,,,,,,,,,,,,,No,,,,,,,,,,Smartlead users sheet; SL users validated; campaign_leads_2026-03-23_20-27-04_results - campaign_leads_2026-03-23_20-27-04_results.csv,,,,,,,,,,false,enrich,gmail,"""2026-06-06T10:37:49.559Z""",Gmail / Google Workspace,,,,,,,,,
,,arpit@zipsales.ai,,,,,,,,Smartlead users sheet; SL users validated; campaign_leads_2026-03-23_20-27-04_results - campaign_leads_2026-03-23_20-27-04_results.csv; Imported Leads,Yes,deliverable,No,,,,,,,,,,,,,,,,,,,,,,,,,,,,,,,,,,,,,,,,,,,,,,,,,,,,,,,,,,,,,,,,,,,,,,,,,Email is valid.,Google Workspace,smtp.google.com,FALSE,,,,,,,,,,,,,,,,,,,,,,,,,,,,No,,,,,,,,,,Smartlead users sheet; SL users validated; campaign_leads_2026-03-23_20-27-04_results - campaign_leads_2026-03-23_20-27-04_results.csv,,,,,,,,,,false,enrich,gmail,"""2026-06-06T10:37:49.691Z""",Gmail / Google Workspace,,,,,,,,,
,,joseph.green@gmdevs.co.uk,,,,,,,,Smartlead users sheet; SL users validated; campaign_leads_2026-03-23_20-27-04_results - campaign_leads_2026-03-23_20-27-04_results.csv; Imported Leads,Yes,deliverable,No,,,,,,,,,,,,,,,,,,,,,,,,,,,,,,,,,,,,,,,,,,,,,,,,,,,,,,,,,,,,2015,Marketing And Advertising,Europe,United Kingdom,Silsoe,Silsoe,"Silsoe, England, United Kingdom",mk45 4hs,England,,Pay Per Appointment,1-10,Private,Email is valid.,Google Workspace,ASPMX.L.GOOGLE.COM,FALSE,,,,,,,,,,,,,,,,,,,,,,,,,,,,No,,,,,,,,,,Smartlead users sheet; SL users validated; campaign_leads_2026-03-23_20-27-04_results - campaign_leads_2026-03-23_20-27-04_results.csv,,,,,,,,,,false,enrich,gmail,"""2026-06-06T10:37:49.874Z""",Gmail / Google Workspace,,,,,,,,,
,,sophia.postel@digitalcareerinstitute.org,,,,,,,,Smartlead users sheet; SL users validated; campaign_leads_2026-03-23_20-27-04_results - campaign_leads_2026-03-23_20-27-04_results.csv; Imported Leads,Yes,deliverable,No,,,,,,,,,,,,,,,,,,,,,,,,,,,,,,,,,,,,,,,,,,,,,,,,,,,,,,,,,,,,,,,,,,,,,,,,,Email is valid.,Google Workspace,aspmx.l.google.com,FALSE,,,,,,,,,,,,,,,,,,,,,,,,,,,,No,,,,,,,,,,Smartlead users sheet; SL users validated; campaign_leads_2026-03-23_20-27-04_results - campaign_leads_2026-03-23_20-27-04_results.csv,,,,,,,,,,false,enrich,gmail,"""2026-06-06T10:37:49.883Z""",Gmail / Google Workspace,,,,,,,,,
,,bluesummitseo@trifectasalesgroup.com,,,,,,,,Smartlead users sheet; SL users validated; campaign_leads_2026-03-23_20-27-04_results - campaign_leads_2026-03-23_20-27-04_results.csv; Imported Leads,Yes,deliverable,No,,,,,,,,,,,,,,,,,,,,,,,,,,,,,,,,,,,,,,,,,,,,,,,,,,,,,,,,,,,,,,,,,,,,,,,,,Email is valid.,Google Workspace,aspmx.l.google.com,FALSE,,,,,,,,,,,,,,,,,,,,,,,,,,,,No,,,,,,,,,,Smartlead users sheet; SL users validated; campaign_leads_2026-03-23_20-27-04_results - campaign_leads_2026-03-23_20-27-04_results.csv,,,,,,,,,,false,enrich,gmail,"""2026-06-06T10:37:49.955Z""",Gmail / Google Workspace,,,,,,,,,
,,steven@thecirqle.com,,,,,,,,Smartlead users sheet; SL users validated; campaign_leads_2026-03-23_20-27-04_results - campaign_leads_2026-03-23_20-27-04_results.csv; Imported Leads,Yes,deliverable,No,,,,,,,,,,,,,,,,,,,,,,,,,,,,,,,,,,,,,,,,,,,,,,,,,,,,,,,,,,,facebook.com/thecirqle,2014,Marketing And Advertising,Europe,Netherlands,Amsterdam,Amsterdam,"Amsterdam, North Holland, Netherlands",1016 rv,North Holland,160 Lauriergracht,The Cirqle | Meta & Tiktok Marketing Partner,11-50,Private,Email is valid.,Google Workspace,aspmx.l.google.com,FALSE,,,,,,,,,,,,,,,,,,,,,,,,,,,,No,,,,,,,,,,Smartlead users sheet; SL users validated; campaign_leads_2026-03-23_20-27-04_results - campaign_leads_2026-03-23_20-27-04_results.csv,,,,,,,,,,false,enrich,gmail,"""2026-06-06T10:37:49.694Z""",Gmail / Google Workspace,,,,,,,,,
,,jeremy@tobetterdigital.com,,,,,,,,Smartlead users sheet; SL users validated; campaign_leads_2026-03-23_20-27-04_results - campaign_leads_2026-03-23_20-27-04_results.csv; Imported Leads,Yes,deliverable,No,,,,,,,,,,,,,,,,,,,,,,,,,,,,,,,,,,,,,,,,,,,,,,,,,,,,,,,,,,,,,,,,,,,,,,,,,Email is valid.,Google Workspace,aspmx.l.google.com,FALSE,,,,,,,,,,,,,,,,,,,,,,,,,,,,No,,,,,,,,,,Smartlead users sheet; SL users validated; campaign_leads_2026-03-23_20-27-04_results - campaign_leads_2026-03-23_20-27-04_results.csv,,,,,,,,,,false,enrich,gmail,"""2026-06-06T10:37:49.714Z""",Gmail / Google Workspace,,,,,,,,,
,,info@elogistec.com,,,,,,,,Smartlead users sheet; SL users validated; campaign_leads_2026-03-23_20-27-04_results - campaign_leads_2026-03-23_20-27-04_results.csv; Imported Leads,No,risky,No,,,,,,,,,,,,,,,,,,,,,,,,,,,,,,,,,,,,,,,,,,,,,,,,,,,,,,,,,,,,,,,,,,,,,,,,,Email is valid.,Google Workspace,smtp.google.com,FALSE,,,,,,,,,,,,,,,,,,,,,,,,,,,,No,,,,,,,,,,Smartlead users sheet; SL users validated; campaign_leads_2026-03-23_20-27-04_results - campaign_leads_2026-03-23_20-27-04_results.csv,,,,,,,,,,false,enrich,gmail,"""2026-06-06T10:37:49.883Z""",Gmail / Google Workspace,,,,,,,,,
,,info@cavviar.com,,,,,,,,Smartlead users sheet; SL users validated; campaign_leads_2026-03-23_20-27-04_results - campaign_leads_2026-03-23_20-27-04_results.csv; Imported Leads,Yes,deliverable,No,,,,,,,,,,,,,,,,,,,,,,,,,,,,,,,,,,,,,,,,,,,,,,,,,,,,,,,,,,,,,,,,,,,,,,Cavviar,1-10,Private,Email is valid.,Google Workspace,aspmx.l.google.com,FALSE,,,,,,,,,,,,,,,,,,,,,,,,,,,,No,,,,,,,,,,Smartlead users sheet; SL users validated; campaign_leads_2026-03-23_20-27-04_results - campaign_leads_2026-03-23_20-27-04_results.csv,,,,,,,,,,false,enrich,gmail,"""2026-06-06T10:37:49.874Z""",Gmail / Google Workspace,,,,,,,,,
,,matt.sun@paigo.tech,,,,,,,,Smartlead users sheet; SL users validated; campaign_leads_2026-03-23_20-27-04_results - campaign_leads_2026-03-23_20-27-04_results.csv; Imported Leads,Yes,deliverable,No,,,,,,,,,,,,,,,,,,,,,,,,,,,,,,,,,,,,,,,,,,,,,,,,,,,,,,,,,,,,2022,Computer Software,North America,United States,San Francisco,San Francisco,"San Francisco, California, United States",,California,,Paigo,11-50,Private,Email is valid.,Google Workspace,aspmx.l.google.com,FALSE,,,,,,,,,,,,,,,,,,,,,,,,,,,,No,,,,,,,,,,Smartlead users sheet; SL users validated; campaign_leads_2026-03-23_20-27-04_results - campaign_leads_2026-03-23_20-27-04_results.csv,,,,,,,,,,false,enrich,gmail,"""2026-06-06T10:37:49.695Z""",Gmail / Google Workspace,,,,,,,,,
,,gaming@dingusandzazzy.com,,,,,,,,Smartlead users sheet; SL users validated; campaign_leads_2026-03-23_20-27-04_results - campaign_leads_2026-03-23_20-27-04_results.csv; Imported Leads,Yes,deliverable,No,,,,,,,,,,,,,,,,,,,,,,,,,,,,,,,,,,,,,,,,,,,,,,,,,,,,,,,,,,,facebook.com/dingusandzazzy,2018,Marketing And Advertising,North America,Canada,Leduc,Leduc,"Leduc, Alberta, Canada",t9e 6y5,Alberta,4721 50 Avenue,Dingus & Zazzy,51-200,Private,Email is valid.,Google Workspace,aspmx.l.google.com,FALSE,,,,,,,,,,,,,,,,,,,,,,,,,,,,No,,,,,,,,,,Smartlead users sheet; SL users validated; campaign_leads_2026-03-23_20-27-04_results - campaign_leads_2026-03-23_20-27-04_results.csv,,,,,,,,,,false,enrich,gmail,"""2026-06-06T10:37:49.618Z""",Gmail / Google Workspace,,,,,,,,,
,,aaron@tractionagency.io,,,,,,,,Smartlead users sheet; SL users validated; campaign_leads_2026-03-23_20-27-04_results - campaign_leads_2026-03-23_20-27-04_results.csv; Imported Leads,Yes,deliverable,No,,,,,,,,,,,,,,,,,,,,,,,,,,,,,,,,,,,,,,,,,,,,,,,,,,,,,,,,,,,,,Management Consulting,Europe,United Kingdom,Edinburgh,Edinburgh,"Edinburgh, Scotland, United Kingdom",,Scotland,,Traction,1-10,Private,Email is valid.,Google Workspace,aspmx.l.google.com,FALSE,,,,,,,,,,,,,,,,,,,,,,,,,,,,No,,,,,,,,,,Smartlead users sheet; SL users validated; campaign_leads_2026-03-23_20-27-04_results - campaign_leads_2026-03-23_20-27-04_results.csv,,,,,,,,,,false,enrich,gmail,"""2026-06-06T10:37:49.874Z""",Gmail / Google Workspace,,,,,,,,,
,,accounts@gptoutreach.com,,,,,,,,Smartlead users sheet; SL users validated; campaign_leads_2026-03-23_20-27-04_results - campaign_leads_2026-03-23_20-27-04_results.csv; Imported Leads,Yes,deliverable,No,,,,,,,,,,,,,,,,,,,,,,,,,,,,,,,,,,,,,,,,,,,,,,,,,,,,,,,,,,,facebook.com/gpt.outreach.lead.generation,,Information Services,North America,United States,South San Francisco,South San Francisco,"South San Francisco, California, United States",94080,California,611 Gateway Boulevard,Gptoutreach,51-200,Private,Email is valid.,Google Workspace,aspmx.l.google.com,FALSE,,,,,,,,,,,,,,,,,,,,,,,,,,,,No,,,,,,,,,,Smartlead users sheet; SL users validated; campaign_leads_2026-03-23_20-27-04_results - campaign_leads_2026-03-23_20-27-04_results.csv,,,,,,,,,,false,enrich,gmail,"""2026-06-06T10:37:49.715Z""",Gmail / Google Workspace,,,,,,,,,
,,gillnoah100@gmail.com,,,,,,,,Smartlead users sheet; SL users validated; campaign_leads_2026-03-23_20-27-04_results - campaign_leads_2026-03-23_20-27-04_results.csv; Imported Leads,No,risky,No,,,,,,,,,,,,,,,,,,,,,,,,,,,,,,,,,,,,,,,,,,,,,,,,,,,,,,,,,,,,,,,,,,,,,,,,,Email is valid.,Google Workspace,gmail-smtp-in.l.google.com,FALSE,,,,,,,,,,,,,,,,,,,,,,,,,,,,No,,,,,,,,,,Smartlead users sheet; SL users validated; campaign_leads_2026-03-23_20-27-04_results - campaign_leads_2026-03-23_20-27-04_results.csv,,,,,,,,,,false,enrich,gmail,"""2026-06-06T10:37:49.559Z""",Gmail / Google Workspace,,,,,,,,,
,,nuzair.nuwais@aaya.ai,,,,,,,,Smartlead users sheet; SL users validated; campaign_leads_2026-03-23_20-27-04_results - campaign_leads_2026-03-23_20-27-04_results.csv; Imported Leads,Yes,deliverable,No,,,,,,,,,,,,,,,,,,,,,,,,,,,,,,,,,,,,,,,,,,,,,,,,,,,,,,,,,,,,,,,,,,,,,,,,,Email is valid.,Google Workspace,aspmx.l.google.com,FALSE,,,,,,,,,,,,,,,,,,,,,,,,,,,,No,,,,,,,,,,Smartlead users sheet; SL users validated; campaign_leads_2026-03-23_20-27-04_results - campaign_leads_2026-03-23_20-27-04_results.csv,,,,,,,,,,false,enrich,gmail,"""2026-06-06T10:37:49.892Z""",Gmail / Google Workspace,,,,,,,,,
,,email@b2bscale.io,,,,,,,,Smartlead users sheet; SL users validated; campaign_leads_2026-03-23_20-27-04_results - campaign_leads_2026-03-23_20-27-04_results.csv; Imported Leads,Yes,deliverable,No,,,,,,,,,,,,,,,,,,,,,,,,,,,,,,,,,,,,,,,,,,,,,,,,,,,,,,,,,,,,,Marketing And Advertising,,,,,,,,,B2bscale.io,1-10,Private,Email is valid.,Google Workspace,aspmx.l.google.com,FALSE,,,,,,,,,,,,,,,,,,,,,,,,,,,,No,,,,,,,,,,Smartlead users sheet; SL users validated; campaign_leads_2026-03-23_20-27-04_results - campaign_leads_2026-03-23_20-27-04_results.csv,,,,,,,,,,false,enrich,gmail,"""2026-06-06T10:37:49.620Z""",Gmail / Google Workspace,,,,,,,,,
,,paul.senente@gmail.com,,,,,,,,Smartlead users sheet; SL users validated; campaign_leads_2026-03-23_20-27-04_results - campaign_leads_2026-03-23_20-27-04_results.csv; Imported Leads,No,risky,No,,,,,,,,,,,,,,,,,,,,,,,,,,,,,,,,,,,,,,,,,,,,,,,,,,,,,,,,,,,,,,,,,,,,,,,,,Email is valid.,Google Workspace,gmail-smtp-in.l.google.com,FALSE,,,,,,,,,,,,,,,,,,,,,,,,,,,,No,,,,,,,,,,Smartlead users sheet; SL users validated; campaign_leads_2026-03-23_20-27-04_results - campaign_leads_2026-03-23_20-27-04_results.csv,,,,,,,,,,false,enrich,gmail,"""2026-06-06T10:37:49.559Z""",Gmail / Google Workspace,,,,,,,,,
,,matt@agencybuilderpro.com,,,,,,,,Smartlead users sheet; SL users validated; campaign_leads_2026-03-23_20-27-04_results - campaign_leads_2026-03-23_20-27-04_results.csv; Imported Leads,Yes,deliverable,No,,,,,,,,,,,,,,,,,,,,,,,,,,,,,,,,,,,,,,,,,,,,,,,,,,,,,,,,,,,,,Insurance,North America,United States,Troy,Troy,"Troy, Ohio, United States",45373,Ohio,,Agency Builder Pro,1-10,Private,Email is valid.,Google Workspace,aspmx.l.google.com,FALSE,,,,,,,,,,,,,,,,,,,,,,,,,,,,No,,,,,,,,,,Smartlead users sheet; SL users validated; campaign_leads_2026-03-23_20-27-04_results - campaign_leads_2026-03-23_20-27-04_results.csv,,,,,,,,,,false,enrich,gmail,"""2026-06-06T10:37:49.677Z""",Gmail / Google Workspace,,,,,,,,,
,,solomonvanb@gmail.com,,,,,,,,Smartlead users sheet; SL users validated; campaign_leads_2026-03-23_20-27-04_results - campaign_leads_2026-03-23_20-27-04_results.csv; Imported Leads,No,risky,No,,,,,,,,,,,,,,,,,,,,,,,,,,,,,,,,,,,,,,,,,,,,,,,,,,,,,,,,,,,,,,,,,,,,,,,,,Email is valid.,Google Workspace,gmail-smtp-in.l.google.com,FALSE,,,,,,,,,,,,,,,,,,,,,,,,,,,,No,,,,,,,,,,Smartlead users sheet; SL users validated; campaign_leads_2026-03-23_20-27-04_results - campaign_leads_2026-03-23_20-27-04_results.csv,,,,,,,,,,false,enrich,gmail,"""2026-06-06T10:37:49.559Z""",Gmail / Google Workspace,,,,,,,,,
,,david@freethefra.me,,,,,,,,Smartlead users sheet; SL users validated; campaign_leads_2026-03-23_20-27-04_results - campaign_leads_2026-03-23_20-27-04_results.csv; Imported Leads,Yes,deliverable,No,,,,,,,,,,,,,,,,,,,,,,,,,,,,,,,,,,,,,,,,,,,,,,,,,,,,,,,,,,,,,,,,,,,,,,,,,Email is valid.,Google Workspace,smtp.google.com,FALSE,,,,,,,,,,,,,,,,,,,,,,,,,,,,No,,,,,,,,,,Smartlead users sheet; SL users validated; campaign_leads_2026-03-23_20-27-04_results - campaign_leads_2026-03-23_20-27-04_results.csv,,,,,,,,,,false,enrich,gmail,"""2026-06-06T10:37:49.702Z""",Gmail / Google Workspace,,,,,,,,,
,,westy@gocapslock.com,,,,,,,,Smartlead users sheet; SL users validated; campaign_leads_2026-03-23_20-27-04_results - campaign_leads_2026-03-23_20-27-04_results.csv; Imported Leads,Yes,deliverable,No,,,,,,,,,,,,,,,,,,,,,,,,,,,,,,,,,,,,,,,,,,,,,,,,,,,,,,,,,,,,,,,,,,,,,,,,,Email is valid.,Google Workspace,aspmx.l.google.com,FALSE,,,,,,,,,,,,,,,,,,,,,,,,,,,,No,,,,,,,,,,Smartlead users sheet; SL users validated; campaign_leads_2026-03-23_20-27-04_results - campaign_leads_2026-03-23_20-27-04_results.csv,,,,,,,,,,false,enrich,gmail,"""2026-06-06T10:37:49.689Z""",Gmail / Google Workspace,,,,,,,,,
,,clement@leadin.fr,,,,,,,,Smartlead users sheet; SL users validated; campaign_leads_2026-03-23_20-27-04_results - campaign_leads_2026-03-23_20-27-04_results.csv; Imported Leads,Yes,deliverable,No,,,,,,,,,,,,,,,,,,,,,,,,,,,,,,,,,,,,,,,,,,,,,,,,,,,,,,,,,,,facebook.com/leadin.fr,2020,Marketing And Advertising,Europe,France,Grenoble,Grenoble,"Grenoble, Auvergne-rhône-alpes, France",,Auvergne-rhône-alpes,,Leadin,1-10,Private,Email is valid.,Google Workspace,aspmx.l.google.com,FALSE,,,,,,,,,,,,,,,,,,,,,,,,,,,,No,,,,,,,,,,Smartlead users sheet; SL users validated; campaign_leads_2026-03-23_20-27-04_results - campaign_leads_2026-03-23_20-27-04_results.csv,,,,,,,,,,false,enrich,gmail,"""2026-06-06T10:37:49.678Z""",Gmail / Google Workspace,,,,,,,,,
,,charlie@valuationleads.com,,,,,,,,Smartlead users sheet; SL users validated; campaign_leads_2026-03-23_20-27-04_results - campaign_leads_2026-03-23_20-27-04_results.csv; Imported Leads,Yes,deliverable,No,,,,,,,,,,,,,,,,,,,,,,,,,,,,,,,,,,,,,,,,,,,,,,,,,,,,,,,,,,,,,,Europe,United Kingdom,London,London,"London, England, United Kingdom",,England,,Valuation Leads,1-10,Private,Email is valid.,Google Workspace,aspmx.l.google.com,FALSE,,,,,,,,,,,,,,,,,,,,,,,,,,,,No,,,,,,,,,,Smartlead users sheet; SL users validated; campaign_leads_2026-03-23_20-27-04_results - campaign_leads_2026-03-23_20-27-04_results.csv,,,,,,,,,,false,enrich,gmail,"""2026-06-06T10:37:49.726Z""",Gmail / Google Workspace,,,,,,,,,
,,leon@spherecast.ai,,,,,,,,Smartlead users sheet; SL users validated; campaign_leads_2026-03-23_20-27-04_results - campaign_leads_2026-03-23_20-27-04_results.csv; Imported Leads,Yes,deliverable,No,,,,,,,,,,,,,,,,,,,,,,,,,,,,,,,,,,,,,,,,,,,,,,,,,,,,,,,,,,,,2023,Computer Software,Europe,Germany,Munich,Munich,"Munich, Bavaria, Germany",,Bavaria,,Spherecast,1-10,Private,Email is valid.,Google Workspace,aspmx.l.google.com,FALSE,,,,,,,,,,,,,,,,,,,,,,,,,,,,No,,,,,,,,,,Smartlead users sheet; SL users validated; campaign_leads_2026-03-23_20-27-04_results - campaign_leads_2026-03-23_20-27-04_results.csv,,,,,,,,,,false,enrich,gmail,"""2026-06-06T10:37:49.698Z""",Gmail / Google Workspace,,,,,,,,,
,,brian@ai-bees.io,,,,,,,,Smartlead users sheet; SL users validated; campaign_leads_2026-03-23_20-27-04_results - campaign_leads_2026-03-23_20-27-04_results.csv; Imported Leads,Yes,deliverable,No,,,,,,,,,,,,,,,,,,,,,,,,,,,,,,,,,,,,,,,,,,,,,,,,,,,,,,,,,,,facebook.com/ai.bees.i,2018,Information Technology And Services,North America,United States,San Francisco,San Francisco,"San Francisco, California, United States",94111,California,50 California Street,Ai Bees,51-200,Private,Email is valid.,Google Workspace,aspmx.l.google.com,FALSE,,,,,,,,,,,,,,,,,,,,,,,,,,,,No,,,,,,,,,,Smartlead users sheet; SL users validated; campaign_leads_2026-03-23_20-27-04_results - campaign_leads_2026-03-23_20-27-04_results.csv,,,,,,,,,,false,enrich,gmail,"""2026-06-06T10:37:49.874Z""",Gmail / Google Workspace,,,,,,,,,
,,jerald@centriweb.com.au,,,,,,,,Smartlead users sheet; SL users validated; campaign_leads_2026-03-23_20-27-04_results - campaign_leads_2026-03-23_20-27-04_results.csv; Imported Leads,Yes,deliverable,No,,,,,,,,,,,,,,,,,,,,,,,,,,,,,,,,,,,,,,,,,,,,,,,,,,,,,,,,,,,,,,,,,,,,,,,,,Email is valid.,Google Workspace,aspmx.l.google.com,FALSE,,,,,,,,,,,,,,,,,,,,,,,,,,,,No,,,,,,,,,,Smartlead users sheet; SL users validated; campaign_leads_2026-03-23_20-27-04_results - campaign_leads_2026-03-23_20-27-04_results.csv,,,,,,,,,,false,enrich,gmail,"""2026-06-06T10:37:49.629Z""",Gmail / Google Workspace,,,,,,,,,
,,garik@valhalla.team,,,,,,,,Smartlead users sheet; SL users validated; campaign_leads_2026-03-23_20-27-04_results - campaign_leads_2026-03-23_20-27-04_results.csv; Imported Leads,Yes,deliverable,No,,,,,,,,,,,,,,,,,,,,,,,,,,,,,,,,,,,,,,,,,,,,,,,,,,,,,,,,,,,facebook.com/valhallaonlineservices,2017,Information Technology And Services,Asia,Philippines,Kasambagan,Kasambagan,"Kasambagan, Cebu, Philippines",,Cebu,,Valhalla.team,51-200,Private,Email is valid.,Google Workspace,aspmx.l.google.com,FALSE,,,,,,,,,,,,,,,,,,,,,,,,,,,,No,,,,,,,,,,Smartlead users sheet; SL users validated; campaign_leads_2026-03-23_20-27-04_results - campaign_leads_2026-03-23_20-27-04_results.csv,,,,,,,,,,false,enrich,gmail,"""2026-06-06T10:37:49.630Z""",Gmail / Google Workspace,,,,,,,,,
,,trevor@searchfundaccelerator.com,,,,,,,,Smartlead users sheet; SL users validated; campaign_leads_2026-03-23_20-27-04_results - campaign_leads_2026-03-23_20-27-04_results.csv; Imported Leads,No,risky,No,,,,,,,,,,,,,,,,,,,,,,,,,,,,,,,,,,,,,,,,,,,,,,,,,,,,,,,,,,,facebook.com/searchfundaccelerator,2015,Venture Capital & Private Equity,North America,United States,New Orleans,New Orleans,"New Orleans, Louisiana, United States",70115,Louisiana,1104 6th Street,Search Fund Accelerator,11-50,Private,Email is valid.,Google Workspace,aspmx.l.google.com,FALSE,,,,,,,,,,,,,,,,,,,,,,,,,,,,No,,,,,,,,,,Smartlead users sheet; SL users validated; campaign_leads_2026-03-23_20-27-04_results - campaign_leads_2026-03-23_20-27-04_results.csv,,,,,,,,,,false,enrich,gmail,"""2026-06-06T10:37:49.685Z""",Gmail / Google Workspace,,,,,,,,,
,,admin@keyoutreachlabs.com,,,,,,,,Smartlead users sheet; SL users validated; campaign_leads_2026-03-23_20-27-04_results - campaign_leads_2026-03-23_20-27-04_results.csv; Imported Leads,Yes,deliverable,No,,,,,,,,,,,,,,,,,,,,,,,,,,,,,,,,,,,,,,,,,,,,,,,,,,,,,,,,,,,,,,,,,,,,,,,,,Email is valid.,Google Workspace,aspmx.l.google.com,FALSE,,,,,,,,,,,,,,,,,,,,,,,,,,,,No,,,,,,,,,,Smartlead users sheet; SL users validated; campaign_leads_2026-03-23_20-27-04_results - campaign_leads_2026-03-23_20-27-04_results.csv,,,,,,,,,,false,enrich,gmail,"""2026-06-06T10:37:49.690Z""",Gmail / Google Workspace,,,,,,,,,
,,regan@blackcamel.agency,,,,,,,,Smartlead users sheet; SL users validated; campaign_leads_2026-03-23_20-27-04_results - campaign_leads_2026-03-23_20-27-04_results.csv; Imported Leads,Yes,deliverable,No,,,,,,,,,,,,,,,,,,,,,,,,,,,,,,,,,,,,,,,,,,,,,,,,,,,,,,,,,,,facebook.com/blackcamelagency,2022,Marketing And Advertising,North America,United States,Durham,Durham,"Durham, North Carolina, United States",27701,North Carolina,335 West Main Street,Black Camel Agency,11-50,Private,Email is valid.,Google Workspace,aspmx.l.google.com,FALSE,,,,,,,,,,,,,,,,,,,,,,,,,,,,No,,,,,,,,,,Smartlead users sheet; SL users validated; campaign_leads_2026-03-23_20-27-04_results - campaign_leads_2026-03-23_20-27-04_results.csv,,,,,,,,,,false,enrich,gmail,"""2026-06-06T10:37:49.702Z""",Gmail / Google Workspace,,,,,,,,,
,,hrauber@ontraport.com,,,,,,,,Smartlead users sheet; SL users validated; campaign_leads_2026-03-23_20-27-04_results - campaign_leads_2026-03-23_20-27-04_results.csv; Imported Leads,Yes,deliverable,No,,,,,,,,,,,,,,,,,,,,,,,,,,,,,,,,,,,,,,,,,,,,,,,,,,,,,,,,,,,facebook.com/ontraport,2008,Computer Software,North America,United States,Santa Barbara,Santa Barbara,"Santa Barbara, California, United States",93103,California,220 Alameda Padre Serra Street,Ontraport,51-200,Private,Email is valid.,Google Workspace,aspmx.l.google.com,FALSE,,,,,,,,,,,,,,,,,,,,,,,,,,,,No,,,,,,,,,,Smartlead users sheet; SL users validated; campaign_leads_2026-03-23_20-27-04_results - campaign_leads_2026-03-23_20-27-04_results.csv,,,,,,,,,,false,enrich,gmail,"""2026-06-06T10:37:49.685Z""",Gmail / Google Workspace,,,,,,,,,
,,accounts@kozmoze.com,,,,,,,,Smartlead users sheet; SL users validated; campaign_leads_2026-03-23_20-27-04_results - campaign_leads_2026-03-23_20-27-04_results.csv; Imported Leads,Yes,deliverable,No,,,,,,,,,,,,,,,,,,,,,,,,,,,,,,,,,,,,,,,,,,,,,,,,,,,,,,,,,,,,2019,Marketing And Advertising,North America,United States,,,,,New York,,Kozmoze: B2b Lead-generation,11-50,Private,Email is valid.,Google Workspace,smtp.google.com,FALSE,,,,,,,,,,,,,,,,,,,,,,,,,,,,No,,,,,,,,,,Smartlead users sheet; SL users validated; campaign_leads_2026-03-23_20-27-04_results - campaign_leads_2026-03-23_20-27-04_results.csv,,,,,,,,,,false,enrich,gmail,"""2026-06-06T10:37:49.678Z""",Gmail / Google Workspace,,,,,,,,,
TJ,Ferrara,tj@milkneck.co,,,,,,,https://www.linkedin.com/in/tj-ferrara-b158434/,Smartlead users sheet; SL users validated; campaign_leads_2026-03-23_20-27-04_results - campaign_leads_2026-03-23_20-27-04_results.csv; Imported Leads,Yes,deliverable,No,,,,,,,,,,,,,,,,,,,,,,,,,,,,,,,,,,,,,,,,,,,,,,,,,,,,,,,,,,,,,,,,,,,,,,,,,Email is valid.,Google Workspace,aspmx.l.google.com,FALSE,,gmail,"""2026-03-31T21:07:12.307Z""",Google Workspace,,,,,,,,,,,,,,,,,,,,,,,,No,No,,,,,,,,,Smartlead users sheet; SL users validated; campaign_leads_2026-03-23_20-27-04_results - campaign_leads_2026-03-23_20-27-04_results.csv; Imported Leads,Smartlead users sheet; SL users validated; campaign_leads_2026-03-23_20-27-04_results - campaign_leads_2026-03-23_20-27-04_results.csv,,,,,,,,,false,enrich,gmail,"""2026-06-06T10:37:49.730Z""",Gmail / Google Workspace,,,,,,,,,
,,amarkey@advocacyhub.us,,,,,,,,Smartlead users sheet; SL users validated; campaign_leads_2026-03-23_20-27-04_results - campaign_leads_2026-03-23_20-27-04_results.csv; Imported Leads,Yes,deliverable,No,,,,,,,,,,,,,,,,,,,,,,,,,,,,,,,,,,,,,,,,,,,,,,,,,,,,,,,,,,,,,,North America,United States,Boston,Boston,"Boston, Massachusetts, United States",2116,Massachusetts,,Advocacyhub,1-10,Private,Email is valid.,Google Workspace,smtp.google.com,FALSE,,,,,,,,,,,,,,,,,,,,,,,,,,,,No,,,,,,,,,,Smartlead users sheet; SL users validated; campaign_leads_2026-03-23_20-27-04_results - campaign_leads_2026-03-23_20-27-04_results.csv,,,,,,,,,,false,enrich,gmail,"""2026-06-06T10:37:49.855Z""",Gmail / Google Workspace,,,,,,,,,
,,admin@socials4tradesoutreach.com,,,,,,,,Smartlead users sheet; SL users validated; campaign_leads_2026-03-23_20-27-04_results - campaign_leads_2026-03-23_20-27-04_results.csv; Imported Leads,Yes,deliverable,No,,,,,,,,,,,,,,,,,,,,,,,,,,,,,,,,,,,,,,,,,,,,,,,,,,,,,,,,,,,,,,,,,,,,,,,,,Email is valid.,Google Workspace,aspmx.l.google.com,FALSE,,,,,,,,,,,,,,,,,,,,,,,,,,,,No,,,,,,,,,,Smartlead users sheet; SL users validated; campaign_leads_2026-03-23_20-27-04_results - campaign_leads_2026-03-23_20-27-04_results.csv,,,,,,,,,,false,enrich,gmail,"""2026-06-06T10:37:49.749Z""",Gmail / Google Workspace,,,,,,,,,
,,lukepisacane@gmail.com,,,,,,,,Smartlead users sheet; SL users validated; campaign_leads_2026-03-23_20-27-04_results - campaign_leads_2026-03-23_20-27-04_results.csv; Imported Leads,No,risky,No,,,,,,,,,,,,,,,,,,,,,,,,,,,,,,,,,,,,,,,,,,,,,,,,,,,,,,,,,,,,,,,,,,,,,,,,,Email is valid.,Google Workspace,gmail-smtp-in.l.google.com,FALSE,,,,,,,,,,,,,,,,,,,,,,,,,,,,No,,,,,,,,,,Smartlead users sheet; SL users validated; campaign_leads_2026-03-23_20-27-04_results - campaign_leads_2026-03-23_20-27-04_results.csv,,,,,,,,,,false,enrich,gmail,"""2026-06-06T10:37:49.559Z""",Gmail / Google Workspace,,,,,,,,,
,,dean@softcopy.xyz,,,,,,,,Smartlead users sheet; SL users validated; campaign_leads_2026-03-23_20-27-04_results - campaign_leads_2026-03-23_20-27-04_results.csv; Imported Leads,No,risky,No,,,,,,,,,,,,,,,,,,,,,,,,,,,,,,,,,,,,,,,,,,,,,,,,,,,,,,,,,,,,,,,,,,,,,,,,,Email is valid.,,mx1.titan.email,FALSE,,,,,,,,,,,,,,,,,,,,,,,,,,,,No,,,,,,,,,,Smartlead users sheet; SL users validated; campaign_leads_2026-03-23_20-27-04_results - campaign_leads_2026-03-23_20-27-04_results.csv,,,,,,,,,,false,enrich,other,"""2026-06-06T10:37:50.110Z""",Other,,,,,,,,,
Stephen,Comstock,stephen@growlexi.com,GrowLexi,Founder | Operator,,,,,,Smartlead users sheet; SL users validated; campaign_leads_2026-03-23_20-27-04_results - campaign_leads_2026-03-23_20-27-04_results.csv; Imported Leads,Yes,deliverable,No,,,,,https://growlexi.com,,,,,,,,,,,,,,,,,,,,,"Santa Barbara, California, United States",https://media.licdn.com/dms/image/v2/C560BAQFjLK_wvxaohg/company-logo_200_200/company-logo_200_200/0/1653413190983/growlexi_logo?e=1778112000&v=beta&t=E6yL4U1BZHjzs2TTyhgpszpnWaXo6--RaECd-cMtNfw,,,,,https://www.linkedin.com/company/78380268,,,,,,,3,,2026-04-15T14:54:47.446Z,,,,,,,,Business Consulting and Services,,,,,,,,,,,,,,,,,,,,,,,,,,,,"Santa Barbara, California, United States",,,,,,,urn:li:member:55816696,false,,,,,,,,,,true,https://media.licdn.com/dms/image/v2/D5603AQGQVld27P4Vtg/profile-displayphoto-scale_100_100/B56Zt3Pj01GsAg-/0/1767232126953?e=1778112000&v=beta&t=OwikVkGAr2DQcrmhaZBLQ1sS74-uRuX6Vuo1MBszksc,https://www.linkedin.com/in/ACwAAANTsfgBPN6rvzAbb69aVJgR7tg-F9MDKAo,,,,,false,,,,,,,Follows your company; Recently hired; 2 recent posts on Linkedin,,,,Building top of funnel engines,,,,1 yr 11 mos,,,,,,,false,enrich,gmail,"""2026-06-06T10:37:49.884Z""",Gmail / Google Workspace,,,,,,,,,
,,marketing@iti-digital.com,,,,,,,,Smartlead users sheet; SL users validated; campaign_leads_2026-03-23_20-27-04_results - campaign_leads_2026-03-23_20-27-04_results.csv; Imported Leads,Yes,deliverable,No,,,,,,,,,,,,,,,,,,,,,,,,,,,,,,,,,,,,,,,,,,,,,,,,,,,,,,,,,,,facebook.com/itidigital,1993,Information Technology And Services,North America,United States,Bradenton,Bradenton,"Bradenton, Florida, United States",34206,Florida,,Iti Digital,11-50,Private,Email is valid.,Google Workspace,aspmx.l.google.com,FALSE,,,,,,,,,,,,,,,,,,,,,,,,,,,,No,,,,,,,,,,Smartlead users sheet; SL users validated; campaign_leads_2026-03-23_20-27-04_results - campaign_leads_2026-03-23_20-27-04_results.csv,,,,,,,,,,false,enrich,gmail,"""2026-06-06T10:37:49.718Z""",Gmail / Google Workspace,,,,,,,,,
,,jude.auralis@gmail.com,,,,,,,,Smartlead users sheet; SL users validated; campaign_leads_2026-03-23_20-27-04_results - campaign_leads_2026-03-23_20-27-04_results.csv; Imported Leads,No,risky,No,,,,,,,,,,,,,,,,,,,,,,,,,,,,,,,,,,,,,,,,,,,,,,,,,,,,,,,,,,,,,,,,,,,,,,,,,Email is valid.,Google Workspace,gmail-smtp-in.l.google.com,FALSE,,,,,,,,,,,,,,,,,,,,,,,,,,,,No,,,,,,,,,,Smartlead users sheet; SL users validated; campaign_leads_2026-03-23_20-27-04_results - campaign_leads_2026-03-23_20-27-04_results.csv,,,,,,,,,,false,enrich,gmail,"""2026-06-06T10:37:49.559Z""",Gmail / Google Workspace,,,,,,,,,
John,Kim,john@paraform.com,,,,,,,https://www.linkedin.com/in/john-kim-5480931a8/,Smartlead users sheet; SL users validated; campaign_leads_2026-03-23_20-27-04_results - campaign_leads_2026-03-23_20-27-04_results.csv; Imported Leads,Yes,deliverable,No,,,,,,,,,,,,,,,,,,,,,,,,,,,,,,,,,,,,Paraform Inc.,,,,,,,,,,,,,,,,,,,,,,"Co-Founder, CEO",,,,,,,,,,,,,,,,,,,"San Francisco Bay Area, United States",,,,,,,,,,,,,,,,,,,,,,,,,,,No,,,,,,,,,,Smartlead users sheet; SL users validated; campaign_leads_2026-03-23_20-27-04_results - campaign_leads_2026-03-23_20-27-04_results.csv; Imported Leads,,,,,,,,,,false,enrich,gmail,"""2026-06-06T10:37:49.667Z""",Gmail / Google Workspace,,,,,,,,,
,,gurdeep.bindra@lagozon.com,,,,,,,,Smartlead users sheet; SL users validated; campaign_leads_2026-03-23_20-27-04_results - campaign_leads_2026-03-23_20-27-04_results.csv; Imported Leads,Yes,deliverable,No,,,,,,,,,,,,,,,,,,,,,,,,,,,,,,,,,,,,,,,,,,,,,,,,,,,,,,,,,,,facebook.com/lagozontech,2012,Information Technology And Services,Asia,India,Delhi,Delhi,"Delhi, Delhi, India",,Delhi,,Lagozon Technologies Private Limited,51-200,Private,Email is valid.,Google Workspace,aspmx.l.google.com,FALSE,,,,,,,,,,,,,,,,,,,,,,,,,,,,No,,,,,,,,,,Smartlead users sheet; SL users validated; campaign_leads_2026-03-23_20-27-04_results - campaign_leads_2026-03-23_20-27-04_results.csv,,,,,,,,,,false,enrich,gmail,"""2026-06-06T10:37:49.714Z""",Gmail / Google Workspace,,,,,,,,,
,,blake.johnston@outboundview.com,,,,,,,,Smartlead users sheet; SL users validated; campaign_leads_2026-03-23_20-27-04_results - campaign_leads_2026-03-23_20-27-04_results.csv; Imported Leads,Yes,deliverable,No,,,,,,,,,,,,,,,,,,,,,,,,,,,,,,,,,,,,,,,,,,,,,,,,,,,,,,,,,,,facebook.com/outboundview,2017,Marketing And Advertising,North America,United States,Franklin,Franklin,"Franklin, Tennessee, United States",37067,Tennessee,1229 Lakeview Drive,Outboundview,11-50,Private,Email is valid.,Google Workspace,aspmx.l.google.com,FALSE,,,,,,,,,,,,,,,,,,,,,,,,,,,,No,,,,,,,,,,Smartlead users sheet; SL users validated; campaign_leads_2026-03-23_20-27-04_results - campaign_leads_2026-03-23_20-27-04_results.csv,,,,,,,,,,false,enrich,gmail,"""2026-06-06T10:37:49.685Z""",Gmail / Google Workspace,,,,,,,,,
Eric,Nowoslawski,eric@growthenginex.com,,Founder,,New York City Metropolitan Area,,United States,https://www.linkedin.com/in/outboundphd/,Smartlead users sheet; SL users validated; campaign_leads_2026-03-23_20-27-04_results - campaign_leads_2026-03-23_20-27-04_results.csv; Imported Leads,Yes,deliverable,No,,,,,growthenginex.com,,,,,,,,,,,,,,,,,,,,,,,,,,,,,,,Growth Engine X,,,,,,,,,,,,,,,,,,,,,,,,,,,,,,,,,,,,,,,,,"New York City Metropolitan Area, United States",,,,,,,,,,,,,,,,,,,,,,,,,,,No,,,,,,,,,,Smartlead users sheet; SL users validated; campaign_leads_2026-03-23_20-27-04_results - campaign_leads_2026-03-23_20-27-04_results.csv; Imported Leads,,,,,,,,,,false,enrich,gmail,"""2026-06-06T10:37:49.685Z""",Gmail / Google Workspace,,,,,,,,,
,,daniel@alison.ai,,,,,,,,Smartlead users sheet; SL users validated; campaign_leads_2026-03-23_20-27-04_results - campaign_leads_2026-03-23_20-27-04_results.csv; Imported Leads,No,risky,No,,,,,,,,,,,,,,,,,,,,,,,,,,,,,,,,,,,,,,,,,,,,,,,,,,,,,,,,,,,,,Computer Software,Asia,Israel,Tel Aviv-yafo,Tel Aviv-yafo,"Tel Aviv-yafo, Tel Aviv, Israel",,Tel Aviv,7 Haarad Street,Alison.ai,11-50,Private,Email is valid.,Google Workspace,aspmx.l.google.com,FALSE,,,,,,,,,,,,,,,,,,,,,,,,,,,,No,,,,,,,,,,Smartlead users sheet; SL users validated; campaign_leads_2026-03-23_20-27-04_results - campaign_leads_2026-03-23_20-27-04_results.csv,,,,,,,,,,false,enrich,gmail,"""2026-06-06T10:37:49.685Z""",Gmail / Google Workspace,,,,,,,,,
,,ricardo.estepa@floloop.com,,,,,,,,Smartlead users sheet; SL users validated; campaign_leads_2026-03-23_20-27-04_results - campaign_leads_2026-03-23_20-27-04_results.csv; Imported Leads,Yes,deliverable,No,,,,,,,,,,,,,,,,,,,,,,,,,,,,,,,,,,,,,,,,,,,,,,,,,,,,,,,,,,,,,Computer Software,,,,,,,,,Floloop,1-10,Private,Email is valid.,Google Workspace,aspmx.l.google.com,FALSE,,,,,,,,,,,,,,,,,,,,,,,,,,,,No,,,,,,,,,,Smartlead users sheet; SL users validated; campaign_leads_2026-03-23_20-27-04_results - campaign_leads_2026-03-23_20-27-04_results.csv,,,,,,,,,,false,enrich,gmail,"""2026-06-06T10:37:49.690Z""",Gmail / Google Workspace,,,,,,,,,
,,atencion@prospectai.es,,,,,,,,Smartlead users sheet; SL users validated; campaign_leads_2026-03-23_20-27-04_results - campaign_leads_2026-03-23_20-27-04_results.csv; Imported Leads,No,risky,No,,,,,,,,,,,,,,,,,,,,,,,,,,,,,,,,,,,,,,,,,,,,,,,,,,,,,,,,,,,,,,,,,,,,,,,,,Email is valid.,,mx00.ionos.de,FALSE,,,,,,,,,,,,,,,,,,,,,,,,,,,,No,,,,,,,,,,Smartlead users sheet; SL users validated; campaign_leads_2026-03-23_20-27-04_results - campaign_leads_2026-03-23_20-27-04_results.csv,,,,,,,,,,false,enrich,other,"""2026-06-06T10:37:50.062Z""",Other,,,,,,,,,
,,steve@pmcomfort.com,,,,,,,,Smartlead users sheet; SL users validated; campaign_leads_2026-03-23_20-27-04_results - campaign_leads_2026-03-23_20-27-04_results.csv; Imported Leads,Yes,deliverable,No,,,,,,,,,,,,,,,,,,,,,,,,,,,,,,,,,,,,,,,,,,,,,,,,,,,,,,,,,,,,1985,Construction,North America,United States,Arlington Heights,Arlington Heights,"Arlington Heights, Illinois, United States",60005,Illinois,2400 South Arlington Heights Road,Paragon Mechanical,11-50,Private,Email is valid.,Google Workspace,aspmx.l.google.com,FALSE,,,,,,,,,,,,,,,,,,,,,,,,,,,,No,,,,,,,,,,Smartlead users sheet; SL users validated; campaign_leads_2026-03-23_20-27-04_results - campaign_leads_2026-03-23_20-27-04_results.csv,,,,,,,,,,false,enrich,gmail,"""2026-06-06T10:37:49.703Z""",Gmail / Google Workspace,,,,,,,,,
,,livano@livanoagency.com,,,,,,,,Smartlead users sheet; SL users validated; campaign_leads_2026-03-23_20-27-04_results - campaign_leads_2026-03-23_20-27-04_results.csv; Imported Leads,Yes,deliverable,No,,,,,,,,,,,,,,,,,,,,,,,,,,,,,,,,,,,,,,,,,,,,,,,,,,,,,,,,,,,,2022,Internet,,,,,,,,,Livano Agency,1-10,Private,Email is valid.,Google Workspace,aspmx.l.google.com,FALSE,,,,,,,,,,,,,,,,,,,,,,,,,,,,No,,,,,,,,,,Smartlead users sheet; SL users validated; campaign_leads_2026-03-23_20-27-04_results - campaign_leads_2026-03-23_20-27-04_results.csv,,,,,,,,,,false,enrich,gmail,"""2026-06-06T10:37:49.901Z""",Gmail / Google Workspace,,,,,,,,,
,,salsherman@inboxbros.com,,,,,,,,Smartlead users sheet; SL users validated; campaign_leads_2026-03-23_20-27-04_results - campaign_leads_2026-03-23_20-27-04_results.csv; Imported Leads,Yes,deliverable,No,,,,,,,,,,,,,,,,,,,,,,,,,,,,,,,,,,,,,,,,,,,,,,,,,,,,,,,,,,,,,,,,,,,,,,,,,Email is valid.,Google Workspace,aspmx.l.google.com,FALSE,,,,,,,,,,,,,,,,,,,,,,,,,,,,No,,,,,,,,,,Smartlead users sheet; SL users validated; campaign_leads_2026-03-23_20-27-04_results - campaign_leads_2026-03-23_20-27-04_results.csv,,,,,,,,,,false,enrich,gmail,"""2026-06-06T10:37:49.931Z""",Gmail / Google Workspace,,,,,,,,,
,,leon@duvetflip.com,,,,,,,,Smartlead users sheet; SL users validated; campaign_leads_2026-03-23_20-27-04_results - campaign_leads_2026-03-23_20-27-04_results.csv; Imported Leads,Yes,deliverable,No,,,,,,,,,,,,,,,,,,,,,,,,,,,,,,,,,,,,,,,,,,,,,,,,,,,,,,,,,,,,,,,,,,,,,,,,,Email is valid.,Google Workspace,aspmx.l.google.com,FALSE,,,,,,,,,,,,,,,,,,,,,,,,,,,,No,,,,,,,,,,Smartlead users sheet; SL users validated; campaign_leads_2026-03-23_20-27-04_results - campaign_leads_2026-03-23_20-27-04_results.csv,,,,,,,,,,false,enrich,gmail,"""2026-06-06T10:37:49.693Z""",Gmail / Google Workspace,,,,,,,,,
,,gregor@withorca.com,,,,,,,,Smartlead users sheet; SL users validated; campaign_leads_2026-03-23_20-27-04_results - campaign_leads_2026-03-23_20-27-04_results.csv; Imported Leads,Yes,deliverable,No,,,,,,,,,,,,,,,,,,,,,,,,,,,,,,,,,,,,,,,,,,,,,,,,,,,,,,,,,,,,2017,Information Technology And Services,Europe,Switzerland,Zürich,Zürich,"Zürich, Zurich, Switzerland",8004,Zurich,26 Bäckerstrasse,Orca Ag,11-50,Private,Email is valid.,Google Workspace,aspmx.l.google.com,FALSE,,,,,,,,,,,,,,,,,,,,,,,,,,,,No,,,,,,,,,,Smartlead users sheet; SL users validated; campaign_leads_2026-03-23_20-27-04_results - campaign_leads_2026-03-23_20-27-04_results.csv,,,,,,,,,,false,enrich,gmail,"""2026-06-06T10:37:49.685Z""",Gmail / Google Workspace,,,,,,,,,
,,mike@strategicwebdesigns.co,,,,,,,,Smartlead users sheet; SL users validated; campaign_leads_2026-03-23_20-27-04_results - campaign_leads_2026-03-23_20-27-04_results.csv; Imported Leads,Yes,deliverable,No,,,,,,,,,,,,,,,,,,,,,,,,,,,,,,,,,,,,,,,,,,,,,,,,,,,,,,,,,,,,,,,,,,,,,,,,,Email is valid.,Google Workspace,smtp.google.com,FALSE,,,,,,,,,,,,,,,,,,,,,,,,,,,,No,,,,,,,,,,Smartlead users sheet; SL users validated; campaign_leads_2026-03-23_20-27-04_results - campaign_leads_2026-03-23_20-27-04_results.csv,,,,,,,,,,false,enrich,gmail,"""2026-06-06T10:37:49.692Z""",Gmail / Google Workspace,,,,,,,,,
,,zugangsverwaltung@kulturwerke-deutschland.de,,,,,,,,Smartlead users sheet; SL users validated; campaign_leads_2026-03-23_20-27-04_results - campaign_leads_2026-03-23_20-27-04_results.csv; Imported Leads,Yes,deliverable,No,,,,,,,,,,,,,,,,,,,,,,,,,,,,,,,,,,,,,,,,,,,,,,,,,,,,,,,,,,,,2005,"Leisure, Travel & Tourism",Europe,Germany,Dusseldorf,Dusseldorf,"Dusseldorf, Nordrhein-westfalen, Germany",40549,Nordrhein-westfalen,61 Schiessstr.,Kulturwerke Deutschland Sprachreisen Gmbh,11-50,Private,Email is valid.,Google Workspace,aspmx.l.google.com,FALSE,,,,,,,,,,,,,,,,,,,,,,,,,,,,No,,,,,,,,,,Smartlead users sheet; SL users validated; campaign_leads_2026-03-23_20-27-04_results - campaign_leads_2026-03-23_20-27-04_results.csv,,,,,,,,,,false,enrich,gmail,"""2026-06-06T10:37:49.691Z""",Gmail / Google Workspace,,,,,,,,,
,,info@flowgenius.nl,,,,,,,,Smartlead users sheet; SL users validated; campaign_leads_2026-03-23_20-27-04_results - campaign_leads_2026-03-23_20-27-04_results.csv; Imported Leads,Yes,deliverable,No,,,,,,,,,,,,,,,,,,,,,,,,,,,,,,,,,,,,,,,,,,,,,,,,,,,,,,,,,,,,,,,,,,,,,,,,,Email is valid.,Google Workspace,ASPMX.L.GOOGLE.COM,FALSE,,,,,,,,,,,,,,,,,,,,,,,,,,,,No,,,,,,,,,,Smartlead users sheet; SL users validated; campaign_leads_2026-03-23_20-27-04_results - campaign_leads_2026-03-23_20-27-04_results.csv,,,,,,,,,,false,enrich,gmail,"""2026-06-06T10:37:49.688Z""",Gmail / Google Workspace,,,,,,,,,
,,jared@pyrashyut.com,,,,,,,,Smartlead users sheet; SL users validated; campaign_leads_2026-03-23_20-27-04_results - campaign_leads_2026-03-23_20-27-04_results.csv; Imported Leads,Yes,deliverable,No,,,,,,,,,,,,,,,,,,,,,,,,,,,,,,,,,,,,,,,,,,,,,,,,,,,,,,,,,,,facebook.com/pyrashyut,,Marketing And Advertising,Europe,United Kingdom,London,London,"London, Greater London, United Kingdom",,Greater London,,Pyrashyut,11-50,Private,Email is valid.,Google Workspace,aspmx.l.google.com,FALSE,,,,,,,,,,,,,,,,,,,,,,,,,,,,No,,,,,,,,,,Smartlead users sheet; SL users validated; campaign_leads_2026-03-23_20-27-04_results - campaign_leads_2026-03-23_20-27-04_results.csv,,,,,,,,,,false,enrich,gmail,"""2026-06-06T10:37:49.691Z""",Gmail / Google Workspace,,,,,,,,,
,,fgiron@staminavaluepartners.com,,,,,,,,Smartlead users sheet; SL users validated; campaign_leads_2026-03-23_20-27-04_results - campaign_leads_2026-03-23_20-27-04_results.csv; Imported Leads,Yes,deliverable,No,,,,,,,,,,,,,,,,,,,,,,,,,,,,,,,,,,,,,,,,,,,,,,,,,,,,,,,,,,,,,,,,,,,,,,,,,Email is valid.,Google Workspace,smtp.google.com,FALSE,,,,,,,,,,,,,,,,,,,,,,,,,,,,No,,,,,,,,,,Smartlead users sheet; SL users validated; campaign_leads_2026-03-23_20-27-04_results - campaign_leads_2026-03-23_20-27-04_results.csv,,,,,,,,,,false,enrich,gmail,"""2026-06-06T10:37:49.714Z""",Gmail / Google Workspace,,,,,,,,,
,,hello@deepbluedot.io,,,,,,,,Smartlead users sheet; SL users validated; campaign_leads_2026-03-23_20-27-04_results - campaign_leads_2026-03-23_20-27-04_results.csv; Imported Leads,Yes,deliverable,No,,,,,,,,,,,,,,,,,,,,,,,,,,,,,,,,,,,,,,,,,,,,,,,,,,,,,,,,,,,,,,,,,,,,,,,,,Email is valid.,Google Workspace,aspmx.l.google.com,FALSE,,,,,,,,,,,,,,,,,,,,,,,,,,,,No,,,,,,,,,,Smartlead users sheet; SL users validated; campaign_leads_2026-03-23_20-27-04_results - campaign_leads_2026-03-23_20-27-04_results.csv,,,,,,,,,,false,enrich,gmail,"""2026-06-06T10:37:49.690Z""",Gmail / Google Workspace,,,,,,,,,
,,andrew@bigpipe.ai,,,,,,,,Smartlead users sheet; SL users validated; campaign_leads_2026-03-23_20-27-04_results - campaign_leads_2026-03-23_20-27-04_results.csv; Imported Leads,Yes,deliverable,No,,,,,,,,,,,,,,,,,,,,,,,,,,,,,,,,,,,,,,,,,,,,,,,,,,,,,,,,,,,,,,North America,United States,West Palm Beach,West Palm Beach,"West Palm Beach, Florida, United States",33407,Florida,,Big Pipe,1-10,Private,Email is valid.,Google Workspace,aspmx.l.google.com,FALSE,,,,,,,,,,,,,,,,,,,,,,,,,,,,No,,,,,,,,,,Smartlead users sheet; SL users validated; campaign_leads_2026-03-23_20-27-04_results - campaign_leads_2026-03-23_20-27-04_results.csv,,,,,,,,,,false,enrich,gmail,"""2026-06-06T10:37:49.690Z""",Gmail / Google Workspace,,,,,,,,,
,,alex@serenitygpt.com,,,,,,,,Smartlead users sheet; SL users validated; campaign_leads_2026-03-23_20-27-04_results - campaign_leads_2026-03-23_20-27-04_results.csv; Imported Leads,Yes,deliverable,No,,,,,,,,,,,,,,,,,,,,,,,,,,,,,,,,,,,,,,,,,,,,,,,,,,,,,,,,,,,,2023,Computer Software,Europe,United Kingdom,London,London,"London, England, United Kingdom",,England,,Serenitygpt,1-10,Private,Email is valid.,Google Workspace,aspmx.l.google.com,FALSE,,,,,,,,,,,,,,,,,,,,,,,,,,,,No,,,,,,,,,,Smartlead users sheet; SL users validated; campaign_leads_2026-03-23_20-27-04_results - campaign_leads_2026-03-23_20-27-04_results.csv,,,,,,,,,,false,enrich,gmail,"""2026-06-06T10:37:49.685Z""",Gmail / Google Workspace,,,,,,,,,
,,info@yellowtech.it,,,,,,,,Smartlead users sheet; SL users validated; campaign_leads_2026-03-23_20-27-04_results - campaign_leads_2026-03-23_20-27-04_results.csv; Imported Leads,Yes,deliverable,No,,,,,,,,,,,,,,,,,,,,,,,,,,,,,,,,,,,,,,,,,,,,,,,,,,,,,,,,,,,,,Information Technology And Services,Europe,Italy,,,,,Lombardy,,Yellow Tech,51-200,Private,Email is valid.,Google Workspace,aspmx.l.google.com,FALSE,,,,,,,,,,,,,,,,,,,,,,,,,,,,No,,,,,,,,,,Smartlead users sheet; SL users validated; campaign_leads_2026-03-23_20-27-04_results - campaign_leads_2026-03-23_20-27-04_results.csv,,,,,,,,,,false,enrich,gmail,"""2026-06-06T10:37:49.763Z""",Gmail / Google Workspace,,,,,,,,,
,,sysadmin+sales@askporter.com,,,,,,,,Smartlead users sheet; SL users validated; campaign_leads_2026-03-23_20-27-04_results - campaign_leads_2026-03-23_20-27-04_results.csv; Imported Leads,No,undeliverable,No,,,,,,,,,,,,,,,,,,,,,,,,,,,,,,,,,,,,,,,,,,,,,,,,,,,,,,,,,,,facebook.com/askporterai,2017,Computer Software,Europe,United Kingdom,,,,sw192hu,,1 Sekeforde Street,Askporter,11-50,Private,Email is valid.,Google Workspace,aspmx.l.google.com,FALSE,,,,,,,,,,,,,,,,,,,,,,,,,,,,No,,,,,,,,,,Smartlead users sheet; SL users validated; campaign_leads_2026-03-23_20-27-04_results - campaign_leads_2026-03-23_20-27-04_results.csv,,,,,,,,,,false,enrich,gmail,"""2026-06-06T10:37:49.685Z""",Gmail / Google Workspace,,,,,,,,,
,,jscullion@westnetlearning.com,,,,,,,,Smartlead users sheet; SL users validated; campaign_leads_2026-03-23_20-27-04_results - campaign_leads_2026-03-23_20-27-04_results.csv; Imported Leads,Yes,deliverable,No,,,,,,,,,,,,,,,,,,,,,,,,,,,,,,,,,,,,,,,,,,,,,,,,,,,,,,,,,,,,,E-learning,North America,United States,,,,80033,,,Westnet Learning,11-50,Private,Email is valid.,Google Workspace,aspmx.l.google.com,FALSE,,,,,,,,,,,,,,,,,,,,,,,,,,,,No,,,,,,,,,,Smartlead users sheet; SL users validated; campaign_leads_2026-03-23_20-27-04_results - campaign_leads_2026-03-23_20-27-04_results.csv,,,,,,,,,,false,enrich,gmail,"""2026-06-06T10:37:49.689Z""",Gmail / Google Workspace,,,,,,,,,
,,rafael@berkmanfinancial.com,,,,,,,,Smartlead users sheet; SL users validated; campaign_leads_2026-03-23_20-27-04_results - campaign_leads_2026-03-23_20-27-04_results.csv; Imported Leads,Yes,deliverable,No,,,,,,,,,,,,,,,,,,,,,,,,,,,,,,,,,,,,,,,,,,,,,,,,,,,,,,,,,,,facebook.com/berkman-financial-915945695098000,2014,Financial Services,North America,United States,New York,New York,"New York, New York, United States",10005,New York,40 Exchange Place,Berkman Financial,11-50,Private,Email is valid.,Google Workspace,aspmx.l.google.com,FALSE,,,,,,,,,,,,,,,,,,,,,,,,,,,,No,,,,,,,,,,Smartlead users sheet; SL users validated; campaign_leads_2026-03-23_20-27-04_results - campaign_leads_2026-03-23_20-27-04_results.csv,,,,,,,,,,false,enrich,gmail,"""2026-06-06T10:37:49.740Z""",Gmail / Google Workspace,,,,,,,,,
,,emilia@tabletcommand.com,,,,,,,,Smartlead users sheet; SL users validated; campaign_leads_2026-03-23_20-27-04_results - campaign_leads_2026-03-23_20-27-04_results.csv; Imported Leads,Yes,deliverable,No,,,,,,,,,,,,,,,,,,,,,,,,,,,,,,,,,,,,,,,,,,,,,,,,,,,,,,,,,,,facebook.com/tabletcommandanandtctrainer,2012,Computer Software,North America,United States,Walnut Creek,Walnut Creek,"Walnut Creek, California, United States",94596,California,1212 Broadway Plaza,Tablet Command,11-50,Private,Email is valid.,Google Workspace,aspmx.l.google.com,FALSE,,,,,,,,,,,,,,,,,,,,,,,,,,,,No,,,,,,,,,,Smartlead users sheet; SL users validated; campaign_leads_2026-03-23_20-27-04_results - campaign_leads_2026-03-23_20-27-04_results.csv,,,,,,,,,,false,enrich,gmail,"""2026-06-06T10:37:49.698Z""",Gmail / Google Workspace,,,,,,,,,
,,ahmedabdelrahman@telemarks.co,,,,,,,,Smartlead users sheet; SL users validated; campaign_leads_2026-03-23_20-27-04_results - campaign_leads_2026-03-23_20-27-04_results.csv; Imported Leads,No,risky,No,,,,,,,,,,,,,,,,,,,,,,,,,,,,,,,,,,,,,,,,,,,,,,,,,,,,,,,,,,,,,,,,,,,,,,,,,Email is valid.,,mx1.hostinger.com,FALSE,,,,,,,,,,,,,,,,,,,,,,,,,,,,No,,,,,,,,,,Smartlead users sheet; SL users validated; campaign_leads_2026-03-23_20-27-04_results - campaign_leads_2026-03-23_20-27-04_results.csv,,,,,,,,,,false,enrich,other,"""2026-06-06T10:37:49.981Z""",Other,,,,,,,,,
,,levin@kundk.co,,,,,,,,Smartlead users sheet; SL users validated; campaign_leads_2026-03-23_20-27-04_results - campaign_leads_2026-03-23_20-27-04_results.csv; Imported Leads,Yes,deliverable,No,,,,,,,,,,,,,,,,,,,,,,,,,,,,,,,,,,,,,,,,,,,,,,,,,,,,,,,,,,,,,Marketing And Advertising,Europe,Germany,Schwäbisch Hall,Schwäbisch Hall,"Schwäbisch Hall, Baden-württemberg, Germany",,Baden-württemberg,,Kundk Gmbh,1-10,Private,Email is valid.,Google Workspace,smtp.google.com,FALSE,,,,,,,,,,,,,,,,,,,,,,,,,,,,No,,,,,,,,,,Smartlead users sheet; SL users validated; campaign_leads_2026-03-23_20-27-04_results - campaign_leads_2026-03-23_20-27-04_results.csv,,,,,,,,,,false,enrich,gmail,"""2026-06-06T10:37:49.657Z""",Gmail / Google Workspace,,,,,,,,,
,,info@alertify.io,,,,,,,,Smartlead users sheet; SL users validated; campaign_leads_2026-03-23_20-27-04_results - campaign_leads_2026-03-23_20-27-04_results.csv; Imported Leads,Yes,deliverable,No,,,,,,,,,,,,,,,,,,,,,,,,,,,,,,,,,,,,,,,,,,,,,,,,,,,,,,,,,,,facebook.com/alertify,,Information Technology And Services,North America,United States,Los Angeles,Los Angeles,"Los Angeles, California, United States",,California,,Alertify,1-10,Private,Email is valid.,Google Workspace,aspmx.l.google.com,FALSE,,,,,,,,,,,,,,,,,,,,,,,,,,,,No,,,,,,,,,,Smartlead users sheet; SL users validated; campaign_leads_2026-03-23_20-27-04_results - campaign_leads_2026-03-23_20-27-04_results.csv,,,,,,,,,,false,enrich,gmail,"""2026-06-06T10:37:49.905Z""",Gmail / Google Workspace,,,,,,,,,
,,jens@adspective.io,,,,,,,,Smartlead users sheet; SL users validated; campaign_leads_2026-03-23_20-27-04_results - campaign_leads_2026-03-23_20-27-04_results.csv; Imported Leads,Yes,deliverable,No,,,,,,,,,,,,,,,,,,,,,,,,,,,,,,,,,,,,,,,,,,,,,,,,,,,,,,,,,,,,,,,,,,,,,,,,,Email is valid.,Google Workspace,smtp.google.com,FALSE,,,,,,,,,,,,,,,,,,,,,,,,,,,,No,,,,,,,,,,Smartlead users sheet; SL users validated; campaign_leads_2026-03-23_20-27-04_results - campaign_leads_2026-03-23_20-27-04_results.csv,,,,,,,,,,false,enrich,gmail,"""2026-06-06T10:37:49.684Z""",Gmail / Google Workspace,,,,,,,,,
,,nikita@iotechnologies.com,,,,,,,,Smartlead users sheet; SL users validated; campaign_leads_2026-03-23_20-27-04_results - campaign_leads_2026-03-23_20-27-04_results.csv; Imported Leads,Yes,deliverable,No,,,,,,,,,,,,,,,,,,,,,,,,,,,,,,,,,,,,,,,,,,,,,,,,,,,,,,,,,,,facebook.com/io.technologies.services,2014,Computer Software,Europe,Ukraine,,,,,Kyiv,,Io Technologies,51-200,Private,Email is valid.,Google Workspace,aspmx.l.google.com,FALSE,,,,,,,,,,,,,,,,,,,,,,,,,,,,No,,,,,,,,,,Smartlead users sheet; SL users validated; campaign_leads_2026-03-23_20-27-04_results - campaign_leads_2026-03-23_20-27-04_results.csv,,,,,,,,,,false,enrich,gmail,"""2026-06-06T10:37:49.701Z""",Gmail / Google Workspace,,,,,,,,,
,,simone@quodigi.it,,,,,,,,Smartlead users sheet; SL users validated; campaign_leads_2026-03-23_20-27-04_results - campaign_leads_2026-03-23_20-27-04_results.csv; Imported Leads,Yes,deliverable,No,,,,,,,,,,,,,,,,,,,,,,,,,,,,,,,,,,,,,,,,,,,,,,,,,,,,,,,,,,,,,,,,,,,,,,,,,Email is valid.,Google Workspace,SMTP.GOOGLE.COM,FALSE,,,,,,,,,,,,,,,,,,,,,,,,,,,,No,,,,,,,,,,Smartlead users sheet; SL users validated; campaign_leads_2026-03-23_20-27-04_results - campaign_leads_2026-03-23_20-27-04_results.csv,,,,,,,,,,false,enrich,gmail,"""2026-06-06T10:37:49.726Z""",Gmail / Google Workspace,,,,,,,,,
,,paolo@kosybooth.com,,,,,,,,Smartlead users sheet; SL users validated; campaign_leads_2026-03-23_20-27-04_results - campaign_leads_2026-03-23_20-27-04_results.csv; Imported Leads,Yes,deliverable,No,,,,,,,,,,,,,,,,,,,,,,,,,,,,,,,,,,,,,,,,,,,,,,,,,,,,,,,,,,,,2023,,Europe,Belgium,Brussels,Brussels,"Brussels, Brussels Hoofdstedelijk Gewest, Belgium",,Brussels Hoofdstedelijk Gewest,,Kosy,1-10,Private,Email is valid.,Google Workspace,aspmx.l.google.com,FALSE,,,,,,,,,,,,,,,,,,,,,,,,,,,,No,,,,,,,,,,Smartlead users sheet; SL users validated; campaign_leads_2026-03-23_20-27-04_results - campaign_leads_2026-03-23_20-27-04_results.csv,,,,,,,,,,false,enrich,gmail,"""2026-06-06T10:37:49.657Z""",Gmail / Google Workspace,,,,,,,,,
,,fraser@elektrafi.io,,,,,,,,Smartlead users sheet; SL users validated; campaign_leads_2026-03-23_20-27-04_results - campaign_leads_2026-03-23_20-27-04_results.csv; Imported Leads,Yes,deliverable,No,,,,,,,,,,,,,,,,,,,,,,,,,,,,,,,,,,,,,,,,,,,,,,,,,,,,,,,,,,,,,Internet,North America,Canada,Vancouver,Vancouver,"Vancouver, British Columbia, Canada",v6j 1m8,British Columbia,202-1965 West 4th Avenue,Elektrafi,11-50,Private,Email is valid.,Google Workspace,aspmx.l.google.com,FALSE,,,,,,,,,,,,,,,,,,,,,,,,,,,,No,,,,,,,,,,Smartlead users sheet; SL users validated; campaign_leads_2026-03-23_20-27-04_results - campaign_leads_2026-03-23_20-27-04_results.csv,,,,,,,,,,false,enrich,gmail,"""2026-06-06T10:37:49.657Z""",Gmail / Google Workspace,,,,,,,,,
,,ivan@warmly.ai,,,,,,,,Smartlead users sheet; SL users validated; campaign_leads_2026-03-23_20-27-04_results - campaign_leads_2026-03-23_20-27-04_results.csv; Imported Leads,No,undeliverable,No,,,,,,,,,,,,,,,,,,,,,,,,,,,,,,,,,,,,,,,,,,,,,,,,,,,,,,,,,,,facebook.com/warmlycomma,2020,Computer Software,North America,United States,San Francisco,San Francisco,"San Francisco, California, United States",,California,,"Warmly,",11-50,Private,Email is valid.,Google Workspace,aspmx.l.google.com,FALSE,,,,,,,,,,,,,,,,,,,,,,,,,,,,No,,,,,,,,,,Smartlead users sheet; SL users validated; campaign_leads_2026-03-23_20-27-04_results - campaign_leads_2026-03-23_20-27-04_results.csv,,,,,,,,,,false,enrich,gmail,"""2026-06-06T10:37:49.678Z""",Gmail / Google Workspace,,,,,,,,,
,,ivan@cdna.design,,,,,,,,Smartlead users sheet; SL users validated; campaign_leads_2026-03-23_20-27-04_results - campaign_leads_2026-03-23_20-27-04_results.csv; Imported Leads,Yes,deliverable,No,,,,,,,,,,,,,,,,,,,,,,,,,,,,,,,,,,,,,,,,,,,,,,,,,,,,,,,,,,,,,,,,,,,,,,,,,Email is valid.,Google Workspace,aspmx.l.google.com,FALSE,,,,,,,,,,,,,,,,,,,,,,,,,,,,No,,,,,,,,,,Smartlead users sheet; SL users validated; campaign_leads_2026-03-23_20-27-04_results - campaign_leads_2026-03-23_20-27-04_results.csv,,,,,,,,,,false,enrich,gmail,"""2026-06-06T10:37:49.689Z""",Gmail / Google Workspace,,,,,,,,,
,,daniel@leadhq.io,,,,,,,,Smartlead users sheet; SL users validated; campaign_leads_2026-03-23_20-27-04_results - campaign_leads_2026-03-23_20-27-04_results.csv; Imported Leads,Yes,deliverable,No,,,,,,,,,,,,,,,,,,,,,,,,,,,,,,,,,,,,,,,,,,,,,,,,,,,,,,,,,,,,2018,Marketing And Advertising,Europe,Netherlands,Amsterdam,Amsterdam,"Amsterdam, North Holland, Netherlands",1043 ah,North Holland,20 Rhoneweg,Leadhq,11-50,Private,Email is valid.,Google Workspace,aspmx.l.google.com,FALSE,,,,,,,,,,,,,,,,,,,,,,,,,,,,No,,,,,,,,,,Smartlead users sheet; SL users validated; campaign_leads_2026-03-23_20-27-04_results - campaign_leads_2026-03-23_20-27-04_results.csv,,,,,,,,,,false,enrich,gmail,"""2026-06-06T10:37:49.678Z""",Gmail / Google Workspace,,,,,,,,,
,,andrewlg@daylightcomputer.com,,,,,,,,Smartlead users sheet; SL users validated; campaign_leads_2026-03-23_20-27-04_results - campaign_leads_2026-03-23_20-27-04_results.csv; Imported Leads,Yes,deliverable,No,,,,,,,,,,,,,,,,,,,,,,,,,,,,,,,,,,,,,,,,,,,,,,,,,,,,,,,,,,,,,Computer Hardware,North America,United States,San Francisco,San Francisco,"San Francisco, California, United States",94110,California,430 Shotwell Street,Daylight Computer Co.,1-10,Private,Email is valid.,Google Workspace,smtp.google.com,FALSE,,,,,,,,,,,,,,,,,,,,,,,,,,,,No,,,,,,,,,,Smartlead users sheet; SL users validated; campaign_leads_2026-03-23_20-27-04_results - campaign_leads_2026-03-23_20-27-04_results.csv,,,,,,,,,,false,enrich,gmail,"""2026-06-06T10:37:49.892Z""",Gmail / Google Workspace,,,,,,,,,
,,info@greenpointms.com,,,,,,,,Smartlead users sheet; SL users validated; campaign_leads_2026-03-23_20-27-04_results - campaign_leads_2026-03-23_20-27-04_results.csv; Imported Leads,Yes,deliverable,No,,,,,,,,,,,,,,,,,,,,,,,,,,,,,,,,,,,,,,,,,,,,,,,,,,,,,,,,,,,,,,,,,,,,,,,,,Email is valid.,Google Workspace,aspmx.l.google.com,FALSE,,,,,,,,,,,,,,,,,,,,,,,,,,,,No,,,,,,,,,,Smartlead users sheet; SL users validated; campaign_leads_2026-03-23_20-27-04_results - campaign_leads_2026-03-23_20-27-04_results.csv,,,,,,,,,,false,enrich,gmail,"""2026-06-06T10:37:49.898Z""",Gmail / Google Workspace,,,,,,,,,
,,nick@feltmarketingsolutions.com,,,,,,,,Smartlead users sheet; SL users validated; campaign_leads_2026-03-23_20-27-04_results - campaign_leads_2026-03-23_20-27-04_results.csv; Imported Leads,Yes,deliverable,No,,,,,,,,,,,,,,,,,,,,,,,,,,,,,,,,,,,,,,,,,,,,,,,,,,,,,,,,,,,facebook.com/feltmarketingsolutions,2019,Marketing And Advertising,North America,United States,Bay Shore,Bay Shore,"Bay Shore, New York, United States",11706,New York,,Felt Marketing Solutions,1-10,Private,Email is valid.,Google Workspace,aspmx.l.google.com,FALSE,,,,,,,,,,,,,,,,,,,,,,,,,,,,No,,,,,,,,,,Smartlead users sheet; SL users validated; campaign_leads_2026-03-23_20-27-04_results - campaign_leads_2026-03-23_20-27-04_results.csv,,,,,,,,,,false,enrich,gmail,"""2026-06-06T10:37:49.874Z""",Gmail / Google Workspace,,,,,,,,,
,,ricardo@axedia.co,,,,,,,,Smartlead users sheet; SL users validated; campaign_leads_2026-03-23_20-27-04_results - campaign_leads_2026-03-23_20-27-04_results.csv; Imported Leads,Yes,deliverable,No,,,,,,,,,,,,,,,,,,,,,,,,,,,,,,,,,,,,,,,,,,,,,,,,,,,,,,,,,,,,,,,,,,,,,,,,,Email is valid.,Google Workspace,ASPMX.L.GOOGLE.COM,FALSE,,,,,,,,,,,,,,,,,,,,,,,,,,,,No,,,,,,,,,,Smartlead users sheet; SL users validated; campaign_leads_2026-03-23_20-27-04_results - campaign_leads_2026-03-23_20-27-04_results.csv,,,,,,,,,,false,enrich,gmail,"""2026-06-06T10:37:49.689Z""",Gmail / Google Workspace,,,,,,,,,
,,antoniogcaro@vicaromarketing.com,,,,,,,,Smartlead users sheet; SL users validated; campaign_leads_2026-03-23_20-27-04_results - campaign_leads_2026-03-23_20-27-04_results.csv; Imported Leads,Yes,deliverable,No,,,,,,,,,,,,,,,,,,,,,,,,,,,,,,,,,,,,,,,,,,,,,,,,,,,,,,,,,,,,,Marketing And Advertising,Europe,Spain,Malaga,Malaga,"Malaga, Andalucia, Spain",,Andalucia,,Vicaro Marketing,1-10,Private,Email is valid.,,vicaromarketing.com,FALSE,,,,,,,,,,,,,,,,,,,,,,,,,,,,No,,,,,,,,,,Smartlead users sheet; SL users validated; campaign_leads_2026-03-23_20-27-04_results - campaign_leads_2026-03-23_20-27-04_results.csv,,,,,,,,,,false,enrich,other,"""2026-06-06T10:37:49.737Z""",Other,,,,,,,,,
,,ben@mercha.com.au,,,,,,,,Smartlead users sheet; SL users validated; campaign_leads_2026-03-23_20-27-04_results - campaign_leads_2026-03-23_20-27-04_results.csv; Imported Leads,Yes,deliverable,No,,,,,,,,,,,,,,,,,,,,,,,,,,,,,,,,,,,,,,,,,,,,,,,,,,,,,,,,,,,facebook.com/wearemercha,2022,Information Technology And Services,Oceania,Australia,Sydney,Sydney,"Sydney, New South Wales, Australia",,New South Wales,,Mercha.com.au,1-10,Private,Email is valid.,Google Workspace,smtp.google.com,FALSE,,,,,,,,,,,,,,,,,,,,,,,,,,,,No,,,,,,,,,,Smartlead users sheet; SL users validated; campaign_leads_2026-03-23_20-27-04_results - campaign_leads_2026-03-23_20-27-04_results.csv,,,,,,,,,,false,enrich,gmail,"""2026-06-06T10:37:49.685Z""",Gmail / Google Workspace,,,,,,,,,
,,admin@brth.io,,,,,,,,Smartlead users sheet; SL users validated; campaign_leads_2026-03-23_20-27-04_results - campaign_leads_2026-03-23_20-27-04_results.csv; Imported Leads,Yes,deliverable,No,,,,,,,,,,,,,,,,,,,,,,,,,,,,,,,,,,,,,,,,,,,,,,,,,,,,,,,,,,,,,,,,,,,,,,,,,Email is valid.,Google Workspace,aspmx.l.google.com,FALSE,,,,,,,,,,,,,,,,,,,,,,,,,,,,No,,,,,,,,,,Smartlead users sheet; SL users validated; campaign_leads_2026-03-23_20-27-04_results - campaign_leads_2026-03-23_20-27-04_results.csv,,,,,,,,,,false,enrich,gmail,"""2026-06-06T10:37:49.678Z""",Gmail / Google Workspace,,,,,,,,,
,,ben.staveley@heyflow.com,,,,,,,,Smartlead users sheet; SL users validated; campaign_leads_2026-03-23_20-27-04_results - campaign_leads_2026-03-23_20-27-04_results.csv; Imported Leads,Yes,deliverable,No,,,,,,,,,,,,,,,,,,,,,,,,,,,,,,,,,,,,,,,,,,,,,,,,,,,,,,,,,,,,2020,Computer Software,Europe,Germany,,,,,Hamburg,49 Jungfernstieg,Heyflow,51-200,Private,Email is valid.,Google Workspace,aspmx.l.google.com,FALSE,,,,,,,,,,,,,,,,,,,,,,,,,,,,No,,,,,,,,,,Smartlead users sheet; SL users validated; campaign_leads_2026-03-23_20-27-04_results - campaign_leads_2026-03-23_20-27-04_results.csv,,,,,,,,,,false,enrich,gmail,"""2026-06-06T10:37:49.678Z""",Gmail / Google Workspace,,,,,,,,,
,,nick@kingcaller.ai,,,,,,,,Smartlead users sheet; SL users validated; campaign_leads_2026-03-23_20-27-04_results - campaign_leads_2026-03-23_20-27-04_results.csv; Imported Leads,Yes,deliverable,No,,,,,,,,,,,,,,,,,,,,,,,,,,,,,,,,,,,,,,,,,,,,,,,,,,,,,,,,,,,,,,,,,,,,,,,,,Email is valid.,Google Workspace,smtp.google.com,FALSE,,,,,,,,,,,,,,,,,,,,,,,,,,,,No,,,,,,,,,,Smartlead users sheet; SL users validated; campaign_leads_2026-03-23_20-27-04_results - campaign_leads_2026-03-23_20-27-04_results.csv,,,,,,,,,,false,enrich,gmail,"""2026-06-06T10:37:49.685Z""",Gmail / Google Workspace,,,,,,,,,
,,zackerymessenger@gmail.com,,,,,,,,Smartlead users sheet; SL users validated; campaign_leads_2026-03-23_20-27-04_results - campaign_leads_2026-03-23_20-27-04_results.csv; Imported Leads,No,risky,No,,,,,,,,,,,,,,,,,,,,,,,,,,,,,,,,,,,,,,,,,,,,,,,,,,,,,,,,,,,,,,,,,,,,,,,,,Email is valid.,Google Workspace,gmail-smtp-in.l.google.com,FALSE,,,,,,,,,,,,,,,,,,,,,,,,,,,,No,,,,,,,,,,Smartlead users sheet; SL users validated; campaign_leads_2026-03-23_20-27-04_results - campaign_leads_2026-03-23_20-27-04_results.csv,,,,,,,,,,false,enrich,gmail,"""2026-06-06T10:37:49.559Z""",Gmail / Google Workspace,,,,,,,,,
,,contact@tmz-software.com,,,,,,,,Smartlead users sheet; SL users validated; campaign_leads_2026-03-23_20-27-04_results - campaign_leads_2026-03-23_20-27-04_results.csv; Imported Leads,Yes,deliverable,No,,,,,,,,,,,,,,,,,,,,,,,,,,,,,,,,,,,,,,,,,,,,,,,,,,,,,,,,,,,,2021,Computer Software,Europe,Romania,Timişoara,Timişoara,"Timişoara, Timiş, Romania",,Timiş,,Tmz Software,1-10,Private,Email is valid.,Google Workspace,ASPMX.L.GOOGLE.com,FALSE,,,,,,,,,,,,,,,,,,,,,,,,,,,,No,,,,,,,,,,Smartlead users sheet; SL users validated; campaign_leads_2026-03-23_20-27-04_results - campaign_leads_2026-03-23_20-27-04_results.csv,,,,,,,,,,false,enrich,gmail,"""2026-06-06T10:37:49.684Z""",Gmail / Google Workspace,,,,,,,,,
,,lucas.duque@probookleads.com,,,,,,,,Smartlead users sheet; SL users validated; campaign_leads_2026-03-23_20-27-04_results - campaign_leads_2026-03-23_20-27-04_results.csv; Imported Leads,Yes,deliverable,No,,,,,,,,,,,,,,,,,,,,,,,,,,,,,,,,,,,,,,,,,,,,,,,,,,,,,,,,,,,,,,,,,,,,,,,,,Email is valid.,Google Workspace,aspmx.l.google.com,FALSE,,,,,,,,,,,,,,,,,,,,,,,,,,,,No,,,,,,,,,,Smartlead users sheet; SL users validated; campaign_leads_2026-03-23_20-27-04_results - campaign_leads_2026-03-23_20-27-04_results.csv,,,,,,,,,,false,enrich,gmail,"""2026-06-06T10:37:49.714Z""",Gmail / Google Workspace,,,,,,,,,
,,dylan@thecoldemailagency.com,,,,,,,,Smartlead users sheet; SL users validated; campaign_leads_2026-03-23_20-27-04_results - campaign_leads_2026-03-23_20-27-04_results.csv; Imported Leads,Yes,deliverable,No,,,,,,,,,,,,,,,,,,,,,,,,,,,,,,,,,,,,,,,,,,,,,,,,,,,,,,,,,,,,,,,,,,,,,,,,,Email is valid.,Zoho Mail,mx.zoho.com,FALSE,,,,,,,,,,,,,,,,,,,,,,,,,,,,No,,,,,,,,,,Smartlead users sheet; SL users validated; campaign_leads_2026-03-23_20-27-04_results - campaign_leads_2026-03-23_20-27-04_results.csv,,,,,,,,,,false,enrich,zoho,"""2026-06-06T10:37:49.685Z""",Zoho Mail,,,,,,,,,
,,ali@synapseint.com,,,,,,,,Smartlead users sheet; SL users validated; campaign_leads_2026-03-23_20-27-04_results - campaign_leads_2026-03-23_20-27-04_results.csv; Imported Leads,Yes,deliverable,No,,,,,,,,,,,,,,,,,,,,,,,,,,,,,,,,,,,,,,,,,,,,,,,,,,,,,,,,,,,facebook.com/synapseint,2013,Information Technology And Services,North America,United States,Los Angeles,Los Angeles,"Los Angeles, California, United States",90292,California,,Synapse International,11-50,Private,Email is valid.,Google Workspace,aspmx.l.google.com,FALSE,,,,,,,,,,,,,,,,,,,,,,,,,,,,No,,,,,,,,,,Smartlead users sheet; SL users validated; campaign_leads_2026-03-23_20-27-04_results - campaign_leads_2026-03-23_20-27-04_results.csv,,,,,,,,,,false,enrich,gmail,"""2026-06-06T10:37:49.697Z""",Gmail / Google Workspace,,,,,,,,,
,,hamza.khan@routify.ai,,,,,,,,Smartlead users sheet; SL users validated; campaign_leads_2026-03-23_20-27-04_results - campaign_leads_2026-03-23_20-27-04_results.csv; Imported Leads,Yes,deliverable,No,,,,,,,,,,,,,,,,,,,,,,,,,,,,,,,,,,,,,,,,,,,,,,,,,,,,,,,,,,,,2023,Transportation/trucking/railroad,Asia,Pakistan,Karachi,Karachi,"Karachi, Sindh, Pakistan",,Sindh,,Routify,1-10,Private,Email is valid.,Google Workspace,smtp.google.com,FALSE,,,,,,,,,,,,,,,,,,,,,,,,,,,,No,,,,,,,,,,Smartlead users sheet; SL users validated; campaign_leads_2026-03-23_20-27-04_results - campaign_leads_2026-03-23_20-27-04_results.csv,,,,,,,,,,false,enrich,gmail,"""2026-06-06T10:37:49.892Z""",Gmail / Google Workspace,,,,,,,,,
,,info@leadvelocity.nl,,,,,,,,Smartlead users sheet; SL users validated; campaign_leads_2026-03-23_20-27-04_results - campaign_leads_2026-03-23_20-27-04_results.csv; Imported Leads,Yes,deliverable,No,,,,,15,,187.50,,,,,,,,,,,,,,,,,,,,,,,,,,,,,,,,,,,0,,,,,2026-04,0.00,,0.00,,,,,,,,,,2022,Information Services,,,,,,,,,Lead Velocity,1-10,Private,Email is valid.,Google Workspace,aspmx.l.google.com,FALSE,,,,,,1,,,,,,,,,,,none,none,,,,,,,,,,No,,,,,,,,0.00,,Smartlead users sheet; SL users validated; campaign_leads_2026-03-23_20-27-04_results - campaign_leads_2026-03-23_20-27-04_results.csv,,LeadVelocity,,2,0.00,187.50,,187.50,0.00,false,enrich,gmail,"""2026-06-06T10:37:49.685Z""",Gmail / Google Workspace,,,,,,,,,
,,milica@bizdelics.com,,,,,,,,Smartlead users sheet; SL users validated; campaign_leads_2026-03-23_20-27-04_results - campaign_leads_2026-03-23_20-27-04_results.csv; Imported Leads,No,risky,No,,,,,,,,,,,,,,,,,,,,,,,,,,,,,,,,,,,,,,,,,,,,,,,,,,,,,,,,,,,,,Publishing,,,,,,,,,Bizdelics,1-10,Private,Email is valid.,Google Workspace,aspmx.l.google.com,FALSE,,,,,,,,,,,,,,,,,,,,,,,,,,,,No,,,,,,,,,,Smartlead users sheet; SL users validated; campaign_leads_2026-03-23_20-27-04_results - campaign_leads_2026-03-23_20-27-04_results.csv,,,,,,,,,,false,enrich,gmail,"""2026-06-06T10:37:49.630Z""",Gmail / Google Workspace,,,,,,,,,
,,kevin.a.gonzalez@quik-tow-llc.net,,,,,,,,Smartlead users sheet; SL users validated; campaign_leads_2026-03-23_20-27-04_results - campaign_leads_2026-03-23_20-27-04_results.csv; Imported Leads,Yes,deliverable,No,,,,,,,,,,,,,,,,,,,,,,,,,,,,,,,,,,,,,,,,,,,,,,,,,,,,,,,,,,,,,,,,,,,,,,,,,Email is valid.,Google Workspace,smtp.google.com,FALSE,,,,,,,,,,,,,,,,,,,,,,,,,,,,No,,,,,,,,,,Smartlead users sheet; SL users validated; campaign_leads_2026-03-23_20-27-04_results - campaign_leads_2026-03-23_20-27-04_results.csv,,,,,,,,,,false,enrich,gmail,"""2026-06-06T10:37:49.678Z""",Gmail / Google Workspace,,,,,,,,,
,,aaron@leadforceagency.com,,,,,,,,Smartlead users sheet; SL users validated; campaign_leads_2026-03-23_20-27-04_results - campaign_leads_2026-03-23_20-27-04_results.csv; Imported Leads,Yes,deliverable,No,,,,,,,,,,,,,,,,,,,,,,,,,,,,,,,,,,,,,,,,,,,,,,,,,,,,,,,,,,,,,,,,,,,,,,,,,Email is valid.,Google Workspace,aspmx.l.google.com,FALSE,,,,,,,,,,,,,,,,,,,,,,,,,,,,No,,,,,,,,,,Smartlead users sheet; SL users validated; campaign_leads_2026-03-23_20-27-04_results - campaign_leads_2026-03-23_20-27-04_results.csv,,,,,,,,,,false,enrich,gmail,"""2026-06-06T10:37:49.713Z""",Gmail / Google Workspace,,,,,,,,,
,,brian@wolfautomations.com,,,,,,,,Smartlead users sheet; SL users validated; campaign_leads_2026-03-23_20-27-04_results - campaign_leads_2026-03-23_20-27-04_results.csv; Imported Leads,Yes,deliverable,No,,,,,,,,,,,,,,,,,,,,,,,,,,,,,,,,,,,,,,,,,,,,,,,,,,,,,,,,,,,,,,,,,,,,,,,,,Email is valid.,Google Workspace,smtp.google.com,FALSE,,,,,,,,,,,,,,,,,,,,,,,,,,,,No,,,,,,,,,,Smartlead users sheet; SL users validated; campaign_leads_2026-03-23_20-27-04_results - campaign_leads_2026-03-23_20-27-04_results.csv,,,,,,,,,,false,enrich,gmail,"""2026-06-06T10:37:49.690Z""",Gmail / Google Workspace,,,,,,,,,
,,info@lawyerbookbuilder.com,,,,,,,,Smartlead users sheet; SL users validated; campaign_leads_2026-03-23_20-27-04_results - campaign_leads_2026-03-23_20-27-04_results.csv; Imported Leads,Yes,deliverable,No,,,,,,,,,,,,,,,,,,,,,,,,,,,,,,,,,,,,,,,,,,,,,,,,,,,,,,,,,,,,2019,Legal Services,North America,United States,Fort Lauderdale,Fort Lauderdale,"Fort Lauderdale, Florida, United States",,Florida,,Lawyer Bookbuilder®,1-10,Private,Email is valid.,Google Workspace,smtp.google.com,FALSE,,,,,,,,,,,,,,,,,,,,,,,,,,,,No,,,,,,,,,,Smartlead users sheet; SL users validated; campaign_leads_2026-03-23_20-27-04_results - campaign_leads_2026-03-23_20-27-04_results.csv,,,,,,,,,,false,enrich,gmail,"""2026-06-06T10:37:49.657Z""",Gmail / Google Workspace,,,,,,,,,
,,gian@wherefit.com,,,,,,,,Smartlead users sheet; SL users validated; campaign_leads_2026-03-23_20-27-04_results - campaign_leads_2026-03-23_20-27-04_results.csv; Imported Leads,Yes,deliverable,No,,,,,,,,,,,,,,,,,,,,,,,,,,,,,,,,,,,,,,,,,,,,,,,,,,,,,,,,,,,facebook.com/wherefit,2017,"Health, Wellness And Fitness",Oceania,Australia,,,,,,11 York Street,Wherefit,11-50,Private,Email is valid.,Google Workspace,aspmx.l.google.com,FALSE,,,,,,,,,,,,,,,,,,,,,,,,,,,,No,,,,,,,,,,Smartlead users sheet; SL users validated; campaign_leads_2026-03-23_20-27-04_results - campaign_leads_2026-03-23_20-27-04_results.csv,,,,,,,,,,false,enrich,gmail,"""2026-06-06T10:37:49.657Z""",Gmail / Google Workspace,,,,,,,,,
,,bhawn@isgpartners.com,,,,,,,,Smartlead users sheet; SL users validated; campaign_leads_2026-03-23_20-27-04_results - campaign_leads_2026-03-23_20-27-04_results.csv; Imported Leads,Yes,deliverable,No,,,,,,,,,,,,,,,,,,,,,,,,,,,,,,,,,,,,,,,,,,,,,,,,,,,,,,,,,,,facebook.com/staffingwithisgpartners,2010,Staffing And Recruiting,North America,United States,Atlanta,Atlanta,"Atlanta, Georgia, United States",30305,Georgia,400 Piedmont Road Northeast Building,Isg Partners,11-50,Private,Email is valid.,Google Workspace,aspmx.l.google.com,FALSE,,,,,,,,,,,,,,,,,,,,,,,,,,,,No,,,,,,,,,,Smartlead users sheet; SL users validated; campaign_leads_2026-03-23_20-27-04_results - campaign_leads_2026-03-23_20-27-04_results.csv,,,,,,,,,,false,enrich,gmail,"""2026-06-06T10:37:49.727Z""",Gmail / Google Workspace,,,,,,,,,
,,shoh@shohmarketing.com,,,,,,,,Smartlead users sheet; SL users validated; campaign_leads_2026-03-23_20-27-04_results - campaign_leads_2026-03-23_20-27-04_results.csv; Imported Leads,No,risky,No,,,,,,,,,,,,,,,,,,,,,,,,,,,,,,,,,,,,,,,,,,,,,,,,,,,,,,,,,,,,,,,,,,,,,,,,,Email is valid.,,mx1.hostinger.com,FALSE,,,,,,,,,,,,,,,,,,,,,,,,,,,,No,,,,,,,,,,Smartlead users sheet; SL users validated; campaign_leads_2026-03-23_20-27-04_results - campaign_leads_2026-03-23_20-27-04_results.csv,,,,,,,,,,false,enrich,other,"""2026-06-06T10:37:50.241Z""",Other,,,,,,,,,
,,stephan@fedicom.net,,,,,,,,Smartlead users sheet; SL users validated; campaign_leads_2026-03-23_20-27-04_results - campaign_leads_2026-03-23_20-27-04_results.csv; Imported Leads,Yes,deliverable,No,,,,,,,,,,,,,,,,,,,,,,,,,,,,,,,,,,,,,,,,,,,,,,,,,,,,,,,,,,,,,,,,,,,,,,,,,Email is valid.,,mx01.ionos.de,FALSE,,,,,,,,,,,,,,,,,,,,,,,,,,,,No,,,,,,,,,,Smartlead users sheet; SL users validated; campaign_leads_2026-03-23_20-27-04_results - campaign_leads_2026-03-23_20-27-04_results.csv,,,,,,,,,,false,enrich,gmail,"""2026-06-06T10:37:49.737Z""",Gmail / Google Workspace,,,,,,,,,
,,donny@alreadybeenchewed.tv,,,,,,,,Smartlead users sheet; SL users validated; campaign_leads_2026-03-23_20-27-04_results - campaign_leads_2026-03-23_20-27-04_results.csv; Imported Leads,Yes,deliverable,No,,,,,,,,,,,,,,,,,,,,,,,,,,,,,,,,,,,,,,,,,,,,,,,,,,,,,,,,,,,facebook.com/alreadybeenchewed,2010,Graphic Design,,,,,,,,,Alreadybeenchewed.tv,11-50,Private,Email is valid.,Google Workspace,aspmx.l.google.com,FALSE,,,,,,,,,,,,,,,,,,,,,,,,,,,,No,,,,,,,,,,Smartlead users sheet; SL users validated; campaign_leads_2026-03-23_20-27-04_results - campaign_leads_2026-03-23_20-27-04_results.csv,,,,,,,,,,false,enrich,gmail,"""2026-06-06T10:37:49.685Z""",Gmail / Google Workspace,,,,,,,,,
,,dd@roostedhr.com,,,,,,,,Smartlead users sheet; SL users validated; campaign_leads_2026-03-23_20-27-04_results - campaign_leads_2026-03-23_20-27-04_results.csv; Imported Leads,Yes,deliverable,No,,,,,,,,,,,,,,,,,,,,,,,,,,,,,,,,,,,,,,,,,,,,,,,,,,,,,,,,,,,facebook.com/schedulehead,2011,Internet,North America,United States,Los Angeles,Los Angeles,"Los Angeles, California, United States",,California,,Roosted,11-50,Private,Email is valid.,Google Workspace,aspmx.l.google.com,FALSE,,,,,,,,,,,,,,,,,,,,,,,,,,,,No,,,,,,,,,,Smartlead users sheet; SL users validated; campaign_leads_2026-03-23_20-27-04_results - campaign_leads_2026-03-23_20-27-04_results.csv,,,,,,,,,,false,enrich,gmail,"""2026-06-06T10:37:49.685Z""",Gmail / Google Workspace,,,,,,,,,
,,joshua@ppmanagement.com,,,,,,,,Smartlead users sheet; SL users validated; campaign_leads_2026-03-23_20-27-04_results - campaign_leads_2026-03-23_20-27-04_results.csv; Imported Leads,Yes,deliverable,No,,,,,,,,,,,,,,,,,,,,,,,,,,,,,,,,,,,,,,,,,,,,,,,,,,,,,,,,,,,,,Professional Training & Coaching,North America,United States,Slidell,Slidell,"Slidell, Louisiana, United States",,Louisiana,,Pinpoint Management,1-10,Private,Email is valid.,Google Workspace,aspmx.l.google.com,FALSE,,,,,,,,,,,,,,,,,,,,,,,,,,,,No,,,,,,,,,,Smartlead users sheet; SL users validated; campaign_leads_2026-03-23_20-27-04_results - campaign_leads_2026-03-23_20-27-04_results.csv,,,,,,,,,,false,enrich,gmail,"""2026-06-06T10:37:49.707Z""",Gmail / Google Workspace,,,,,,,,,
,,major@major.holdings,,,,,,,,Smartlead users sheet; SL users validated; campaign_leads_2026-03-23_20-27-04_results - campaign_leads_2026-03-23_20-27-04_results.csv; Imported Leads,Yes,deliverable,No,,,,,,,,,,,,,,,,,,,,,,,,,,,,,,,,,,,,,,,,,,,,,,,,,,,,,,,,,,,,2016,Venture Capital & Private Equity,North America,United States,Louisville,Louisville,"Louisville, Kentucky, United States",40206,Kentucky,900 East Main Street,Major Holdings,1-10,Private,Email is valid.,Google Workspace,aspmx.l.google.com,FALSE,,,,,,,,,,,,,,,,,,,,,,,,,,,,No,,,,,,,,,,Smartlead users sheet; SL users validated; campaign_leads_2026-03-23_20-27-04_results - campaign_leads_2026-03-23_20-27-04_results.csv,,,,,,,,,,false,enrich,gmail,"""2026-06-06T10:37:49.697Z""",Gmail / Google Workspace,,,,,,,,,
Tina,Cruz,tina@rcdigital.us,RC Digital,Co-Owner,,,,,https://www.linkedin.com/in/tinascruz/,Smartlead users sheet; SL users validated; campaign_leads_2026-03-23_20-27-04_results - campaign_leads_2026-03-23_20-27-04_results.csv; Imported Leads,Yes,deliverable,No,,,,,rcdigital.us,,,,,,,,,,,,,,,,,,,,,,,,,,,,,,,,,,,,,,,,,,,,,,,,,,,,,,,,,,,,,,,,,,,,,,,,"Austin, Texas Metropolitan Area, United States",gmail,"""2026-03-31T21:06:07.219Z""",Google Workspace,,,,,,,,,,,,,,,,,,,,,,,,No,No,,,,,,,,,Smartlead users sheet; SL users validated; campaign_leads_2026-03-23_20-27-04_results - campaign_leads_2026-03-23_20-27-04_results.csv; Imported Leads,Imported Leads; SL Users,,,,,,,,,false,enrich,gmail,"""2026-06-06T10:37:49.702Z""",Gmail / Google Workspace,,,,,,,,,
,,tobyfrombrick@gmail.com,,,,,,,,Smartlead users sheet; SL users validated; campaign_leads_2026-03-23_20-27-04_results - campaign_leads_2026-03-23_20-27-04_results.csv; Imported Leads,No,risky,No,,,,,,,,,,,,,,,,,,,,,,,,,,,,,,,,,,,,,,,,,,,,,,,,,,,,,,,,,,,,,,,,,,,,,,,,,Email is valid.,Google Workspace,gmail-smtp-in.l.google.com,FALSE,,,,,,,,,,,,,,,,,,,,,,,,,,,,No,,,,,,,,,,Smartlead users sheet; SL users validated; campaign_leads_2026-03-23_20-27-04_results - campaign_leads_2026-03-23_20-27-04_results.csv,,,,,,,,,,false,enrich,gmail,"""2026-06-06T10:37:49.559Z""",Gmail / Google Workspace,,,,,,,,,
,,sonia@version.so,,,,,,,,Smartlead users sheet; SL users validated; campaign_leads_2026-03-23_20-27-04_results - campaign_leads_2026-03-23_20-27-04_results.csv; Imported Leads,Yes,deliverable,No,,,,,,,,,,,,,,,,,,,,,,,,,,,,,,,,,,,,,,,,,,,,,,,,,,,,,,,,,,,,,Marketing And Advertising,,,,,,,,,Version Seo,11-50,Private,Email is valid.,Google Workspace,aspmx.l.google.com,FALSE,,,,,,,,,,,,,,,,,,,,,,,,,,,,No,,,,,,,,,,Smartlead users sheet; SL users validated; campaign_leads_2026-03-23_20-27-04_results - campaign_leads_2026-03-23_20-27-04_results.csv,,,,,,,,,,false,enrich,gmail,"""2026-06-06T10:37:49.657Z""",Gmail / Google Workspace,,,,,,,,,
,,john@odi7.com,,,,,,,,Smartlead users sheet; SL users validated; campaign_leads_2026-03-23_20-27-04_results - campaign_leads_2026-03-23_20-27-04_results.csv; Imported Leads,Yes,deliverable,No,,,,,,,,,,,,,,,,,,,,,,,,,,,,,,,,,,,,,,,,,,,,,,,,,,,,,,,,,,,,2020,Design,Oceania,Australia,Sydney,Sydney,"Sydney, New South Wales, Australia",,New South Wales,,Odi7,1-10,Private,Email is valid.,Google Workspace,alt1.aspmx.l.google.com,FALSE,,,,,,,,,,,,,,,,,,,,,,,,,,,,No,,,,,,,,,,Smartlead users sheet; SL users validated; campaign_leads_2026-03-23_20-27-04_results - campaign_leads_2026-03-23_20-27-04_results.csv,,,,,,,,,,false,enrich,gmail,"""2026-06-06T10:37:49.685Z""",Gmail / Google Workspace,,,,,,,,,
,,robin.vervisch@gmail.com,,,,,,,,Smartlead users sheet; SL users validated; campaign_leads_2026-03-23_20-27-04_results - campaign_leads_2026-03-23_20-27-04_results.csv; Imported Leads,No,risky,No,,,,,,,,,,,,,,,,,,,,,,,,,,,,,,,,,,,,,,,,,,,,,,,,,,,,,,,,,,,,,,,,,,,,,,,,,Email is valid.,Google Workspace,gmail-smtp-in.l.google.com,FALSE,,,,,,,,,,,,,,,,,,,,,,,,,,,,No,,,,,,,,,,Smartlead users sheet; SL users validated; campaign_leads_2026-03-23_20-27-04_results - campaign_leads_2026-03-23_20-27-04_results.csv,,,,,,,,,,false,enrich,gmail,"""2026-06-06T10:37:49.559Z""",Gmail / Google Workspace,,,,,,,,,
,,john@designmemarketing.com,,,,,,,,Smartlead users sheet; SL users validated; campaign_leads_2026-03-23_20-27-04_results - campaign_leads_2026-03-23_20-27-04_results.csv; Imported Leads,Yes,deliverable,No,,,,,,,,,,,,,,,,,,,,,,,,,,,,,,,,,,,,,,,,,,,,,,,,,,,,,,,,,,,facebook.com/designmemarketing,2012,Marketing And Advertising,North America,United States,Deer Park,Deer Park,"Deer Park, New York, United States",11729,New York,375 Commack Road,Design Me Marketing,11-50,Private,Email is valid.,Google Workspace,aspmx.l.google.com,FALSE,,,,,,,,,,,,,,,,,,,,,,,,,,,,No,,,,,,,,,,Smartlead users sheet; SL users validated; campaign_leads_2026-03-23_20-27-04_results - campaign_leads_2026-03-23_20-27-04_results.csv,,,,,,,,,,false,enrich,gmail,"""2026-06-06T10:37:49.874Z""",Gmail / Google Workspace,,,,,,,,,
,,help@serviceagent.ai,,,,,,,,Smartlead users sheet; SL users validated; campaign_leads_2026-03-23_20-27-04_results - campaign_leads_2026-03-23_20-27-04_results.csv; Imported Leads,Yes,deliverable,No,,,,,,,,,,,,,,,,,,,,,,,,,,,,,,,,,,,,,,,,,,,,,,,,,,,,,,,,,,,,,,,,,,,,,,,,,Email is valid.,Google Workspace,aspmx.l.google.com,FALSE,,,,,,,,,,,,,,,,,,,,,,,,,,,,No,,,,,,,,,,Smartlead users sheet; SL users validated; campaign_leads_2026-03-23_20-27-04_results - campaign_leads_2026-03-23_20-27-04_results.csv,,,,,,,,,,false,enrich,gmail,"""2026-06-06T10:37:49.901Z""",Gmail / Google Workspace,,,,,,,,,
,,ed@stopphish.ru,,,,,,,,Smartlead users sheet; SL users validated; campaign_leads_2026-03-23_20-27-04_results - campaign_leads_2026-03-23_20-27-04_results.csv; Imported Leads,No,risky,No,,,,,,,,,,,,,,,,,,,,,,,,,,,,,,,,,,,,,,,,,,,,,,,,,,,,,,,,,,,,,,,,,,,,,,,,,Email is valid.,,mx1.timeweb.ru,FALSE,,,,,,,,,,,,,,,,,,,,,,,,,,,,No,,,,,,,,,,Smartlead users sheet; SL users validated; campaign_leads_2026-03-23_20-27-04_results - campaign_leads_2026-03-23_20-27-04_results.csv,,,,,,,,,,false,enrich,other,"""2026-06-06T10:37:49.899Z""",Other,,,,,,,,,
,,rick@avarrasolutions.com,,,,,,,,Smartlead users sheet; SL users validated; campaign_leads_2026-03-23_20-27-04_results - campaign_leads_2026-03-23_20-27-04_results.csv; Imported Leads,Yes,deliverable,No,,,,,,,,,,,,,,,,,,,,,,,,,,,,,,,,,,,,,,,,,,,,,,,,,,,,,,,,,,,,,,,,,,,,,,,,,Email is valid.,Google Workspace,aspmx.l.google.com,FALSE,,,,,,,,,,,,,,,,,,,,,,,,,,,,No,,,,,,,,,,Smartlead users sheet; SL users validated; campaign_leads_2026-03-23_20-27-04_results - campaign_leads_2026-03-23_20-27-04_results.csv,,,,,,,,,,false,enrich,gmail,"""2026-06-06T10:37:49.712Z""",Gmail / Google Workspace,,,,,,,,,
,,contacts@majoli.io,,,,,,,,Smartlead users sheet; SL users validated; campaign_leads_2026-03-23_20-27-04_results - campaign_leads_2026-03-23_20-27-04_results.csv; Imported Leads,No,risky,No,,,,,,,,,,,,,,,,,,,,,,,,,,,,,,,,,,,,,,,,,,,,,,,,,,,,,,,,,,,facebook.com/majoli-114797520210362,,Computer Software,Europe,France,Marseille,Marseille,"Marseille, Provence-alpes-côte D'azur, France",13001,Provence-alpes-côte D'azur,8 Allée Léon Gambetta,Majoli,1-10,Private,Email is valid.,Google Workspace,aspmx.l.google.com,FALSE,,,,,,,,,,,,,,,,,,,,,,,,,,,,No,,,,,,,,,,Smartlead users sheet; SL users validated; campaign_leads_2026-03-23_20-27-04_results - campaign_leads_2026-03-23_20-27-04_results.csv,,,,,,,,,,false,enrich,gmail,"""2026-06-06T10:37:49.678Z""",Gmail / Google Workspace,,,,,,,,,
,,fekra@iskala.net,,,,,,,,Smartlead users sheet; SL users validated; campaign_leads_2026-03-23_20-27-04_results - campaign_leads_2026-03-23_20-27-04_results.csv; Imported Leads,Yes,deliverable,No,,,,,,,,,,,,,,,,,,,,,,,,,,,,,,,,,,,,,,,,,,,,,,,,,,,,,,,,,,,facebook.com/iskalaa,2017,Management Consulting,Africa,Egypt,Alexandria,Alexandria,"Alexandria, Al Iskandarīyah, Egypt",,Al Iskandarīyah,,Iskala Business Solutions,1-10,Private,Email is valid.,Zoho Mail,mx.zoho.com,FALSE,,,,,,,,,,,,,,,,,,,,,,,,,,,,No,,,,,,,,,,Smartlead users sheet; SL users validated; campaign_leads_2026-03-23_20-27-04_results - campaign_leads_2026-03-23_20-27-04_results.csv,,,,,,,,,,false,enrich,zoho,"""2026-06-06T10:37:49.898Z""",Zoho Mail,,,,,,,,,
,,john@nimblefoxmarketing.com,,,,,,,,Smartlead users sheet; SL users validated; campaign_leads_2026-03-23_20-27-04_results - campaign_leads_2026-03-23_20-27-04_results.csv; Imported Leads,Yes,deliverable,No,,,,,,,,,,,,,,,,,,,,,,,,,,,,,,,,,,,,,,,,,,,,,,,,,,,,,,,,,,,,,,North America,United States,Austin,Austin,"Austin, Texas, United States",,Texas,,Nimble Fox Marketing,1-10,Private,Email is valid.,Google Workspace,aspmx.l.google.com,FALSE,,,,,,,,,,,,,,,,,,,,,,,,,,,,No,,,,,,,,,,Smartlead users sheet; SL users validated; campaign_leads_2026-03-23_20-27-04_results - campaign_leads_2026-03-23_20-27-04_results.csv,,,,,,,,,,false,enrich,gmail,"""2026-06-06T10:37:49.697Z""",Gmail / Google Workspace,,,,,,,,,
,,purchase@aptus.ai,,,,,,,,Smartlead users sheet; SL users validated; campaign_leads_2026-03-23_20-27-04_results - campaign_leads_2026-03-23_20-27-04_results.csv; Imported Leads,Yes,deliverable,No,,,,,,,,,,,,,,,,,,,,,,,,,,,,,,,,,,,,,,,,,,,,,,,,,,,,,,,,,,,facebook.com/aptusai,2018,Information Technology And Services,Europe,Italy,Pisa,Pisa,"Pisa, Tuscany, Italy",56126,Tuscany,1 Largo Padre Renzo Spadoni,Aptus.ai,11-50,Private,Email is valid.,Google Workspace,alt2.aspmx.l.google.com,FALSE,,,,,,,,,,,,,,,,,,,,,,,,,,,,No,,,,,,,,,,Smartlead users sheet; SL users validated; campaign_leads_2026-03-23_20-27-04_results - campaign_leads_2026-03-23_20-27-04_results.csv,,,,,,,,,,false,enrich,gmail,"""2026-06-06T10:37:49.690Z""",Gmail / Google Workspace,,,,,,,,,
Florentin,Ezan,florentin@papalead.fr,PapaLead,Fondateur,,Rennes,,Brittany,https://www.linkedin.com/in/florentin-ezan-1a239923a/,Smartlead users sheet; SL users validated; campaign_leads_2026-03-23_20-27-04_results - campaign_leads_2026-03-23_20-27-04_results.csv; Imported Leads,Yes,deliverable,No,,,,,https://papalead.fr,,,,,,,,,,,,,,,,,,,,,"Rennes, Brittany, France",https://media.licdn.com/dms/image/v2/D4E0BAQGDb7LeqX_4YQ/company-logo_200_200/company-logo_200_200/0/1709810843348/leadscrapr_logo?e=1776902400&v=beta&t=MTJY0lEShoGd06nZwxXqmpXS9xrAs9eLNB89B_l7iOs,,,,,https://www.linkedin.com/company/101038573,,,,,,,3,,2026-04-01T11:40:51.018Z,,,,,,,,Business Consulting and Services,,,,,,,,,,,,,,,,,,,,,,,,,,,,"Rennes, Brittany, France",,,,,,,urn:li:member:998267594,false,,,,,,,,,,false,https://media.licdn.com/dms/image/v2/D4E03AQEA9R3ymUDdAw/profile-displayphoto-shrink_100_100/profile-displayphoto-shrink_100_100/0/1728658999689?e=1776902400&v=beta&t=6xxzYmOz8xX2MKopH298tulDjd3mZwuCVBTmoZN_GP0,https://www.linkedin.com/in/ACwAADuAWsoBYRl-Heb11nlfZeQhSSqVKWIKF2w,,,,,false,,,,,,,Follows your company,,,,"Je suis consultant SalesOps, spécialisé dans la conception de stratégies Go-To-Market. J'accompagne les équipes dans la mise en œuvre de systèmes de prospection avancées :

→ Evaluation d'offres et propositions de valeur
→ Définition de la stratégie Go-To-Market
→ Cartographie et segmentation du marché
→ Définition de buyer personas précis
→ Veille et analyse des niveaux de maturité
→ Création de listes de prospects ultra-qualifiés
→ Détection proactive des signaux d'achat
→ Optimisation maximale de la délivrabilité

Contactez-moi en message privé pour en discuter !",,,,2 yrs 10 mos,,,,,,,false,enrich,gmail,"""2026-06-06T10:37:49.906Z""",Gmail / Google Workspace,,,,,,,,,
Chris,S.,chris@sweeplift.com,SweepLift,CEO (Contract),,,,,,Smartlead users sheet; SL users validated; campaign_leads_2026-03-23_20-27-04_results - campaign_leads_2026-03-23_20-27-04_results.csv; Imported Leads,Yes,deliverable,No,,,,,https://www.sweeplift.com,,,,,,,,,,,,,,,,,,,,,"San Diego, California, United States",https://media.licdn.com/dms/image/v2/D4E0BAQH9_c4cTWf1jw/company-logo_200_200/company-logo_200_200/0/1697480287015/sweeplift_logo?e=1778112000&v=beta&t=3kHy-CpGAir9zexdNz2JjL3OUsmAomHBUiiKl4qk64E,,,,,https://www.linkedin.com/company/74504619,,,,,,,3,,2026-04-15T14:51:49.006Z,,,,,,,,Marketing Services,,,,,,,,,,,,,,,,,,,,,,,,,,,,"Alpine, California, United States",,,,,,,urn:li:member:27603690,false,,,,,,,,,,false,https://media.licdn.com/dms/image/v2/D5603AQGsmueM9NaaJg/profile-displayphoto-shrink_100_100/profile-displayphoto-shrink_100_100/0/1731035392185?e=1778112000&v=beta&t=qKEwyEdSICl7Q5pLMycVhaINmqAwaeG9sCdpjJs408k,https://www.linkedin.com/in/ACwAAAGlMuoBmyDROPIjTptUGrnmSpyPjpJCSVk,,,,,false,,,,,,,Follows your company,,,,"As a seasoned marketing and sales professional, I bring a wealth of experience and a diverse skill set to drive business growth and success. My expertise spans brand development, digital marketing, website creation, sales strategy, and business development. I have a proven track record of leading teams, developing strategic initiatives, and delivering measurable results across various industries.

My ability to integrate sales and marketing strategies, combined with my leadership skills, positions me as a valuable partner for businesses looking to elevate their marketing efforts and achieve sustainable growth. I am passionate about helping organizations succeed by leveraging my comprehensive expertise and results-oriented approach.",,,,1 yr 3 mos,,,,,,,false,enrich,gmail,"""2026-06-06T10:37:49.874Z""",Gmail / Google Workspace,,,,,,,,,
,,priya.lamba@coram.ai,,,,,,,,Smartlead users sheet; SL users validated; campaign_leads_2026-03-23_20-27-04_results - campaign_leads_2026-03-23_20-27-04_results.csv; Imported Leads,Yes,deliverable,No,,,,,,,,,,,,,,,,,,,,,,,,,,,,,,,,,,,,,,,,,,,,,,,,,,,,,,,,,,,,2022,Computer Software,North America,United States,Sunnyvale,Sunnyvale,"Sunnyvale, California, United States",94089,California,,Coram Ai,11-50,Private,Email is valid.,Google Workspace,aspmx.l.google.com,FALSE,,,,,,,,,,,,,,,,,,,,,,,,,,,,No,,,,,,,,,,Smartlead users sheet; SL users validated; campaign_leads_2026-03-23_20-27-04_results - campaign_leads_2026-03-23_20-27-04_results.csv,,,,,,,,,,false,enrich,gmail,"""2026-06-06T10:37:49.883Z""",Gmail / Google Workspace,,,,,,,,,
Divyang,Ledwani,divyang@kizenmedia.com,Kizen Media,Founder,,Mumbai,Maharashtra,India,https://www.linkedin.com/in/divyang-ledwani-93902415b/,Smartlead users sheet; SL users validated; campaign_leads_2026-03-23_20-27-04_results - campaign_leads_2026-03-23_20-27-04_results.csv; Imported Leads,Yes,deliverable,No,,,,,kizenmedia.com,,,,,,,,,,,,,,,,,,,,,,,,,,,,,,,,,,,,,,,,,,,,,,,,,,,,,,,,,,,,,,,,,,,,,,,,"Mumbai, Maharashtra, India",gmail,"""2026-03-31T21:06:07.202Z""",Google Workspace,,,,,,,,,,,,,,,,,,,,,,,,No,No,,,,,,,,,Smartlead users sheet; SL users validated; campaign_leads_2026-03-23_20-27-04_results - campaign_leads_2026-03-23_20-27-04_results.csv; Imported Leads,Signups - Not paid; Imported Leads; SL Users,,,,,,,,,false,enrich,gmail,"""2026-06-06T10:37:49.705Z""",Gmail / Google Workspace,,,,,,,,,
,,work@pratikbeedkar.com,,,,,,,,Smartlead users sheet; SL users validated; campaign_leads_2026-03-23_20-27-04_results - campaign_leads_2026-03-23_20-27-04_results.csv; Imported Leads,Yes,deliverable,No,,,,,,,,,,,,,,,,,,,,,,,,,,,,,,,,,,,,,,,,,,,,,,,,,,,,,,,,,,,,,,,,,,,,,,,,,Email is valid.,Google Workspace,SMTP.GOOGLE.com,FALSE,,,,,,,,,,,,,,,,,,,,,,,,,,,,No,,,,,,,,,,Smartlead users sheet; SL users validated; campaign_leads_2026-03-23_20-27-04_results - campaign_leads_2026-03-23_20-27-04_results.csv,,,,,,,,,,false,enrich,gmail,"""2026-06-06T10:37:49.705Z""",Gmail / Google Workspace,,,,,,,,,
Oguzhan,Cetin,oguzhan@uptecha.com,UpTecha,Founder,,İstanbul,Türkiye,Türkiye,https://www.linkedin.com/in/cetinoguzhan/,Smartlead users sheet; SL users validated; campaign_leads_2026-03-23_20-27-04_results - campaign_leads_2026-03-23_20-27-04_results.csv; Imported Leads,Yes,deliverable,No,,,,,20,,199.22,,,,,,,,,,,,,,,,,,,,,,,,,,,,,,,,,,,60,,,,,2026-03,0.00,,0.00,,,,,,,,,,,,,,,,,,,,,,,,,,,"Istanbul, Türkiye",gmail,"""2026-03-31T21:06:36.424Z""",Google Workspace,,3,,,,,,,,,,,none,none,,,,,,,,,,No,No,,,,,,,0.00,,Smartlead users sheet; SL users validated; campaign_leads_2026-03-23_20-27-04_results - campaign_leads_2026-03-23_20-27-04_results.csv; Imported Leads,instantly userbase- enriched from enrich.so; Imported Leads; SL Users,UpTecha,,3,0.00,597.66,,597.66,0.00,false,enrich,gmail,"""2026-06-06T10:37:49.685Z""",Gmail / Google Workspace,,,,,,,,,
,,derek@smylen.com,,,,,,,,Smartlead users sheet; SL users validated; campaign_leads_2026-03-23_20-27-04_results - campaign_leads_2026-03-23_20-27-04_results.csv; Imported Leads,Yes,deliverable,No,,,,,,,,,,,,,,,,,,,,,,,,,,,,,,,,,,,,,,,,,,,,,,,,,,,,,,,,,,,facebook.com/smylenhq,,"Health, Wellness And Fitness",North America,United States,,,,10013,New York,34 Desbrosses Street,Smylen,11-50,Private,Email is valid.,Google Workspace,aspmx.l.google.com,FALSE,,,,,,,,,,,,,,,,,,,,,,,,,,,,No,,,,,,,,,,Smartlead users sheet; SL users validated; campaign_leads_2026-03-23_20-27-04_results - campaign_leads_2026-03-23_20-27-04_results.csv,,,,,,,,,,false,enrich,gmail,"""2026-06-06T10:37:49.723Z""",Gmail / Google Workspace,,,,,,,,,
,,info@thecarbonstamp.com,,,,,,,,Smartlead users sheet; SL users validated; campaign_leads_2026-03-23_20-27-04_results - campaign_leads_2026-03-23_20-27-04_results.csv; Imported Leads,Yes,deliverable,No,,,,,,,,,,,,,,,,,,,,,,,,,,,,,,,,,,,,,,,,,,,,,,,,,,,,,,,,,,,,2023,Environmental Services,Europe,United Kingdom,South Gloucestershire,South Gloucestershire,"South Gloucestershire, England, United Kingdom",,England,,The Carbon Stamp,1-10,Private,Email is valid.,Google Workspace,aspmx.l.google.com,FALSE,,,,,,,,,,,,,,,,,,,,,,,,,,,,No,,,,,,,,,,Smartlead users sheet; SL users validated; campaign_leads_2026-03-23_20-27-04_results - campaign_leads_2026-03-23_20-27-04_results.csv,,,,,,,,,,false,enrich,gmail,"""2026-06-06T10:37:49.695Z""",Gmail / Google Workspace,,,,,,,,,
,,alex@sharklifemedia.com,,,,,,,,Smartlead users sheet; SL users validated; campaign_leads_2026-03-23_20-27-04_results - campaign_leads_2026-03-23_20-27-04_results.csv; Imported Leads,Yes,deliverable,No,,,,,,,,,,,,,,,,,,,,,,,,,,,,,,,,,,,,,,,,,,,,,,,,,,,,,,,,,,,,,,,,,,,,,,,,,Email is valid.,Google Workspace,aspmx.l.google.com,FALSE,,,,,,,,,,,,,,,,,,,,,,,,,,,,No,,,,,,,,,,Smartlead users sheet; SL users validated; campaign_leads_2026-03-23_20-27-04_results - campaign_leads_2026-03-23_20-27-04_results.csv,,,,,,,,,,false,enrich,gmail,"""2026-06-06T10:37:49.685Z""",Gmail / Google Workspace,,,,,,,,,
,,apaz@pavveresi.com,,,,,,,,Smartlead users sheet; SL users validated; campaign_leads_2026-03-23_20-27-04_results - campaign_leads_2026-03-23_20-27-04_results.csv; Imported Leads,Yes,deliverable,No,,,,,,,,,,,,,,,,,,,,,,,,,,,,,,,,,,,,,,,,,,,,,,,,,,,,,,,,,,,,,,,,,,,,,,,,,Email is valid.,Google Workspace,aspmx.l.google.com,FALSE,,,,,,,,,,,,,,,,,,,,,,,,,,,,No,,,,,,,,,,Smartlead users sheet; SL users validated; campaign_leads_2026-03-23_20-27-04_results - campaign_leads_2026-03-23_20-27-04_results.csv,,,,,,,,,,false,enrich,gmail,"""2026-06-06T10:37:49.926Z""",Gmail / Google Workspace,,,,,,,,,
,,corporate@connectly.co.in,,,,,,,,Smartlead users sheet; SL users validated; campaign_leads_2026-03-23_20-27-04_results - campaign_leads_2026-03-23_20-27-04_results.csv; Imported Leads,Yes,deliverable,No,,,,,,,,,,,,,,,,,,,,,,,,,,,,,,,,,,,,,,,,,,,,,,,,,,,,,,,,,,,,2017,Marketing And Advertising,North America,United States,,,,,New York,,Connectly.,11-50,Private,Email is valid.,Godaddy,smtp.secureserver.net,TRUE,,,,,,,,,,,,,,,,,,,,,,,,,,,,No,,,,,,,,,,Smartlead users sheet; SL users validated; campaign_leads_2026-03-23_20-27-04_results - campaign_leads_2026-03-23_20-27-04_results.csv,,,,,,,,,,false,enrich,other,"""2026-06-06T10:37:50.290Z""",Other,,,,,,,,,
,,blamba256@gmail.com,,,,,,,,Smartlead users sheet; SL users validated; campaign_leads_2026-03-23_20-27-04_results - campaign_leads_2026-03-23_20-27-04_results.csv; Imported Leads,No,risky,No,,,,,,,,,,,,,,,,,,,,,,,,,,,,,,,,,,,,,,,,,,,,,,,,,,,,,,,,,,,,,,,,,,,,,,,,,Email is valid.,Google Workspace,gmail-smtp-in.l.google.com,FALSE,,,,,,,,,,,,,,,,,,,,,,,,,,,,No,,,,,,,,,,Smartlead users sheet; SL users validated; campaign_leads_2026-03-23_20-27-04_results - campaign_leads_2026-03-23_20-27-04_results.csv,,,,,,,,,,false,enrich,gmail,"""2026-06-06T10:37:49.559Z""",Gmail / Google Workspace,,,,,,,,,
,,norbert@bewertungsclub.com,,,,,,,,Smartlead users sheet; SL users validated; campaign_leads_2026-03-23_20-27-04_results - campaign_leads_2026-03-23_20-27-04_results.csv; Imported Leads,Yes,deliverable,No,,,,,,,,,,,,,,,,,,,,,,,,,,,,,,,,,,,,,,,,,,,,,,,,,,,,,,,,,,,,,,,,,,,,,,,,,Email is valid.,Google Workspace,aspmx.l.google.com,FALSE,,,,,,,,,,,,,,,,,,,,,,,,,,,,No,,,,,,,,,,Smartlead users sheet; SL users validated; campaign_leads_2026-03-23_20-27-04_results - campaign_leads_2026-03-23_20-27-04_results.csv,,,,,,,,,,false,enrich,gmail,"""2026-06-06T10:37:49.701Z""",Gmail / Google Workspace,,,,,,,,,
,,info@vannbottles.nl,,,,,,,,Smartlead users sheet; SL users validated; campaign_leads_2026-03-23_20-27-04_results - campaign_leads_2026-03-23_20-27-04_results.csv; Imported Leads,Yes,deliverable,No,,,,,,,,,,,,,,,,,,,,,,,,,,,,,,,,,,,,,,,,,,,,,,,,,,,,,,,,,,,,2019,Wholesale,Europe,Netherlands,Breda,Breda,"Breda, North Brabant, Netherlands",,North Brabant,37-6 Charles Petitweg,Vann Bottles,1-10,Private,Email is valid.,Google Workspace,smtp.google.com,FALSE,,,,,,,,,,,,,,,,,,,,,,,,,,,,No,,,,,,,,,,Smartlead users sheet; SL users validated; campaign_leads_2026-03-23_20-27-04_results - campaign_leads_2026-03-23_20-27-04_results.csv,,,,,,,,,,false,enrich,gmail,"""2026-06-06T10:37:49.689Z""",Gmail / Google Workspace,,,,,,,,,
,,ben@nucreator.com,,,,,,,,Smartlead users sheet; SL users validated; campaign_leads_2026-03-23_20-27-04_results - campaign_leads_2026-03-23_20-27-04_results.csv; Imported Leads,Yes,deliverable,No,,,,,,,,,,,,,,,,,,,,,,,,,,,,,,,,,,,,,,,,,,,,,,,,,,,,,,,,,,,,2023,,North America,United States,Austin,Austin,"Austin, Texas, United States",,Texas,,Nucreator,1-10,Private,Email is valid.,Google Workspace,aspmx.l.google.com,FALSE,,,,,,,,,,,,,,,,,,,,,,,,,,,,No,,,,,,,,,,Smartlead users sheet; SL users validated; campaign_leads_2026-03-23_20-27-04_results - campaign_leads_2026-03-23_20-27-04_results.csv,,,,,,,,,,false,enrich,gmail,"""2026-06-06T10:37:49.657Z""",Gmail / Google Workspace,,,,,,,,,
,,marketing@opensend.com,,,,,,,,Smartlead users sheet; SL users validated; campaign_leads_2026-03-23_20-27-04_results - campaign_leads_2026-03-23_20-27-04_results.csv; Imported Leads,Yes,deliverable,No,,,,,,,,,,,,,,,,,,,,,,,,,,,,,,,,,,,,,,,,,,,,,,,,,,,,,,,,,,,,2022,Internet,North America,United States,Las Vegas,Las Vegas,"Las Vegas, Nevada, United States",89128,Nevada,2620 Regatta Drive,Opensend,11-50,Private,Email is valid.,Google Workspace,aspmx.l.google.com,FALSE,,,,,,,,,,,,,,,,,,,,,,,,,,,,No,,,,,,,,,,Smartlead users sheet; SL users validated; campaign_leads_2026-03-23_20-27-04_results - campaign_leads_2026-03-23_20-27-04_results.csv,,,,,,,,,,false,enrich,gmail,"""2026-06-06T10:37:49.898Z""",Gmail / Google Workspace,,,,,,,,,
,,support@happyloop.com,,,,,,,,Smartlead users sheet; SL users validated; campaign_leads_2026-03-23_20-27-04_results - campaign_leads_2026-03-23_20-27-04_results.csv; Imported Leads,Yes,deliverable,No,,,,,,,,,,,,,,,,,,,,,,,,,,,,,,,,,,,,,,,,,,,,,,,,,,,,,,,,,,,,2022,Internet,North America,United States,Wilmington,Wilmington,"Wilmington, Delaware, United States",19802,Delaware,2810 North Church Street,Happyloop,1-10,Private,Email is valid.,Google Workspace,aspmx.l.google.com,FALSE,,,,,,,,,,,,,,,,,,,,,,,,,,,,No,,,,,,,,,,Smartlead users sheet; SL users validated; campaign_leads_2026-03-23_20-27-04_results - campaign_leads_2026-03-23_20-27-04_results.csv,,,,,,,,,,false,enrich,gmail,"""2026-06-06T10:37:49.708Z""",Gmail / Google Workspace,,,,,,,,,
,,irek@storista.io,,,,,,,,Smartlead users sheet; SL users validated; campaign_leads_2026-03-23_20-27-04_results - campaign_leads_2026-03-23_20-27-04_results.csv; Imported Leads,Yes,deliverable,No,,,,,,,,,,,,,,,,,,,,,,,,,,,,,,,,,,,,,,,,,,,,,,,,,,,,,,,,,,,,,,,,,,,,,,,,,Email is valid.,Google Workspace,aspmx.l.google.com,FALSE,,,,,,,,,,,,,,,,,,,,,,,,,,,,No,,,,,,,,,,Smartlead users sheet; SL users validated; campaign_leads_2026-03-23_20-27-04_results - campaign_leads_2026-03-23_20-27-04_results.csv,,,,,,,,,,false,enrich,gmail,"""2026-06-06T10:37:49.874Z""",Gmail / Google Workspace,,,,,,,,,
,,jeff@outlever.com,,,,,,,,Smartlead users sheet; SL users validated; campaign_leads_2026-03-23_20-27-04_results - campaign_leads_2026-03-23_20-27-04_results.csv; Imported Leads,Yes,deliverable,No,,,,,,,,,,,,,,,,,,,,,,,,,,,,,,,,,,,,,,,,,,,,,,,,,,,,,,,,,,,,,Computer Software,North America,United States,San Diego,San Diego,"San Diego, California, United States",,California,,Outlever,1-10,Private,Email is valid.,Google Workspace,aspmx.l.google.com,FALSE,,,,,,,,,,,,,,,,,,,,,,,,,,,,No,,,,,,,,,,Smartlead users sheet; SL users validated; campaign_leads_2026-03-23_20-27-04_results - campaign_leads_2026-03-23_20-27-04_results.csv,,,,,,,,,,false,enrich,gmail,"""2026-06-06T10:37:49.657Z""",Gmail / Google Workspace,,,,,,,,,
,,raj@supafunnel.cc,,,,,,,,Smartlead users sheet; SL users validated; campaign_leads_2026-03-23_20-27-04_results - campaign_leads_2026-03-23_20-27-04_results.csv; Imported Leads,Yes,deliverable,No,,,,,,,,,,,,,,,,,,,,,,,,,,,,,,,,,,,,,,,,,,,,,,,,,,,,,,,,,,,,,,,,,,,,,,,,,Email is valid.,Google Workspace,aspmx.l.google.com,FALSE,,,,,,,,,,,,,,,,,,,,,,,,,,,,No,,,,,,,,,,Smartlead users sheet; SL users validated; campaign_leads_2026-03-23_20-27-04_results - campaign_leads_2026-03-23_20-27-04_results.csv,,,,,,,,,,false,enrich,gmail,"""2026-06-06T10:37:49.695Z""",Gmail / Google Workspace,,,,,,,,,
,,niklas@nexlead.io,,,,,,,,Smartlead users sheet; SL users validated; campaign_leads_2026-03-23_20-27-04_results - campaign_leads_2026-03-23_20-27-04_results.csv; Imported Leads,Yes,deliverable,No,,,,,,,,,,,,,,,,,,,,,,,,,,,,,,,,,,,,,,,,,,,,,,,,,,,,,,,,,,,,,Management Consulting,,,,,,,,,Nexlead Nordics,1-10,Private,Email is valid.,Google Workspace,aspmx.l.google.com,FALSE,,,,,,,,,,,,,,,,,,,,,,,,,,,,No,,,,,,,,,,Smartlead users sheet; SL users validated; campaign_leads_2026-03-23_20-27-04_results - campaign_leads_2026-03-23_20-27-04_results.csv,,,,,,,,,,false,enrich,gmail,"""2026-06-06T10:37:49.696Z""",Gmail / Google Workspace,,,,,,,,,
,,jimmy@theboroughgroup.com,,,,,,,,Smartlead users sheet; SL users validated; campaign_leads_2026-03-23_20-27-04_results - campaign_leads_2026-03-23_20-27-04_results.csv; Imported Leads,Yes,deliverable,No,,,,,,,,,,,,,,,,,,,,,,,,,,,,,,,,,,,,,,,,,,,,,,,,,,,,,,,,,,,,2020,,North America,Canada,Toronto,Toronto,"Toronto, Ontario, Canada",m5j 2x6,Ontario,1 Front Street West,Salesway.io,1-10,Private,Email is valid.,Google Workspace,aspmx.l.google.com,FALSE,,,,,,,,,,,,,,,,,,,,,,,,,,,,No,,,,,,,,,,Smartlead users sheet; SL users validated; campaign_leads_2026-03-23_20-27-04_results - campaign_leads_2026-03-23_20-27-04_results.csv,,,,,,,,,,false,enrich,gmail,"""2026-06-06T10:37:49.713Z""",Gmail / Google Workspace,,,,,,,,,
,,swftment@gmail.com,,,,,,,,Smartlead users sheet; SL users validated; campaign_leads_2026-03-23_20-27-04_results - campaign_leads_2026-03-23_20-27-04_results.csv; Imported Leads,No,risky,No,,,,,,,,,,,,,,,,,,,,,,,,,,,,,,,,,,,,,,,,,,,,,,,,,,,,,,,,,,,,,,,,,,,,,,,,,Email is valid.,Google Workspace,gmail-smtp-in.l.google.com,FALSE,,,,,,,,,,,,,,,,,,,,,,,,,,,,No,,,,,,,,,,Smartlead users sheet; SL users validated; campaign_leads_2026-03-23_20-27-04_results - campaign_leads_2026-03-23_20-27-04_results.csv,,,,,,,,,,false,enrich,gmail,"""2026-06-06T10:37:49.559Z""",Gmail / Google Workspace,,,,,,,,,
,,michael@enfletamz.com,,,,,,,,Smartlead users sheet; SL users validated; campaign_leads_2026-03-23_20-27-04_results - campaign_leads_2026-03-23_20-27-04_results.csv; Imported Leads,Yes,deliverable,No,,,,,,,,,,,,,,,,,,,,,,,,,,,,,,,,,,,,,,,,,,,,,,,,,,,,,,,,,,,,,,,,,,,,,,,,,Email is valid.,Google Workspace,aspmx.l.google.com,FALSE,,,,,,,,,,,,,,,,,,,,,,,,,,,,No,,,,,,,,,,Smartlead users sheet; SL users validated; campaign_leads_2026-03-23_20-27-04_results - campaign_leads_2026-03-23_20-27-04_results.csv,,,,,,,,,,false,enrich,gmail,"""2026-06-06T10:37:49.707Z""",Gmail / Google Workspace,,,,,,,,,
,,luke@oceanbottle.co,,,,,,,,Smartlead users sheet; SL users validated; campaign_leads_2026-03-23_20-27-04_results - campaign_leads_2026-03-23_20-27-04_results.csv; Imported Leads,Yes,deliverable,No,,,,,,,,,,,,,,,,,,,,,,,,,,,,,,,,,,,,,,,,,,,,,,,,,,,,,,,,,,,facebook.com/theoceanbottle,2018,Retail,Europe,United Kingdom,London,London,"London, Greater London, United Kingdom",w1d 3qr,Greater London,25 Soho Square,Ocean Bottle,11-50,Private,Email is valid.,Google Workspace,aspmx.l.google.com,FALSE,,,,,,,,,,,,,,,,,,,,,,,,,,,,No,,,,,,,,,,Smartlead users sheet; SL users validated; campaign_leads_2026-03-23_20-27-04_results - campaign_leads_2026-03-23_20-27-04_results.csv,,,,,,,,,,false,enrich,gmail,"""2026-06-06T10:37:49.731Z""",Gmail / Google Workspace,,,,,,,,,
,,tom@leadrocketfuel.com,,,,,,,,Smartlead users sheet; SL users validated; campaign_leads_2026-03-23_20-27-04_results - campaign_leads_2026-03-23_20-27-04_results.csv; Imported Leads,Yes,deliverable,No,,,,,,,,,,,,,,,,,,,,,,,,,,,,,,,,,,,,,,,,,,,,,,,,,,,,,,,,,,,,2023,Marketing And Advertising,,,,,,,,,Lead Rocket Fuel,1-10,Private,Email is valid.,Google Workspace,ASPMX.L.GOOGLE.com,FALSE,,,,,,,,,,,,,,,,,,,,,,,,,,,,No,,,,,,,,,,Smartlead users sheet; SL users validated; campaign_leads_2026-03-23_20-27-04_results - campaign_leads_2026-03-23_20-27-04_results.csv,,,,,,,,,,false,enrich,gmail,"""2026-06-06T10:37:49.898Z""",Gmail / Google Workspace,,,,,,,,,
,,mark.conway@ancillaco.com,,,,,,,,Smartlead users sheet; SL users validated; campaign_leads_2026-03-23_20-27-04_results - campaign_leads_2026-03-23_20-27-04_results.csv; Imported Leads,Yes,deliverable,No,,,,,,,,,,,,,,,,,,,,,,,,,,,,,,,,,,,,,,,,,,,,,,,,,,,,,,,,,,,facebook.com/ancillaco,1999,Staffing And Recruiting,North America,United States,Chicago,Chicago,"Chicago, Illinois, United States",60604,Illinois,332 South Michigan Avenue,Ancilla Corporation,11-50,Private,Email is valid.,Google Workspace,aspmx.l.google.com,FALSE,,,,,,,,,,,,,,,,,,,,,,,,,,,,No,,,,,,,,,,Smartlead users sheet; SL users validated; campaign_leads_2026-03-23_20-27-04_results - campaign_leads_2026-03-23_20-27-04_results.csv,,,,,,,,,,false,enrich,gmail,"""2026-06-06T10:37:49.730Z""",Gmail / Google Workspace,,,,,,,,,
,,rob@fueldmedia.co.uk,,,,,,,,Smartlead users sheet; SL users validated; campaign_leads_2026-03-23_20-27-04_results - campaign_leads_2026-03-23_20-27-04_results.csv; Imported Leads,Yes,deliverable,No,,,,,,,,,,,,,,,,,,,,,,,,,,,,,,,,,,,,,,,,,,,,,,,,,,,,,,,,,,,,2019,Marketing And Advertising,Europe,United Kingdom,Bath,Bath,"Bath, England, United Kingdom",ba2 4ld,England,10 Claverton Street,Fueld Media,11-50,Private,Email is valid.,Google Workspace,aspmx.l.google.com,FALSE,,,,,,,,,,,,,,,,,,,,,,,,,,,,No,,,,,,,,,,Smartlead users sheet; SL users validated; campaign_leads_2026-03-23_20-27-04_results - campaign_leads_2026-03-23_20-27-04_results.csv,,,,,,,,,,false,enrich,gmail,"""2026-06-06T10:37:49.688Z""",Gmail / Google Workspace,,,,,,,,,
,,calvin@lead-spring.io,,,,,,,,Smartlead users sheet; SL users validated; campaign_leads_2026-03-23_20-27-04_results - campaign_leads_2026-03-23_20-27-04_results.csv; Imported Leads,Yes,deliverable,No,,,,,,,,,,,,,,,,,,,,,,,,,,,,,,,,,,,,,,,,,,,,,,,,,,,,,,,,,,,,,Information Technology And Services,,,,,,,,,Leadspring.ai,1-10,Private,Email is valid.,Google Workspace,aspmx.l.google.com,FALSE,,,,,,,,,,,,,,,,,,,,,,,,,,,,No,,,,,,,,,,Smartlead users sheet; SL users validated; campaign_leads_2026-03-23_20-27-04_results - campaign_leads_2026-03-23_20-27-04_results.csv,,,,,,,,,,false,enrich,gmail,"""2026-06-06T10:37:49.874Z""",Gmail / Google Workspace,,,,,,,,,
,,steve@kulea.ma,,,,,,,,Smartlead users sheet; SL users validated; campaign_leads_2026-03-23_20-27-04_results - campaign_leads_2026-03-23_20-27-04_results.csv; Imported Leads,Yes,deliverable,No,,,,,,,,,,,,,,,,,,,,,,,,,,,,,,,,,,,,,,,,,,,,,,,,,,,,,,,,,,,,2015,Information Technology And Services,Europe,United Kingdom,Milton Keynes,Milton Keynes,"Milton Keynes, England, United Kingdom",mk3 3eb,England,,Kulea Ma,1-10,Private,Email is valid.,Google Workspace,aspmx.l.google.com,FALSE,,,,,,,,,,,,,,,,,,,,,,,,,,,,No,,,,,,,,,,Smartlead users sheet; SL users validated; campaign_leads_2026-03-23_20-27-04_results - campaign_leads_2026-03-23_20-27-04_results.csv,,,,,,,,,,false,enrich,gmail,"""2026-06-06T10:37:49.732Z""",Gmail / Google Workspace,,,,,,,,,
,,michaelsaruggia@gmail.com,,,,,,,,Smartlead users sheet; SL users validated; campaign_leads_2026-03-23_20-27-04_results - campaign_leads_2026-03-23_20-27-04_results.csv; Imported Leads,No,risky,No,,,,,,,,,,,,,,,,,,,,,,,,,,,,,,,,,,,,,,,,,,,,,,,,,,,,,,,,,,,,,,,,,,,,,,,,,Email is valid.,Google Workspace,gmail-smtp-in.l.google.com,FALSE,,,,,,,,,,,,,,,,,,,,,,,,,,,,No,,,,,,,,,,Smartlead users sheet; SL users validated; campaign_leads_2026-03-23_20-27-04_results - campaign_leads_2026-03-23_20-27-04_results.csv,,,,,,,,,,false,enrich,gmail,"""2026-06-06T10:37:49.559Z""",Gmail / Google Workspace,,,,,,,,,
,,admin@coanetwork.com,,,,,,,,Smartlead users sheet; SL users validated; campaign_leads_2026-03-23_20-27-04_results - campaign_leads_2026-03-23_20-27-04_results.csv; Imported Leads,No,undeliverable,No,,,,,,,,,,,,,,,,,,,,,,,,,,,,,,,,,,,,,,,,,,,,,,,,,,,,,,,,,,,,1992,Information Technology And Services,North America,United States,Bridgewater,Bridgewater,"Bridgewater, New Jersey, United States",8807,New Jersey,991 Route 22 West,Coa Network Inc,51-200,Private,Email is valid.,,mail.coanetwork.com,FALSE,,,,,,,,,,,,,,,,,,,,,,,,,,,,No,,,,,,,,,,Smartlead users sheet; SL users validated; campaign_leads_2026-03-23_20-27-04_results - campaign_leads_2026-03-23_20-27-04_results.csv,,,,,,,,,,false,enrich,outlook,"""2026-06-06T10:37:49.979Z""",Outlook / Microsoft 365,,,,,,,,,
,,productsubscriptions@agmis.com,,,,,,,,Smartlead users sheet; SL users validated; campaign_leads_2026-03-23_20-27-04_results - campaign_leads_2026-03-23_20-27-04_results.csv; Imported Leads,Yes,deliverable,No,,,,,,,,,,,,,,,,,,,,,,,,,,,,,,,,,,,,,,,,,,,,,,,,,,,,,,,,,,,facebook.com/agmis.lt,2007,Computer Software,Europe,Lithuania,Wrocław,Wrocław,"Wrocław, Kaunas, Lithuania",50-120,Kaunas,321c Savanorių Prospektas,Agmis,51-200,Private,Email is valid.,Google Workspace,ASPMX.L.GOOGLE.com,FALSE,,,,,,,,,,,,,,,,,,,,,,,,,,,,No,,,,,,,,,,Smartlead users sheet; SL users validated; campaign_leads_2026-03-23_20-27-04_results - campaign_leads_2026-03-23_20-27-04_results.csv,,,,,,,,,,false,enrich,gmail,"""2026-06-06T10:37:49.688Z""",Gmail / Google Workspace,,,,,,,,,
,,michael@congruity-research.com,,,,,,,,Smartlead users sheet; SL users validated; campaign_leads_2026-03-23_20-27-04_results - campaign_leads_2026-03-23_20-27-04_results.csv; Imported Leads,Yes,deliverable,No,,,,,,,,,,,,,,,,,,,,,,,,,,,,,,,,,,,,,,,,,,,,,,,,,,,,,,,,,,,,2019,Management Consulting,North America,United States,Brooklyn,Brooklyn,"Brooklyn, New York, United States",11231,New York,,Congruity Research,1-10,Private,Email is valid.,Google Workspace,aspmx.l.google.com,FALSE,,,,,,,,,,,,,,,,,,,,,,,,,,,,No,,,,,,,,,,Smartlead users sheet; SL users validated; campaign_leads_2026-03-23_20-27-04_results - campaign_leads_2026-03-23_20-27-04_results.csv,,,,,,,,,,false,enrich,gmail,"""2026-06-06T10:37:49.630Z""",Gmail / Google Workspace,,,,,,,,,
,,jesse@macklen.com.au,,,,,,,,Smartlead users sheet; SL users validated; campaign_leads_2026-03-23_20-27-04_results - campaign_leads_2026-03-23_20-27-04_results.csv; Imported Leads,No,undeliverable,No,,,,,,,,,,,,,,,,,,,,,,,,,,,,,,,,,,,,,,,,,,,,,,,,,,,,,,,,,,,,,,,,,,,,,,,,,Email is valid.,Google Workspace,smtp.google.com,FALSE,,,,,,,,,,,,,,,,,,,,,,,,,,,,No,,,,,,,,,,Smartlead users sheet; SL users validated; campaign_leads_2026-03-23_20-27-04_results - campaign_leads_2026-03-23_20-27-04_results.csv,,,,,,,,,,false,enrich,gmail,"""2026-06-06T10:37:49.716Z""",Gmail / Google Workspace,,,,,,,,,
,,kav@solere.co,,,,,,,,Smartlead users sheet; SL users validated; campaign_leads_2026-03-23_20-27-04_results - campaign_leads_2026-03-23_20-27-04_results.csv; Imported Leads,No,risky,No,,,,,,,,,,,,,,,,,,,,,,,,,,,,,,,,,,,,,,,,,,,,,,,,,,,,,,,,,,,,2018,Staffing And Recruiting,Europe,United Kingdom,London,London,"London, England, United Kingdom",e14 9,England,5 Greenwich View Place,Solere,11-50,Private,Email is valid.,Google Workspace,aspmx.l.google.com,FALSE,,,,,,,,,,,,,,,,,,,,,,,,,,,,No,,,,,,,,,,Smartlead users sheet; SL users validated; campaign_leads_2026-03-23_20-27-04_results - campaign_leads_2026-03-23_20-27-04_results.csv,,,,,,,,,,false,enrich,gmail,"""2026-06-06T10:37:49.709Z""",Gmail / Google Workspace,,,,,,,,,
,,nathan.mildeberger@bluemargin.com,,,,,,,,Smartlead users sheet; SL users validated; campaign_leads_2026-03-23_20-27-04_results - campaign_leads_2026-03-23_20-27-04_results.csv; Imported Leads,Yes,deliverable,No,,,,,,,,,,,,,,,,,,,,,,,,,,,,,,,,,,,,,,,,,,,,,,,,,,,,,,,,,,,facebook.com/bluemargin,2011,Information Technology And Services,North America,United States,Fort Collins,Fort Collins,"Fort Collins, Colorado, United States",80524,Colorado,330 South,"Blue Margin, Inc.",11-50,Private,Email is valid.,Microsoft 365,bluemargin-com.mail.eo.outlook.com,FALSE,,,,,,,,,,,,,,,,,,,,,,,,,,,,No,,,,,,,,,,Smartlead users sheet; SL users validated; campaign_leads_2026-03-23_20-27-04_results - campaign_leads_2026-03-23_20-27-04_results.csv,,,,,,,,,,false,enrich,outlook,"""2026-06-06T10:37:49.939Z""",Outlook / Microsoft 365,,,,,,,,,
,,stephon@connectoneai.com,,,,,,,,Smartlead users sheet; SL users validated; campaign_leads_2026-03-23_20-27-04_results - campaign_leads_2026-03-23_20-27-04_results.csv; Imported Leads,Yes,deliverable,No,,,,,,,,,,,,,,,,,,,,,,,,,,,,,,,,,,,,,,,,,,,,,,,,,,,,,,,,,,,,,,,,,,,,,,,,,Email is valid.,Google Workspace,smtp.google.com,FALSE,,,,,,,,,,,,,,,,,,,,,,,,,,,,No,,,,,,,,,,Smartlead users sheet; SL users validated; campaign_leads_2026-03-23_20-27-04_results - campaign_leads_2026-03-23_20-27-04_results.csv,,,,,,,,,,false,enrich,gmail,"""2026-06-06T10:37:49.789Z""",Gmail / Google Workspace,,,,,,,,,
,,jon@withoyster.com,,,,,,,,Smartlead users sheet; SL users validated; campaign_leads_2026-03-23_20-27-04_results - campaign_leads_2026-03-23_20-27-04_results.csv; Imported Leads,Yes,deliverable,No,,,,,,,,,,,,,,,,,,,,,,,,,,,,,,,,,,,,,,,,,,,,,,,,,,,,,,,,,,,,2021,Insurance,North America,United States,New York,New York,"New York, New York, United States",10001,New York,,Oyster Technologies,1-10,Private,Email is valid.,Google Workspace,aspmx.l.google.com,FALSE,,,,,,,,,,,,,,,,,,,,,,,,,,,,No,,,,,,,,,,Smartlead users sheet; SL users validated; campaign_leads_2026-03-23_20-27-04_results - campaign_leads_2026-03-23_20-27-04_results.csv,,,,,,,,,,false,enrich,gmail,"""2026-06-06T10:37:49.692Z""",Gmail / Google Workspace,,,,,,,,,
,,hello@unboundcreativeagency.com,,,,,,,,Smartlead users sheet; SL users validated; campaign_leads_2026-03-23_20-27-04_results - campaign_leads_2026-03-23_20-27-04_results.csv; Imported Leads,Yes,deliverable,No,,,,,,,,,,,,,,,,,,,,,,,,,,,,,,,,,,,,,,,,,,,,,,,,,,,,,,,,,,,,,Marketing And Advertising,Europe,Belgium,Antwerpen,Antwerpen,"Antwerpen, Flanders, Belgium",2000,Flanders,16 Antwerp Flemish Region,Unbound Creative Agency,11-50,Private,Email is valid.,Google Workspace,aspmx.l.google.com,FALSE,,,,,,,,,,,,,,,,,,,,,,,,,,,,No,,,,,,,,,,Smartlead users sheet; SL users validated; campaign_leads_2026-03-23_20-27-04_results - campaign_leads_2026-03-23_20-27-04_results.csv,,,,,,,,,,false,enrich,gmail,"""2026-06-06T10:37:49.657Z""",Gmail / Google Workspace,,,,,,,,,
,,dylan@wavebreak.co,,,,,,,,Smartlead users sheet; SL users validated; campaign_leads_2026-03-23_20-27-04_results - campaign_leads_2026-03-23_20-27-04_results.csv; Imported Leads,Yes,deliverable,No,,,,,,,,,,,,,,,,,,,,,,,,,,,,,,,,,,,,,,,,,,,,,,,,,,,,,,,,,,,,2016,Marketing And Advertising,,,,,,,,,Wavebreak,11-50,Private,Email is valid.,Google Workspace,aspmx.l.google.com,FALSE,,,,,,,,,,,,,,,,,,,,,,,,,,,,No,,,,,,,,,,Smartlead users sheet; SL users validated; campaign_leads_2026-03-23_20-27-04_results - campaign_leads_2026-03-23_20-27-04_results.csv,,,,,,,,,,false,enrich,gmail,"""2026-06-06T10:37:49.697Z""",Gmail / Google Workspace,,,,,,,,,
,,ajwalton12@gmail.com,,,,,,,,Smartlead users sheet; SL users validated; campaign_leads_2026-03-23_20-27-04_results - campaign_leads_2026-03-23_20-27-04_results.csv; Imported Leads,No,risky,No,,,,,,,,,,,,,,,,,,,,,,,,,,,,,,,,,,,,,,,,,,,,,,,,,,,,,,,,,,,,,,,,,,,,,,,,,Email is valid.,Google Workspace,gmail-smtp-in.l.google.com,FALSE,,,,,,,,,,,,,,,,,,,,,,,,,,,,No,,,,,,,,,,Smartlead users sheet; SL users validated; campaign_leads_2026-03-23_20-27-04_results - campaign_leads_2026-03-23_20-27-04_results.csv,,,,,,,,,,false,enrich,gmail,"""2026-06-06T10:37:49.559Z""",Gmail / Google Workspace,,,,,,,,,
,,danialakhtar@summit-lab.co,,,,,,,,Smartlead users sheet; SL users validated; campaign_leads_2026-03-23_20-27-04_results - campaign_leads_2026-03-23_20-27-04_results.csv; Imported Leads,Yes,deliverable,No,,,,,,,,,,,,,,,,,,,,,,,,,,,,,,,,,,,,,,,,,,,,,,,,,,,,,,,,,,,,,,,,,,,,,,,,,Email is valid.,Google Workspace,aspmx.l.google.com,FALSE,,,,,,,,,,,,,,,,,,,,,,,,,,,,No,,,,,,,,,,Smartlead users sheet; SL users validated; campaign_leads_2026-03-23_20-27-04_results - campaign_leads_2026-03-23_20-27-04_results.csv,,,,,,,,,,false,enrich,gmail,"""2026-06-06T10:37:49.696Z""",Gmail / Google Workspace,,,,,,,,,
,,dimitar@podderapp.com,,,,,,,,Smartlead users sheet; SL users validated; campaign_leads_2026-03-23_20-27-04_results - campaign_leads_2026-03-23_20-27-04_results.csv; Imported Leads,Yes,deliverable,No,,,,,,,,,,,,,,,,,,,,,,,,,,,,,,,,,,,,,,,,,,,,,,,,,,,,,,,,,,,facebook.com/podderaudio,2020,Marketing And Advertising,Europe,Spain,Barcelona,Barcelona,"Barcelona, Catalonia, Spain",8002,Catalonia,3 Carrer De Julià Portet,Podder,1-10,Private,Email is valid.,Google Workspace,aspmx.l.google.com,FALSE,,,,,,,,,,,,,,,,,,,,,,,,,,,,No,,,,,,,,,,Smartlead users sheet; SL users validated; campaign_leads_2026-03-23_20-27-04_results - campaign_leads_2026-03-23_20-27-04_results.csv,,,,,,,,,,false,enrich,gmail,"""2026-06-06T10:37:49.898Z""",Gmail / Google Workspace,,,,,,,,,
,,murat@smartkiwi.ai,,,,,,,,Smartlead users sheet; SL users validated; campaign_leads_2026-03-23_20-27-04_results - campaign_leads_2026-03-23_20-27-04_results.csv; Imported Leads,Yes,deliverable,No,,,,,,,,,,,,,,,,,,,,,,,,,,,,,,,,,,,,,,,,,,,,,,,,,,,,,,,,,,,,2022,Computer Software,Europe,United Kingdom,London,London,"London, Greater London, United Kingdom",,Greater London,,Smart Kiwi,1-10,Private,Email is valid.,Google Workspace,aspmx.l.google.com,FALSE,,,,,,,,,,,,,,,,,,,,,,,,,,,,No,,,,,,,,,,Smartlead users sheet; SL users validated; campaign_leads_2026-03-23_20-27-04_results - campaign_leads_2026-03-23_20-27-04_results.csv,,,,,,,,,,false,enrich,gmail,"""2026-06-06T10:37:49.892Z""",Gmail / Google Workspace,,,,,,,,,
,,joseph@olooa.com,,,,,,,,Smartlead users sheet; SL users validated; campaign_leads_2026-03-23_20-27-04_results - campaign_leads_2026-03-23_20-27-04_results.csv; Imported Leads,Yes,deliverable,No,,,,,,,,,,,,,,,,,,,,,,,,,,,,,,,,,,,,,,,,,,,,,,,,,,,,,,,,,,,,,Computer Software,,,,,,,,,Olooa,1-10,Private,Email is valid.,Google Workspace,aspmx.l.google.com,FALSE,,,,,,,,,,,,,,,,,,,,,,,,,,,,No,,,,,,,,,,Smartlead users sheet; SL users validated; campaign_leads_2026-03-23_20-27-04_results - campaign_leads_2026-03-23_20-27-04_results.csv,,,,,,,,,,false,enrich,gmail,"""2026-06-06T10:37:49.724Z""",Gmail / Google Workspace,,,,,,,,,
,,max.armbruster@talkpush.com,,,,,,,,Smartlead users sheet; SL users validated; campaign_leads_2026-03-23_20-27-04_results - campaign_leads_2026-03-23_20-27-04_results.csv; Imported Leads,Yes,deliverable,No,,,,,,,,,,,,,,,,,,,,,,,,,,,,,,,,,,,,,,,,,,,,,,,,,,,,,,,,,,,facebook.com/letthetalenttalk,2014,Information Services,North America,United States,Dover,Dover,"Dover, Delaware, United States",19901,Delaware,8 The Green,Talkpush,51-200,Private,Email is valid.,Google Workspace,aspmx.l.google.com,FALSE,,,,,,,,,,,,,,,,,,,,,,,,,,,,No,,,,,,,,,,Smartlead users sheet; SL users validated; campaign_leads_2026-03-23_20-27-04_results - campaign_leads_2026-03-23_20-27-04_results.csv,,,,,,,,,,false,enrich,gmail,"""2026-06-06T10:37:49.685Z""",Gmail / Google Workspace,,,,,,,,,
,,jamie@nuopp.co.uk,,,,,,,,Smartlead users sheet; SL users validated; campaign_leads_2026-03-23_20-27-04_results - campaign_leads_2026-03-23_20-27-04_results.csv; Imported Leads,Yes,deliverable,No,,,,,6,,117.00,,,,,,,,,,,,,,,,,,,,,,,,,,,,,,,,,,,30,,,,,2026-02,0.00,,0.00,,,,,,,,,,2019,Management Consulting,Europe,United Kingdom,Manchester,Manchester,"Manchester, Manchester, United Kingdom",m2 3wq,Manchester,Oxford Court,Nuopp,1-10,Private,Email is valid.,Google Workspace,aspmx.l.google.com,FALSE,,,,,,3,,,,,,,,,,,monthly,agency,,,,,,,,,,No,,,,,,,,297.00,,Smartlead users sheet; SL users validated; campaign_leads_2026-03-23_20-27-04_results - campaign_leads_2026-03-23_20-27-04_results.csv,,NuOpp Limited,,4,0.00,351.00,,54.00,0.00,false,enrich,gmail,"""2026-06-06T10:37:49.715Z""",Gmail / Google Workspace,,,,,,,,,
,,colt@brigins.com,,,,,,,,Smartlead users sheet; SL users validated; campaign_leads_2026-03-23_20-27-04_results - campaign_leads_2026-03-23_20-27-04_results.csv; Imported Leads,Yes,deliverable,No,,,,,,,,,,,,,,,,,,,,,,,,,,,,,,,,,,,,,,,,,,,,,,,,,,,,,,,,,,,,,,,,,,,,,,,,,Email is valid.,Google Workspace,aspmx.l.google.com,FALSE,,,,,,,,,,,,,,,,,,,,,,,,,,,,No,,,,,,,,,,Smartlead users sheet; SL users validated; campaign_leads_2026-03-23_20-27-04_results - campaign_leads_2026-03-23_20-27-04_results.csv,,,,,,,,,,false,enrich,gmail,"""2026-06-06T10:37:49.692Z""",Gmail / Google Workspace,,,,,,,,,
,,me@nickeubanks.com,,,,,,,,Smartlead users sheet; SL users validated; campaign_leads_2026-03-23_20-27-04_results - campaign_leads_2026-03-23_20-27-04_results.csv; Imported Leads,Yes,deliverable,No,,,,,,,,,,,,,,,,,,,,,,,,,,,,,,,,,,,,,,,,,,,,,,,,,,,,,,,,,,,,,,,,,,,,,,,,,Email is valid.,Google Workspace,aspmx.l.google.com,FALSE,,,,,,,,,,,,,,,,,,,,,,,,,,,,No,,,,,,,,,,Smartlead users sheet; SL users validated; campaign_leads_2026-03-23_20-27-04_results - campaign_leads_2026-03-23_20-27-04_results.csv,,,,,,,,,,false,enrich,gmail,"""2026-06-06T10:37:49.693Z""",Gmail / Google Workspace,,,,,,,,,
,,rahaman1704@gmail.com,,,,,,,,Smartlead users sheet; SL users validated; campaign_leads_2026-03-23_20-27-04_results - campaign_leads_2026-03-23_20-27-04_results.csv; Imported Leads,No,risky,No,,,,,,,,,,,,,,,,,,,,,,,,,,,,,,,,,,,,,,,,,,,,,,,,,,,,,,,,,,,,,,,,,,,,,,,,,Email is valid.,Google Workspace,gmail-smtp-in.l.google.com,FALSE,,,,,,,,,,,,,,,,,,,,,,,,,,,,No,,,,,,,,,,Smartlead users sheet; SL users validated; campaign_leads_2026-03-23_20-27-04_results - campaign_leads_2026-03-23_20-27-04_results.csv,,,,,,,,,,false,enrich,gmail,"""2026-06-06T10:37:49.559Z""",Gmail / Google Workspace,,,,,,,,,
,,aykhan@ecommunk.com,,,,,,,,Smartlead users sheet; SL users validated; campaign_leads_2026-03-23_20-27-04_results - campaign_leads_2026-03-23_20-27-04_results.csv; Imported Leads,Yes,deliverable,No,,,,,,,,,,,,,,,,,,,,,,,,,,,,,,,,,,,,,,,,,,,,,,,,,,,,,,,,,,,,,,,,,,,,,,,,,Email is valid.,Google Workspace,aspmx.l.google.com,FALSE,,,,,,,,,,,,,,,,,,,,,,,,,,,,No,,,,,,,,,,Smartlead users sheet; SL users validated; campaign_leads_2026-03-23_20-27-04_results - campaign_leads_2026-03-23_20-27-04_results.csv,,,,,,,,,,false,enrich,gmail,"""2026-06-06T10:37:49.689Z""",Gmail / Google Workspace,,,,,,,,,
,,ksalmi@eximware.com,,,,,,,,Smartlead users sheet; SL users validated; campaign_leads_2026-03-23_20-27-04_results - campaign_leads_2026-03-23_20-27-04_results.csv; Imported Leads,Yes,deliverable,No,,,,,,,,,,,,,,,,,,,,,,,,,,,,,,,,,,,,,,,,,,,,,,,,,,,,,,,,,,,facebook.com/eximware,2000,Computer Software,North America,United States,Town Of Stamford,Town Of Stamford,"Town Of Stamford, Connecticut, United States",6905,Connecticut,2777 Summer Street,Eximware,11-50,Private,Email is valid.,Google Workspace,aspmx.l.google.com,FALSE,,,,,,,,,,,,,,,,,,,,,,,,,,,,No,,,,,,,,,,Smartlead users sheet; SL users validated; campaign_leads_2026-03-23_20-27-04_results - campaign_leads_2026-03-23_20-27-04_results.csv,,,,,,,,,,false,enrich,gmail,"""2026-06-06T10:37:49.720Z""",Gmail / Google Workspace,,,,,,,,,
,,james@becreativemedia.co.uk,,,,,,,,Smartlead users sheet; SL users validated; campaign_leads_2026-03-23_20-27-04_results - campaign_leads_2026-03-23_20-27-04_results.csv; Imported Leads,Yes,deliverable,No,,,,,,,,,,,,,,,,,,,,,,,,,,,,,,,,,,,,,,,,,,,,,,,,,,,,,,,,,,,,,Marketing And Advertising,Europe,United Kingdom,Cheshire,Cheshire,"Cheshire, Cheshire, United Kingdom",sk10 2ne,Cheshire,Hulley Road,Be Creative Media,11-50,Private,Email is valid.,Google Workspace,aspmx.l.google.com,FALSE,,,,,,,,,,,,,,,,,,,,,,,,,,,,No,,,,,,,,,,Smartlead users sheet; SL users validated; campaign_leads_2026-03-23_20-27-04_results - campaign_leads_2026-03-23_20-27-04_results.csv,,,,,,,,,,false,enrich,gmail,"""2026-06-06T10:37:49.717Z""",Gmail / Google Workspace,,,,,,,,,
Sardar,A.,sardar@skief.co,,,,,,,https://www.linkedin.com/in/sardarazimov/,Smartlead users sheet; SL users validated; campaign_leads_2026-03-23_20-27-04_results - campaign_leads_2026-03-23_20-27-04_results.csv; Imported Leads,Yes,deliverable,No,,,,,,,,,,,,,,,,,,,,,,,,,,,,,,,,,,,,,,,,,,,,,,,,,,,,,,,,,,,facebook.com/skieflabs,,Marketing And Advertising,North America,United States,Miami,Miami,"Miami, Florida, United States",,Florida,,Skief,1-10,Private,Email is valid.,Google Workspace,aspmx.l.google.com,FALSE,,gmail,"""2026-03-31T21:06:52.559Z""",Google Workspace,,,,,,,,,,,,,,,,,,,,,,,,No,No,,,,,,,,,Smartlead users sheet; SL users validated; campaign_leads_2026-03-23_20-27-04_results - campaign_leads_2026-03-23_20-27-04_results.csv; Imported Leads,Smartlead users sheet; SL users validated; campaign_leads_2026-03-23_20-27-04_results - campaign_leads_2026-03-23_20-27-04_results.csv,,,,,,,,,false,enrich,gmail,"""2026-06-06T10:37:49.702Z""",Gmail / Google Workspace,,,,,,,,,
,,joe@waylanconsulting.com,,,,,,,,Smartlead users sheet; SL users validated; campaign_leads_2026-03-23_20-27-04_results - campaign_leads_2026-03-23_20-27-04_results.csv; Imported Leads,Yes,deliverable,No,,,,,,,,,,,,,,,,,,,,,,,,,,,,,,,,,,,,,,,,,,,,,,,,,,,,,,,,,,,,,,,,,,,,,,,,,Email is valid.,Google Workspace,aspmx.l.google.com,FALSE,,,,,,,,,,,,,,,,,,,,,,,,,,,,No,,,,,,,,,,Smartlead users sheet; SL users validated; campaign_leads_2026-03-23_20-27-04_results - campaign_leads_2026-03-23_20-27-04_results.csv,,,,,,,,,,false,enrich,gmail,"""2026-06-06T10:37:49.944Z""",Gmail / Google Workspace,,,,,,,,,
,,robb@robbholladay.com,,,,,,,,Smartlead users sheet; SL users validated; campaign_leads_2026-03-23_20-27-04_results - campaign_leads_2026-03-23_20-27-04_results.csv; Imported Leads,Yes,deliverable,No,,,,,,,,,,,,,,,,,,,,,,,,,,,,,,,,,,,,,,,,,,,,,,,,,,,,,,,,,,,,,,,,,,,,,,,,,Email is valid.,Google Workspace,aspmx.l.google.com,FALSE,,,,,,,,,,,,,,,,,,,,,,,,,,,,No,,,,,,,,,,Smartlead users sheet; SL users validated; campaign_leads_2026-03-23_20-27-04_results - campaign_leads_2026-03-23_20-27-04_results.csv,,,,,,,,,,false,enrich,gmail,"""2026-06-06T10:37:49.685Z""",Gmail / Google Workspace,,,,,,,,,
,,tom@ghcstudio.com.au,,,,,,,,Smartlead users sheet; SL users validated; campaign_leads_2026-03-23_20-27-04_results - campaign_leads_2026-03-23_20-27-04_results.csv; Imported Leads,Yes,deliverable,No,,,,,,,,,,,,,,,,,,,,,,,,,,,,,,,,,,,,,,,,,,,,,,,,,,,,,,,,,,,,,,,,,,,,,,,,,Email is valid.,Google Workspace,aspmx.l.google.com,FALSE,,,,,,,,,,,,,,,,,,,,,,,,,,,,No,,,,,,,,,,Smartlead users sheet; SL users validated; campaign_leads_2026-03-23_20-27-04_results - campaign_leads_2026-03-23_20-27-04_results.csv,,,,,,,,,,false,enrich,gmail,"""2026-06-06T10:37:49.892Z""",Gmail / Google Workspace,,,,,,,,,
,,team@absorbagency.com,,,,,,,,Smartlead users sheet; SL users validated; campaign_leads_2026-03-23_20-27-04_results - campaign_leads_2026-03-23_20-27-04_results.csv; Imported Leads,No,risky,No,,,,,,,,,,,,,,,,,,,,,,,,,,,,,,,,,,,,,,,,,,,,,,,,,,,,,,,,,,,,,,,,,,,,,,,,,Email is valid.,,mx1.titan.email,FALSE,,,,,,,,,,,,,,,,,,,,,,,,,,,,No,,,,,,,,,,Smartlead users sheet; SL users validated; campaign_leads_2026-03-23_20-27-04_results - campaign_leads_2026-03-23_20-27-04_results.csv,,,,,,,,,,false,enrich,other,"""2026-06-06T10:37:49.807Z""",Other,,,,,,,,,
,,brandonmc275@gmail.com,,,,,,,,Smartlead users sheet; SL users validated; campaign_leads_2026-03-23_20-27-04_results - campaign_leads_2026-03-23_20-27-04_results.csv; Imported Leads,No,risky,No,,,,,,,,,,,,,,,,,,,,,,,,,,,,,,,,,,,,,,,,,,,,,,,,,,,,,,,,,,,,,,,,,,,,,,,,,Email is valid.,Google Workspace,gmail-smtp-in.l.google.com,FALSE,,,,,,,,,,,,,,,,,,,,,,,,,,,,No,,,,,,,,,,Smartlead users sheet; SL users validated; campaign_leads_2026-03-23_20-27-04_results - campaign_leads_2026-03-23_20-27-04_results.csv,,,,,,,,,,false,enrich,gmail,"""2026-06-06T10:37:49.559Z""",Gmail / Google Workspace,,,,,,,,,
,,antimodellaversano777@gmail.com,,,,,,,,Smartlead users sheet; SL users validated; campaign_leads_2026-03-23_20-27-04_results - campaign_leads_2026-03-23_20-27-04_results.csv; Imported Leads,No,risky,No,,,,,,,,,,,,,,,,,,,,,,,,,,,,,,,,,,,,,,,,,,,,,,,,,,,,,,,,,,,,,,,,,,,,,,,,,Email is valid.,Google Workspace,gmail-smtp-in.l.google.com,FALSE,,,,,,,,,,,,,,,,,,,,,,,,,,,,No,,,,,,,,,,Smartlead users sheet; SL users validated; campaign_leads_2026-03-23_20-27-04_results - campaign_leads_2026-03-23_20-27-04_results.csv,,,,,,,,,,false,enrich,gmail,"""2026-06-06T10:37:49.559Z""",Gmail / Google Workspace,,,,,,,,,
,,dennis@clickspider.com,,,,,,,,Smartlead users sheet; SL users validated; campaign_leads_2026-03-23_20-27-04_results - campaign_leads_2026-03-23_20-27-04_results.csv; Imported Leads,Yes,deliverable,No,,,,,,,,,,,,,,,,,,,,,,,,,,,,,,,,,,,,,,,,,,,,,,,,,,,,,,,,,,,,,Internet,,,,,,,,,Clickspider,1-10,Private,Email is valid.,Google Workspace,aspmx.l.google.com,FALSE,,,,,,,,,,,,,,,,,,,,,,,,,,,,No,,,,,,,,,,Smartlead users sheet; SL users validated; campaign_leads_2026-03-23_20-27-04_results - campaign_leads_2026-03-23_20-27-04_results.csv,,,,,,,,,,false,enrich,gmail,"""2026-06-06T10:37:49.685Z""",Gmail / Google Workspace,,,,,,,,,
,,vince@lab916.com,,,,,,,,Smartlead users sheet; SL users validated; campaign_leads_2026-03-23_20-27-04_results - campaign_leads_2026-03-23_20-27-04_results.csv; Imported Leads,Yes,deliverable,No,,,,,,,,,,,,,,,,,,,,,,,,,,,,,,,,,,,,,,,,,,,,,,,,,,,,,,,,,,,facebook.com/lab916,2016,Marketing And Advertising,North America,United States,Sacramento,Sacramento,"Sacramento, California, United States",95811,California,1818 L Street,Lab 916,11-50,Private,Email is valid.,Google Workspace,aspmx.l.google.com,FALSE,,,,,,,,,,,,,,,,,,,,,,,,,,,,No,,,,,,,,,,Smartlead users sheet; SL users validated; campaign_leads_2026-03-23_20-27-04_results - campaign_leads_2026-03-23_20-27-04_results.csv,,,,,,,,,,false,enrich,gmail,"""2026-06-06T10:37:49.688Z""",Gmail / Google Workspace,,,,,,,,,
,,alex@prismic.com.au,,,,,,,,Smartlead users sheet; SL users validated; campaign_leads_2026-03-23_20-27-04_results - campaign_leads_2026-03-23_20-27-04_results.csv; Imported Leads,Yes,deliverable,No,,,,,,,,,,,,,,,,,,,,,,,,,,,,,,,,,,,,,,,,,,,,,,,,,,,,,,,,,,,,,,,,,,,,,,,,,Email is valid.,Google Workspace,aspmx.l.google.com,FALSE,,,,,,,,,,,,,,,,,,,,,,,,,,,,No,,,,,,,,,,Smartlead users sheet; SL users validated; campaign_leads_2026-03-23_20-27-04_results - campaign_leads_2026-03-23_20-27-04_results.csv,,,,,,,,,,false,enrich,gmail,"""2026-06-06T10:37:49.685Z""",Gmail / Google Workspace,,,,,,,,,
,,jacob.shanbrom@gmail.com,,,,,,,,Smartlead users sheet; SL users validated; campaign_leads_2026-03-23_20-27-04_results - campaign_leads_2026-03-23_20-27-04_results.csv; Imported Leads,No,risky,No,,,,,,,,,,,,,,,,,,,,,,,,,,,,,,,,,,,,,,,,,,,,,,,,,,,,,,,,,,,,,,,,,,,,,,,,,Email is valid.,Google Workspace,gmail-smtp-in.l.google.com,FALSE,,,,,,,,,,,,,,,,,,,,,,,,,,,,No,,,,,,,,,,Smartlead users sheet; SL users validated; campaign_leads_2026-03-23_20-27-04_results - campaign_leads_2026-03-23_20-27-04_results.csv,,,,,,,,,,false,enrich,gmail,"""2026-06-06T10:37:49.559Z""",Gmail / Google Workspace,,,,,,,,,
,,ben@hiresignal.co,,,,,,,,Smartlead users sheet; SL users validated; campaign_leads_2026-03-23_20-27-04_results - campaign_leads_2026-03-23_20-27-04_results.csv; Imported Leads,Yes,deliverable,No,,,,,,,,,,,,,,,,,,,,,,,,,,,,,,,,,,,,,,,,,,,,,,,,,,,,,,,,,,,,2023,Marketing And Advertising,,,,,,,,,Silverback Growth,1-10,Private,Email is valid.,Google Workspace,aspmx.l.google.com,FALSE,,,,,,,,,,,,,,,,,,,,,,,,,,,,No,,,,,,,,,,Smartlead users sheet; SL users validated; campaign_leads_2026-03-23_20-27-04_results - campaign_leads_2026-03-23_20-27-04_results.csv,,,,,,,,,,false,enrich,gmail,"""2026-06-06T10:37:49.708Z""",Gmail / Google Workspace,,,,,,,,,
,,dino@officeoptim.co,,,,,,,,Smartlead users sheet; SL users validated; campaign_leads_2026-03-23_20-27-04_results - campaign_leads_2026-03-23_20-27-04_results.csv; Imported Leads,Yes,deliverable,No,,,,,,,,,,,,,,,,,,,,,,,,,,,,,,,,,,,,,,,,,,,,,,,,,,,,,,,,,,,,,,,,,,,,,,,,,Email is valid.,Google Workspace,aspmx.l.google.com,FALSE,,,,,,,,,,,,,,,,,,,,,,,,,,,,No,,,,,,,,,,Smartlead users sheet; SL users validated; campaign_leads_2026-03-23_20-27-04_results - campaign_leads_2026-03-23_20-27-04_results.csv,,,,,,,,,,false,enrich,gmail,"""2026-06-06T10:37:49.717Z""",Gmail / Google Workspace,,,,,,,,,
,,info@everestsales.co,,,,,,,,Smartlead users sheet; SL users validated; campaign_leads_2026-03-23_20-27-04_results - campaign_leads_2026-03-23_20-27-04_results.csv; Imported Leads,Yes,deliverable,No,,,,,,,,,,,,,,,,,,,,,,,,,,,,,,,,,,,,,,,,,,,,,,,,,,,,,,,,,,,,,,,,,,,,,,,,,Email is valid.,Google Workspace,aspmx.l.google.com,FALSE,,,,,,,,,,,,,,,,,,,,,,,,,,,,No,,,,,,,,,,Smartlead users sheet; SL users validated; campaign_leads_2026-03-23_20-27-04_results - campaign_leads_2026-03-23_20-27-04_results.csv,,,,,,,,,,false,enrich,gmail,"""2026-06-06T10:37:49.717Z""",Gmail / Google Workspace,,,,,,,,,
,,jeremyh86@gmail.com,,,,,,,,Smartlead users sheet; SL users validated; campaign_leads_2026-03-23_20-27-04_results - campaign_leads_2026-03-23_20-27-04_results.csv; Imported Leads,No,risky,No,,,,,,,,,,,,,,,,,,,,,,,,,,,,,,,,,,,,,,,,,,,,,,,,,,,,,,,,,,,,,,,,,,,,,,,,,Email is valid.,Google Workspace,gmail-smtp-in.l.google.com,FALSE,,,,,,,,,,,,,,,,,,,,,,,,,,,,No,,,,,,,,,,Smartlead users sheet; SL users validated; campaign_leads_2026-03-23_20-27-04_results - campaign_leads_2026-03-23_20-27-04_results.csv,,,,,,,,,,false,enrich,gmail,"""2026-06-06T10:37:49.559Z""",Gmail / Google Workspace,,,,,,,,,
,,dave@blacksmith.agency,,,,,,,,Smartlead users sheet; SL users validated; campaign_leads_2026-03-23_20-27-04_results - campaign_leads_2026-03-23_20-27-04_results.csv; Imported Leads,Yes,deliverable,No,,,,,,,,,,,,,,,,,,,,,,,,,,,,,,,,,,,,,,,,,,,,,,,,,,,,,,,,,,,facebook.com/blacksmithphx,2010,Marketing And Advertising,North America,United States,Phoenix,Phoenix,"Phoenix, Arizona, United States",85034,Arizona,4600 East Washington,Blacksmith Agency,11-50,Private,Email is valid.,Google Workspace,aspmx.l.google.com,FALSE,,,,,,,,,,,,,,,,,,,,,,,,,,,,No,,,,,,,,,,Smartlead users sheet; SL users validated; campaign_leads_2026-03-23_20-27-04_results - campaign_leads_2026-03-23_20-27-04_results.csv,,,,,,,,,,false,enrich,gmail,"""2026-06-06T10:37:49.892Z""",Gmail / Google Workspace,,,,,,,,,
,,isar@multiplai.ai,,,,,,,,Smartlead users sheet; SL users validated; campaign_leads_2026-03-23_20-27-04_results - campaign_leads_2026-03-23_20-27-04_results.csv; Imported Leads,Yes,deliverable,No,,,,,,,,,,,,,,,,,,,,,,,,,,,,,,,,,,,,,,,,,,,,,,,,,,,,,,,,,,,,,Internet,North America,United States,Maitland,Maitland,"Maitland, Florida, United States",32751,Florida,,Multiplai.ai,1-10,Private,Email is valid.,Google Workspace,aspmx.l.google.com,FALSE,,,,,,,,,,,,,,,,,,,,,,,,,,,,No,,,,,,,,,,Smartlead users sheet; SL users validated; campaign_leads_2026-03-23_20-27-04_results - campaign_leads_2026-03-23_20-27-04_results.csv,,,,,,,,,,false,enrich,gmail,"""2026-06-06T10:37:49.892Z""",Gmail / Google Workspace,,,,,,,,,
,,gtm@knostic.ai,,,,,,,,Smartlead users sheet; SL users validated; campaign_leads_2026-03-23_20-27-04_results - campaign_leads_2026-03-23_20-27-04_results.csv; Imported Leads,Yes,deliverable,No,,,,,,,,,,,,,,,,,,,,,,,,,,,,,,,,,,,,,,,,,,,,,,,,,,,,,,,,,,,,2023,Internet,Asia,Israel,,,,,Tel Aviv,91 Hashmonaim Street,Knostic,11-50,Private,Email is valid.,Google Workspace,aspmx.l.google.com,FALSE,,,,,,,,,,,,,,,,,,,,,,,,,,,,No,,,,,,,,,,Smartlead users sheet; SL users validated; campaign_leads_2026-03-23_20-27-04_results - campaign_leads_2026-03-23_20-27-04_results.csv,,,,,,,,,,false,enrich,gmail,"""2026-06-06T10:37:49.898Z""",Gmail / Google Workspace,,,,,,,,,
,,salma.mahmoud@dopay.com,,,,,,,,Smartlead users sheet; SL users validated; campaign_leads_2026-03-23_20-27-04_results - campaign_leads_2026-03-23_20-27-04_results.csv; Imported Leads,Yes,deliverable,No,,,,,,,,,,,,,,,,,,,,,,,,,,,,,,,,,,,,,,,,,,,,,,,,,,,,,,,,,,,facebook.com/dopayltd,2014,Financial Services,Africa,Egypt,Cairo,Cairo,"Cairo, Al Qāhirah, Egypt",,Al Qāhirah,,Dopay,51-200,Private,Email is valid.,Google Workspace,smtp.google.com,FALSE,,,,,,,,,,,,,,,,,,,,,,,,,,,,No,,,,,,,,,,Smartlead users sheet; SL users validated; campaign_leads_2026-03-23_20-27-04_results - campaign_leads_2026-03-23_20-27-04_results.csv,,,,,,,,,,false,enrich,gmail,"""2026-06-06T10:37:49.702Z""",Gmail / Google Workspace,,,,,,,,,
,,peter@velocityadvantagecapital.com,,,,,,,,Smartlead users sheet; SL users validated; campaign_leads_2026-03-23_20-27-04_results - campaign_leads_2026-03-23_20-27-04_results.csv; Imported Leads,Yes,deliverable,No,,,,,,,,,,,,,,,,,,,,,,,,,,,,,,,,,,,,,,,,,,,,,,,,,,,,,,,,,,,,,,,,,,,,,,,,,Email is valid.,Google Workspace,aspmx.l.google.com,FALSE,,,,,,,,,,,,,,,,,,,,,,,,,,,,No,,,,,,,,,,Smartlead users sheet; SL users validated; campaign_leads_2026-03-23_20-27-04_results - campaign_leads_2026-03-23_20-27-04_results.csv,,,,,,,,,,false,enrich,gmail,"""2026-06-06T10:37:49.716Z""",Gmail / Google Workspace,,,,,,,,,
,,greg@casestudycloser.com,,,,,,,,Smartlead users sheet; SL users validated; campaign_leads_2026-03-23_20-27-04_results - campaign_leads_2026-03-23_20-27-04_results.csv; Imported Leads,Yes,deliverable,No,,,,,,,,,,,,,,,,,,,,,,,,,,,,,,,,,,,,,,,,,,,,,,,,,,,,,,,,,,,,2024,,North America,United States,Washington,Washington,"Washington, District Of Columbia, United States",,District Of Columbia,,Case Study Closer,1-10,Private,Email is valid.,Google Workspace,aspmx.l.google.com,FALSE,,,,,,,,,,,,,,,,,,,,,,,,,,,,No,,,,,,,,,,Smartlead users sheet; SL users validated; campaign_leads_2026-03-23_20-27-04_results - campaign_leads_2026-03-23_20-27-04_results.csv,,,,,,,,,,false,enrich,gmail,"""2026-06-06T10:37:49.721Z""",Gmail / Google Workspace,,,,,,,,,
,,sam@befade.com,,,,,,,,Smartlead users sheet; SL users validated; campaign_leads_2026-03-23_20-27-04_results - campaign_leads_2026-03-23_20-27-04_results.csv; Imported Leads,Yes,deliverable,No,,,,,,,,,,,,,,,,,,,,,,,,,,,,,,,,,,,,,,,,,,,,,,,,,,,,,,,,,,,,,,,,,,,,,,,,,Email is valid.,Google Workspace,aspmx.l.google.com,FALSE,,,,,,,,,,,,,,,,,,,,,,,,,,,,No,,,,,,,,,,Smartlead users sheet; SL users validated; campaign_leads_2026-03-23_20-27-04_results - campaign_leads_2026-03-23_20-27-04_results.csv,,,,,,,,,,false,enrich,gmail,"""2026-06-06T10:37:49.690Z""",Gmail / Google Workspace,,,,,,,,,
,,mariah@optimistbrandpartners.com,,,,,,,,Smartlead users sheet; SL users validated; campaign_leads_2026-03-23_20-27-04_results - campaign_leads_2026-03-23_20-27-04_results.csv; Imported Leads,Yes,deliverable,No,,,,,,,,,,,,,,,,,,,,,,,,,,,,,,,,,,,,,,,,,,,,,,,,,,,,,,,,,,,,,,,,,,,,,,,,,Email is valid.,Google Workspace,aspmx.l.google.com,FALSE,,,,,,,,,,,,,,,,,,,,,,,,,,,,No,,,,,,,,,,Smartlead users sheet; SL users validated; campaign_leads_2026-03-23_20-27-04_results - campaign_leads_2026-03-23_20-27-04_results.csv,,,,,,,,,,false,enrich,gmail,"""2026-06-06T10:37:49.688Z""",Gmail / Google Workspace,,,,,,,,,
,,otto@robonomist.com,,,,,,,,Smartlead users sheet; SL users validated; campaign_leads_2026-03-23_20-27-04_results - campaign_leads_2026-03-23_20-27-04_results.csv; Imported Leads,Yes,deliverable,No,,,,,,,,,,,,,,,,,,,,,,,,,,,,,,,,,,,,,,,,,,,,,,,,,,,,,,,,,,,,,Information Services,Europe,Finland,Helsinki,Helsinki,"Helsinki, Uusimaa, Finland",,Uusimaa,,Robonomist,1-10,Private,Email is valid.,Google Workspace,smtp.google.com,FALSE,,,,,,,,,,,,,,,,,,,,,,,,,,,,No,,,,,,,,,,Smartlead users sheet; SL users validated; campaign_leads_2026-03-23_20-27-04_results - campaign_leads_2026-03-23_20-27-04_results.csv,,,,,,,,,,false,enrich,gmail,"""2026-06-06T10:37:49.657Z""",Gmail / Google Workspace,,,,,,,,,
,,hicham@threadletics.com,,,,,,,,Smartlead users sheet; SL users validated; campaign_leads_2026-03-23_20-27-04_results - campaign_leads_2026-03-23_20-27-04_results.csv; Imported Leads,Yes,deliverable,No,,,,,,,,,,,,,,,,,,,,,,,,,,,,,,,,,,,,,,,,,,,,,,,,,,,,,,,,,,,,,,,,,,,,,,,,,Email is valid.,Google Workspace,aspmx.l.google.com,FALSE,,,,,,,,,,,,,,,,,,,,,,,,,,,,No,,,,,,,,,,Smartlead users sheet; SL users validated; campaign_leads_2026-03-23_20-27-04_results - campaign_leads_2026-03-23_20-27-04_results.csv,,,,,,,,,,false,enrich,gmail,"""2026-06-06T10:37:49.711Z""",Gmail / Google Workspace,,,,,,,,,
,,jacob@supplyengine.co,,,,,,,,Smartlead users sheet; SL users validated; campaign_leads_2026-03-23_20-27-04_results - campaign_leads_2026-03-23_20-27-04_results.csv; Imported Leads,Yes,deliverable,No,,,,,,,,,,,,,,,,,,,,,,,,,,,,,,,,,,,,,,,,,,,,,,,,,,,,,,,,,,,,,,,,,,,,,,,,,Email is valid.,Google Workspace,ASPMX.L.GOOGLE.COM,FALSE,,,,,,,,,,,,,,,,,,,,,,,,,,,,No,,,,,,,,,,Smartlead users sheet; SL users validated; campaign_leads_2026-03-23_20-27-04_results - campaign_leads_2026-03-23_20-27-04_results.csv,,,,,,,,,,false,enrich,gmail,"""2026-06-06T10:37:49.724Z""",Gmail / Google Workspace,,,,,,,,,
,,modernrenders1@gmail.com,,,,,,,,Smartlead users sheet; SL users validated; campaign_leads_2026-03-23_20-27-04_results - campaign_leads_2026-03-23_20-27-04_results.csv; Imported Leads,No,risky,No,,,,,,,,,,,,,,,,,,,,,,,,,,,,,,,,,,,,,,,,,,,,,,,,,,,,,,,,,,,,,,,,,,,,,,,,,Email is valid.,Google Workspace,gmail-smtp-in.l.google.com,FALSE,,,,,,,,,,,,,,,,,,,,,,,,,,,,No,,,,,,,,,,Smartlead users sheet; SL users validated; campaign_leads_2026-03-23_20-27-04_results - campaign_leads_2026-03-23_20-27-04_results.csv,,,,,,,,,,false,enrich,gmail,"""2026-06-06T10:37:49.559Z""",Gmail / Google Workspace,,,,,,,,,
,,contact@ordiem.com,,,,,,,,Smartlead users sheet; SL users validated; campaign_leads_2026-03-23_20-27-04_results - campaign_leads_2026-03-23_20-27-04_results.csv; Imported Leads,Yes,deliverable,No,,,,,,,,,,,,,,,,,,,,,,,,,,,,,,,,,,,,,,,,,,,,,,,,,,,,,,,,,,,,,,,,,,,,,,,,,Email is valid.,Google Workspace,aspmx.l.google.com,FALSE,,,,,,,,,,,,,,,,,,,,,,,,,,,,No,,,,,,,,,,Smartlead users sheet; SL users validated; campaign_leads_2026-03-23_20-27-04_results - campaign_leads_2026-03-23_20-27-04_results.csv,,,,,,,,,,false,enrich,gmail,"""2026-06-06T10:37:49.731Z""",Gmail / Google Workspace,,,,,,,,,
,,manuel.lourenco@remotecrew.io,,,,,,,,Smartlead users sheet; SL users validated; campaign_leads_2026-03-23_20-27-04_results - campaign_leads_2026-03-23_20-27-04_results.csv; Imported Leads,Yes,deliverable,No,,,,,,,,,,,,,,,,,,,,,,,,,,,,,,,,,,,,,,,,,,,,,,,,,,,,,,,,,,,,,Computer Software,Europe,Portugal,Vantaa,Vantaa,"Vantaa, Lisbon, Portugal",1400,Lisbon,,Remote Crew,11-50,Private,Email is valid.,Google Workspace,aspmx.l.google.com,FALSE,,,,,,,,,,,,,,,,,,,,,,,,,,,,No,,,,,,,,,,Smartlead users sheet; SL users validated; campaign_leads_2026-03-23_20-27-04_results - campaign_leads_2026-03-23_20-27-04_results.csv,,,,,,,,,,false,enrich,gmail,"""2026-06-06T10:37:49.689Z""",Gmail / Google Workspace,,,,,,,,,
,,contact@laurie-durand.com,,,,,,,,Smartlead users sheet; SL users validated; campaign_leads_2026-03-23_20-27-04_results - campaign_leads_2026-03-23_20-27-04_results.csv; Imported Leads,No,risky,No,,,,,,,,,,,,,,,,,,,,,,,,,,,,,,,,,,,,,,,,,,,,,,,,,,,,,,,,,,,,,Public Relations And Communications,,,,,,,,,Laurie Durand - Seo & Création De Contenu,1-10,Private,Email is valid.,,mx00.ionos.fr,FALSE,,,,,,,,,,,,,,,,,,,,,,,,,,,,No,,,,,,,,,,Smartlead users sheet; SL users validated; campaign_leads_2026-03-23_20-27-04_results - campaign_leads_2026-03-23_20-27-04_results.csv,,,,,,,,,,false,enrich,other,"""2026-06-06T10:37:49.922Z""",Other,,,,,,,,,
,,account@easy2.de,,,,,,,,Smartlead users sheet; SL users validated; campaign_leads_2026-03-23_20-27-04_results - campaign_leads_2026-03-23_20-27-04_results.csv; Imported Leads,Yes,deliverable,No,,,,,,,,,,,,,,,,,,,,,,,,,,,,,,,,,,,,,,,,,,,,,,,,,,,,,,,,,,,,2021,Marketing And Advertising,Europe,Germany,Dinslaken,Dinslaken,"Dinslaken, North Rhine-westphalia, Germany",46539,North Rhine-westphalia,226c Kurt-schumacher-straße,Easy2 Gmbh,1-10,Private,Email is valid.,Google Workspace,aspmx.l.google.com,FALSE,,,,,,,,,,,,,,,,,,,,,,,,,,,,No,,,,,,,,,,Smartlead users sheet; SL users validated; campaign_leads_2026-03-23_20-27-04_results - campaign_leads_2026-03-23_20-27-04_results.csv,,,,,,,,,,false,enrich,gmail,"""2026-06-06T10:37:49.685Z""",Gmail / Google Workspace,,,,,,,,,
,,pietari.kolari@leadgemfi.com,,,,,,,,Smartlead users sheet; SL users validated; campaign_leads_2026-03-23_20-27-04_results - campaign_leads_2026-03-23_20-27-04_results.csv; Imported Leads,Yes,deliverable,No,,,,,,,,,,,,,,,,,,,,,,,,,,,,,,,,,,,,,,,,,,,,,,,,,,,,,,,,,,,,,,,,,,,,,,,,,Email is valid.,Google Workspace,aspmx.l.google.com,FALSE,,,,,,,,,,,,,,,,,,,,,,,,,,,,No,,,,,,,,,,Smartlead users sheet; SL users validated; campaign_leads_2026-03-23_20-27-04_results - campaign_leads_2026-03-23_20-27-04_results.csv,,,,,,,,,,false,enrich,gmail,"""2026-06-06T10:37:49.712Z""",Gmail / Google Workspace,,,,,,,,,
,,ayman@tikscale.net,,,,,,,,Smartlead users sheet; SL users validated; campaign_leads_2026-03-23_20-27-04_results - campaign_leads_2026-03-23_20-27-04_results.csv; Imported Leads,Yes,deliverable,No,,,,,,,,,,,,,,,,,,,,,,,,,,,,,,,,,,,,,,,,,,,,,,,,,,,,,,,,,,,,2022,Marketing And Advertising,North America,Canada,Montreal,Montreal,"Montreal, Quebec, Canada",j3y 8v7,Quebec,,Tikscale,1-10,Private,Email is valid.,Google Workspace,aspmx.l.google.com,FALSE,,,,,,,,,,,,,,,,,,,,,,,,,,,,No,,,,,,,,,,Smartlead users sheet; SL users validated; campaign_leads_2026-03-23_20-27-04_results - campaign_leads_2026-03-23_20-27-04_results.csv,,,,,,,,,,false,enrich,gmail,"""2026-06-06T10:37:49.705Z""",Gmail / Google Workspace,,,,,,,,,
,,james@veremark.com,,,,,,,,Smartlead users sheet; SL users validated; campaign_leads_2026-03-23_20-27-04_results - campaign_leads_2026-03-23_20-27-04_results.csv; Imported Leads,Yes,deliverable,No,,,,,,,,,,,,,,,,,,,,,,,,,,,,,,,,,,,,,,,,,,,,,,,,,,,,,,,,,,,,2018,Human Resources,Europe,United Kingdom,London,London,"London, England, United Kingdom",w1w 7lt,England,85 Great Portland Street,Veremark,51-200,Private,Email is valid.,Google Workspace,aspmx.l.google.com,FALSE,,,,,,,,,,,,,,,,,,,,,,,,,,,,No,,,,,,,,,,Smartlead users sheet; SL users validated; campaign_leads_2026-03-23_20-27-04_results - campaign_leads_2026-03-23_20-27-04_results.csv,,,,,,,,,,false,enrich,gmail,"""2026-06-06T10:37:49.690Z""",Gmail / Google Workspace,,,,,,,,,
,,bart.depelsmaeker@gmail.com,,,,,,,,Smartlead users sheet; SL users validated; campaign_leads_2026-03-23_20-27-04_results - campaign_leads_2026-03-23_20-27-04_results.csv; Imported Leads,No,risky,No,,,,,,,,,,,,,,,,,,,,,,,,,,,,,,,,,,,,,,,,,,,,,,,,,,,,,,,,,,,,,,,,,,,,,,,,,Email is valid.,Google Workspace,gmail-smtp-in.l.google.com,FALSE,,,,,,,,,,,,,,,,,,,,,,,,,,,,No,,,,,,,,,,Smartlead users sheet; SL users validated; campaign_leads_2026-03-23_20-27-04_results - campaign_leads_2026-03-23_20-27-04_results.csv,,,,,,,,,,false,enrich,gmail,"""2026-06-06T10:37:49.559Z""",Gmail / Google Workspace,,,,,,,,,
,,michael@staymaven.co,,,,,,,,Smartlead users sheet; SL users validated; campaign_leads_2026-03-23_20-27-04_results - campaign_leads_2026-03-23_20-27-04_results.csv; Imported Leads,Yes,deliverable,No,,,,,,,,,,,,,,,,,,,,,,,,,,,,,,,,,,,,,,,,,,,,,,,,,,,,,,,,,,,,2021,Hospitality,North America,United States,Durham,Durham,"Durham, North Carolina, United States",27705,North Carolina,,Stay Maven,1-10,Private,Email is valid.,Google Workspace,aspmx.l.google.com,FALSE,,,,,,,,,,,,,,,,,,,,,,,,,,,,No,,,,,,,,,,Smartlead users sheet; SL users validated; campaign_leads_2026-03-23_20-27-04_results - campaign_leads_2026-03-23_20-27-04_results.csv,,,,,,,,,,false,enrich,gmail,"""2026-06-06T10:37:49.717Z""",Gmail / Google Workspace,,,,,,,,,
,,daniyal@mekkio.com,,,,,,,,Smartlead users sheet; SL users validated; campaign_leads_2026-03-23_20-27-04_results - campaign_leads_2026-03-23_20-27-04_results.csv; Imported Leads,Yes,deliverable,No,,,,,,,,,,,,,,,,,,,,,,,,,,,,,,,,,,,,,,,,,,,,,,,,,,,,,,,,,,,,,,,,,,,,,,,,,Email is valid.,Zoho Mail,mx.zoho.com,FALSE,,,,,,,,,,,,,,,,,,,,,,,,,,,,No,,,,,,,,,,Smartlead users sheet; SL users validated; campaign_leads_2026-03-23_20-27-04_results - campaign_leads_2026-03-23_20-27-04_results.csv,,,,,,,,,,false,enrich,zoho,"""2026-06-06T10:37:49.742Z""",Zoho Mail,,,,,,,,,
,,tin@gruntwork.io,,,,,,,,Smartlead users sheet; SL users validated; campaign_leads_2026-03-23_20-27-04_results - campaign_leads_2026-03-23_20-27-04_results.csv; Imported Leads,Yes,deliverable,No,,,,,,,,,,,,,,,,,,,,,,,,,,,,,,,,,,,,,,,,,,,,,,,,,,,,,,,,,,,facebook.com/gruntworkio,2016,Computer Software,North America,United States,Phoenix,Phoenix,"Phoenix, Arizona, United States",,Arizona,221 East Indianola Avenue,Gruntwork,11-50,Private,Email is valid.,Google Workspace,aspmx.l.google.com,FALSE,,,,,,,,,,,,,,,,,,,,,,,,,,,,No,,,,,,,,,,Smartlead users sheet; SL users validated; campaign_leads_2026-03-23_20-27-04_results - campaign_leads_2026-03-23_20-27-04_results.csv,,,,,,,,,,false,enrich,gmail,"""2026-06-06T10:37:49.904Z""",Gmail / Google Workspace,,,,,,,,,
,,idurovic@atmotube.com,,,,,,,,Smartlead users sheet; SL users validated; campaign_leads_2026-03-23_20-27-04_results - campaign_leads_2026-03-23_20-27-04_results.csv; Imported Leads,Yes,deliverable,No,,,,,,,,,,,,,,,,,,,,,,,,,,,,,,,,,,,,,,,,,,,,,,,,,,,,,,,,,,,facebook.com/atmotube,2015,Consumer Electronics,North America,United States,San Francisco,San Francisco,"San Francisco, California, United States",94111,California,100 Pine Street,Atmo®,11-50,Private,Email is valid.,Google Workspace,aspmx.l.google.com,FALSE,,,,,,,,,,,,,,,,,,,,,,,,,,,,No,,,,,,,,,,Smartlead users sheet; SL users validated; campaign_leads_2026-03-23_20-27-04_results - campaign_leads_2026-03-23_20-27-04_results.csv,,,,,,,,,,false,enrich,gmail,"""2026-06-06T10:37:49.899Z""",Gmail / Google Workspace,,,,,,,,,
,,jon@scopestack.io,,,,,,,,Smartlead users sheet; SL users validated; campaign_leads_2026-03-23_20-27-04_results - campaign_leads_2026-03-23_20-27-04_results.csv; Imported Leads,Yes,deliverable,No,,,,,,,,,,,,,,,,,,,,,,,,,,,,,,,,,,,,,,,,,,,,,,,,,,,,,,,,,,,,2018,Information Technology And Services,North America,United States,Greenville,Greenville,"Greenville, South Carolina, United States",29616,South Carolina,P/o Box 26974,Scopestack,11-50,Private,Email is valid.,Google Workspace,aspmx.l.google.com,FALSE,,,,,,,,,,,,,,,,,,,,,,,,,,,,No,,,,,,,,,,Smartlead users sheet; SL users validated; campaign_leads_2026-03-23_20-27-04_results - campaign_leads_2026-03-23_20-27-04_results.csv,,,,,,,,,,false,enrich,gmail,"""2026-06-06T10:37:49.689Z""",Gmail / Google Workspace,,,,,,,,,
,,lyon3582@gmail.com,,,,,,,,Smartlead users sheet; SL users validated; campaign_leads_2026-03-23_20-27-04_results - campaign_leads_2026-03-23_20-27-04_results.csv; Imported Leads,No,risky,No,,,,,,,,,,,,,,,,,,,,,,,,,,,,,,,,,,,,,,,,,,,,,,,,,,,,,,,,,,,,,,,,,,,,,,,,,Email is valid.,Google Workspace,gmail-smtp-in.l.google.com,FALSE,,,,,,,,,,,,,,,,,,,,,,,,,,,,No,,,,,,,,,,Smartlead users sheet; SL users validated; campaign_leads_2026-03-23_20-27-04_results - campaign_leads_2026-03-23_20-27-04_results.csv,,,,,,,,,,false,enrich,gmail,"""2026-06-06T10:37:49.559Z""",Gmail / Google Workspace,,,,,,,,,
,,info@elitefinanceteam.com,,,,,,,,Smartlead users sheet; SL users validated; campaign_leads_2026-03-23_20-27-04_results - campaign_leads_2026-03-23_20-27-04_results.csv; Imported Leads,Yes,deliverable,No,,,,,,,,,,,,,,,,,,,,,,,,,,,,,,,,,,,,,,,,,,,,,,,,,,,,,,,,,,,,2021,Management Consulting,North America,United States,Red Bank,Red Bank,"Red Bank, New Jersey, United States",7701,New Jersey,125 Half Mile Road,Elite Finance Team,11-50,Private,Email is valid.,Google Workspace,aspmx.l.google.com,FALSE,,,,,,,,,,,,,,,,,,,,,,,,,,,,No,,,,,,,,,,Smartlead users sheet; SL users validated; campaign_leads_2026-03-23_20-27-04_results - campaign_leads_2026-03-23_20-27-04_results.csv,,,,,,,,,,false,enrich,gmail,"""2026-06-06T10:37:49.685Z""",Gmail / Google Workspace,,,,,,,,,
,,andre@eversenselead.com,,,,,,,,Smartlead users sheet; SL users validated; campaign_leads_2026-03-23_20-27-04_results - campaign_leads_2026-03-23_20-27-04_results.csv; Imported Leads,Yes,deliverable,No,,,,,,,,,,,,,,,,,,,,,,,,,,,,,,,,,,,,,,,,,,,,,,,,,,,,,,,,,,,,,,,,,,,,,,,,,Email is valid.,Google Workspace,smtp.google.com,FALSE,,,,,,,,,,,,,,,,,,,,,,,,,,,,No,,,,,,,,,,Smartlead users sheet; SL users validated; campaign_leads_2026-03-23_20-27-04_results - campaign_leads_2026-03-23_20-27-04_results.csv,,,,,,,,,,false,enrich,gmail,"""2026-06-06T10:37:49.711Z""",Gmail / Google Workspace,,,,,,,,,
,,marketing-services@global-exam.com,,,,,,,,Smartlead users sheet; SL users validated; campaign_leads_2026-03-23_20-27-04_results - campaign_leads_2026-03-23_20-27-04_results.csv; Imported Leads,Yes,deliverable,No,,,,,,,,,,,,,,,,,,,,,,,,,,,,,,,,,,,,,,,,,,,,,,,,,,,,,,,,,,,facebook.com/global.exam,2013,Professional Training & Coaching,Europe,France,Paris,Paris,"Paris, Île-de-france, France",75009,Île-de-france,55 Rue De Châteaudun,Globalexam,51-200,Private,Email is valid.,Google Workspace,aspmx.l.google.com,FALSE,,,,,,,,,,,,,,,,,,,,,,,,,,,,No,,,,,,,,,,Smartlead users sheet; SL users validated; campaign_leads_2026-03-23_20-27-04_results - campaign_leads_2026-03-23_20-27-04_results.csv,,,,,,,,,,false,enrich,gmail,"""2026-06-06T10:37:49.874Z""",Gmail / Google Workspace,,,,,,,,,
,,kim@kjulesme.com,,,,,,,,Smartlead users sheet; SL users validated; campaign_leads_2026-03-23_20-27-04_results - campaign_leads_2026-03-23_20-27-04_results.csv; Imported Leads,Yes,deliverable,No,,,,,,,,,,,,,,,,,,,,,,,,,,,,,,,,,,,,,,,,,,,,,,,,,,,,,,,,,,,,,,,,,,,,,,,,,Email is valid.,Google Workspace,smtp.google.com,FALSE,,,,,,,,,,,,,,,,,,,,,,,,,,,,No,,,,,,,,,,Smartlead users sheet; SL users validated; campaign_leads_2026-03-23_20-27-04_results - campaign_leads_2026-03-23_20-27-04_results.csv,,,,,,,,,,false,enrich,gmail,"""2026-06-06T10:37:49.742Z""",Gmail / Google Workspace,,,,,,,,,
,,shubhendra@msg91.com,,,,,,,,Smartlead users sheet; SL users validated; campaign_leads_2026-03-23_20-27-04_results - campaign_leads_2026-03-23_20-27-04_results.csv; Imported Leads,Yes,deliverable,No,,,,,,,,,,,,,,,,,,,,,,,,,,,,,,,,,,,,,,,,,,,,,,,,,,,,,,,,,,,facebook.com/msg91,2010,Telecommunications,Asia,India,Indore Tillaknagar,Indore Tillaknagar,"Indore Tillaknagar, Madhya Pradesh, India",452018,Madhya Pradesh,405-406 Captain C.south Naidu Arcade Old Palasia Near Greater Kailash Hospital,Msg91,51-200,Private,Email is valid.,Google Workspace,aspmx.l.google.com,FALSE,,,,,,,,,,,,,,,,,,,,,,,,,,,,No,,,,,,,,,,Smartlead users sheet; SL users validated; campaign_leads_2026-03-23_20-27-04_results - campaign_leads_2026-03-23_20-27-04_results.csv,,,,,,,,,,false,enrich,gmail,"""2026-06-06T10:37:49.874Z""",Gmail / Google Workspace,,,,,,,,,
,,xue@xuexia.me,,,,,,,,Smartlead users sheet; SL users validated; campaign_leads_2026-03-23_20-27-04_results - campaign_leads_2026-03-23_20-27-04_results.csv; Imported Leads,Yes,deliverable,No,,,,,,,,,,,,,,,,,,,,,,,,,,,,,,,,,,,,,,,,,,,,,,,,,,,,,,,,,,,,,,,,,,,,,,,,,Email is valid.,Google Workspace,aspmx.l.google.com,FALSE,,,,,,,,,,,,,,,,,,,,,,,,,,,,No,,,,,,,,,,Smartlead users sheet; SL users validated; campaign_leads_2026-03-23_20-27-04_results - campaign_leads_2026-03-23_20-27-04_results.csv,,,,,,,,,,false,enrich,gmail,"""2026-06-06T10:37:49.684Z""",Gmail / Google Workspace,,,,,,,,,
,,willcoldemails@gmail.com,,,,,,,,Smartlead users sheet; SL users validated; campaign_leads_2026-03-23_20-27-04_results - campaign_leads_2026-03-23_20-27-04_results.csv; Imported Leads,No,risky,No,,,,,,,,,,,,,,,,,,,,,,,,,,,,,,,,,,,,,,,,,,,,,,,,,,,,,,,,,,,,,,,,,,,,,,,,,Email is valid.,Google Workspace,gmail-smtp-in.l.google.com,FALSE,,,,,,,,,,,,,,,,,,,,,,,,,,,,No,,,,,,,,,,Smartlead users sheet; SL users validated; campaign_leads_2026-03-23_20-27-04_results - campaign_leads_2026-03-23_20-27-04_results.csv,,,,,,,,,,false,enrich,gmail,"""2026-06-06T10:37:49.559Z""",Gmail / Google Workspace,,,,,,,,,
,,ghoward@rezonaterecruitment.com,,,,,,,,Smartlead users sheet; SL users validated; campaign_leads_2026-03-23_20-27-04_results - campaign_leads_2026-03-23_20-27-04_results.csv; Imported Leads,Yes,deliverable,No,,,,,,,,,,,,,,,,,,,,,,,,,,,,,,,,,,,,,,,,,,,,,,,,,,,,,,,,,,,,2024,Staffing And Recruiting,Oceania,Australia,Cremorne,Cremorne,"Cremorne, Victoria, Australia",3121,Victoria,47 Dover Street,Rezonate Recruitment,1-10,Private,Email is valid.,Google Workspace,aspmx.l.google.com,FALSE,,,,,,,,,,,,,,,,,,,,,,,,,,,,No,,,,,,,,,,Smartlead users sheet; SL users validated; campaign_leads_2026-03-23_20-27-04_results - campaign_leads_2026-03-23_20-27-04_results.csv,,,,,,,,,,false,enrich,gmail,"""2026-06-06T10:37:49.739Z""",Gmail / Google Workspace,,,,,,,,,
,,tim@inniches.com,,,,,,,,Smartlead users sheet; SL users validated; campaign_leads_2026-03-23_20-27-04_results - campaign_leads_2026-03-23_20-27-04_results.csv; Imported Leads,Yes,deliverable,No,,,,,,,,,,,,,,,,,,,,,,,,,,,,,,,,,,,,,,,,,,,,,,,,,,,,,,,,,,,,,Venture Capital & Private Equity,,,,,,,,,Venture Studio Family,1-10,Private,Email is valid.,Google Workspace,smtp.google.com,FALSE,,,,,,,,,,,,,,,,,,,,,,,,,,,,No,,,,,,,,,,Smartlead users sheet; SL users validated; campaign_leads_2026-03-23_20-27-04_results - campaign_leads_2026-03-23_20-27-04_results.csv,,,,,,,,,,false,enrich,gmail,"""2026-06-06T10:37:49.657Z""",Gmail / Google Workspace,,,,,,,,,
,,bn@joinscaleup.com,,,,,,,,Smartlead users sheet; SL users validated; campaign_leads_2026-03-23_20-27-04_results - campaign_leads_2026-03-23_20-27-04_results.csv; Imported Leads,Yes,deliverable,No,,,,,,,,,,,,,,,,,,,,,,,,,,,,,,,,,,,,,,,,,,,,,,,,,,,,,,,,,,,,2021,Internet,North America,United States,Atlanta,Atlanta,"Atlanta, Georgia, United States",,Georgia,,"Scaleup, Inc.",1-10,Private,Email is valid.,Google Workspace,aspmx.l.google.com,FALSE,,,,,,,,,,,,,,,,,,,,,,,,,,,,No,,,,,,,,,,Smartlead users sheet; SL users validated; campaign_leads_2026-03-23_20-27-04_results - campaign_leads_2026-03-23_20-27-04_results.csv,,,,,,,,,,false,enrich,gmail,"""2026-06-06T10:37:49.705Z""",Gmail / Google Workspace,,,,,,,,,
,,satyatysk@gmail.com,,,,,,,,Smartlead users sheet; SL users validated; campaign_leads_2026-03-23_20-27-04_results - campaign_leads_2026-03-23_20-27-04_results.csv; Imported Leads,No,risky,No,,,,,,,,,,,,,,,,,,,,,,,,,,,,,,,,,,,,,,,,,,,,,,,,,,,,,,,,,,,,,,,,,,,,,,,,,Email is valid.,Google Workspace,gmail-smtp-in.l.google.com,FALSE,,,,,,,,,,,,,,,,,,,,,,,,,,,,No,,,,,,,,,,Smartlead users sheet; SL users validated; campaign_leads_2026-03-23_20-27-04_results - campaign_leads_2026-03-23_20-27-04_results.csv,,,,,,,,,,false,enrich,gmail,"""2026-06-06T10:37:49.559Z""",Gmail / Google Workspace,,,,,,,,,
,,anthony@vixmg.com,,,,,,,,Smartlead users sheet; SL users validated; campaign_leads_2026-03-23_20-27-04_results - campaign_leads_2026-03-23_20-27-04_results.csv; Imported Leads,Yes,deliverable,No,,,,,,,,,,,,,,,,,,,,,,,,,,,,,,,,,,,,,,,,,,,,,,,,,,,,,,,,,,,,,,,,,,,,,,,,,Email is valid.,Google Workspace,aspmx.l.google.com,FALSE,,,,,,,,,,,,,,,,,,,,,,,,,,,,No,,,,,,,,,,Smartlead users sheet; SL users validated; campaign_leads_2026-03-23_20-27-04_results - campaign_leads_2026-03-23_20-27-04_results.csv,,,,,,,,,,false,enrich,gmail,"""2026-06-06T10:37:49.735Z""",Gmail / Google Workspace,,,,,,,,,
,,admin@freedomcodecompliance.com,,,,,,,,Smartlead users sheet; SL users validated; campaign_leads_2026-03-23_20-27-04_results - campaign_leads_2026-03-23_20-27-04_results.csv; Imported Leads,Yes,deliverable,No,,,,,,,,,,,,,,,,,,,,,,,,,,,,,,,,,,,,,,,,,,,,,,,,,,,,,,,,,,,,2023,Construction,North America,United States,Stuart,Stuart,"Stuart, Florida, United States",34997,Florida,,Freedom Code Compliance,1-10,Private,Email is valid.,Google Workspace,aspmx.l.google.com,FALSE,,,,,,,,,,,,,,,,,,,,,,,,,,,,No,,,,,,,,,,Smartlead users sheet; SL users validated; campaign_leads_2026-03-23_20-27-04_results - campaign_leads_2026-03-23_20-27-04_results.csv,,,,,,,,,,false,enrich,gmail,"""2026-06-06T10:37:49.701Z""",Gmail / Google Workspace,,,,,,,,,
,,lee@chrsma.co,,,,,,,,Smartlead users sheet; SL users validated; campaign_leads_2026-03-23_20-27-04_results - campaign_leads_2026-03-23_20-27-04_results.csv; Imported Leads,Yes,deliverable,No,,,,,,,,,,,,,,,,,,,,,,,,,,,,,,,,,,,,,,,,,,,,,,,,,,,,,,,,,,,,,,,,,,,,,,,,,Email is valid.,Google Workspace,smtp.google.com,FALSE,,,,,,,,,,,,,,,,,,,,,,,,,,,,No,,,,,,,,,,Smartlead users sheet; SL users validated; campaign_leads_2026-03-23_20-27-04_results - campaign_leads_2026-03-23_20-27-04_results.csv,,,,,,,,,,false,enrich,gmail,"""2026-06-06T10:37:49.706Z""",Gmail / Google Workspace,,,,,,,,,
,,justin@loudcrowd.com,,,,,,,,Smartlead users sheet; SL users validated; campaign_leads_2026-03-23_20-27-04_results - campaign_leads_2026-03-23_20-27-04_results.csv; Imported Leads,Yes,deliverable,No,,,,,,,,,,,,,,,,,,,,,,,,,,,,,,,,,,,,,,,,,,,,,,,,,,,,,,,,,,,facebook.com/getloudcrowd,2019,Computer Software,North America,United States,Austin,Austin,"Austin, Texas, United States",78701,Texas,,Loudcrowd,11-50,Private,Email is valid.,Google Workspace,aspmx.l.google.com,FALSE,,,,,,,,,,,,,,,,,,,,,,,,,,,,No,,,,,,,,,,Smartlead users sheet; SL users validated; campaign_leads_2026-03-23_20-27-04_results - campaign_leads_2026-03-23_20-27-04_results.csv,,,,,,,,,,false,enrich,gmail,"""2026-06-06T10:37:49.685Z""",Gmail / Google Workspace,,,,,,,,,
,,bhairav+zenlytic@characterquilt.com,,,,,,,,Smartlead users sheet; SL users validated; campaign_leads_2026-03-23_20-27-04_results - campaign_leads_2026-03-23_20-27-04_results.csv; Imported Leads,No,undeliverable,No,,,,,,,,,,,,,,,,,,,,,,,,,,,,,,,,,,,,,,,,,,,,,,,,,,,,,,,,,,,,,,,,,,,,,,,,,Email is valid.,Google Workspace,aspmx.l.google.com,FALSE,,,,,,,,,,,,,,,,,,,,,,,,,,,,No,,,,,,,,,,Smartlead users sheet; SL users validated; campaign_leads_2026-03-23_20-27-04_results - campaign_leads_2026-03-23_20-27-04_results.csv,,,,,,,,,,false,enrich,gmail,"""2026-06-06T10:37:49.690Z""",Gmail / Google Workspace,,,,,,,,,
,,jon@dactilar.agency,,,,,,,,Smartlead users sheet; SL users validated; campaign_leads_2026-03-23_20-27-04_results - campaign_leads_2026-03-23_20-27-04_results.csv; Imported Leads,Yes,deliverable,No,,,,,,,,,,,,,,,,,,,,,,,,,,,,,,,,,,,,,,,,,,,,,,,,,,,,,,,,,,,facebook.com/dactilar.agency,,Marketing And Advertising,,,,,,,,,Dactilar - Agencia Digital,1-10,Private,Email is valid.,Google Workspace,aspmx.l.google.com,FALSE,,,,,,,,,,,,,,,,,,,,,,,,,,,,No,,,,,,,,,,Smartlead users sheet; SL users validated; campaign_leads_2026-03-23_20-27-04_results - campaign_leads_2026-03-23_20-27-04_results.csv,,,,,,,,,,false,enrich,gmail,"""2026-06-06T10:37:49.667Z""",Gmail / Google Workspace,,,,,,,,,
,,john@quanthealth.ai,,,,,,,,Smartlead users sheet; SL users validated; campaign_leads_2026-03-23_20-27-04_results - campaign_leads_2026-03-23_20-27-04_results.csv; Imported Leads,Yes,deliverable,No,,,,,,,,,,,,,,,,,,,,,,,,,,,,,,,,,,,,,,,,,,,,,,,,,,,,,,,,,,,,2020,Biotechnology,Asia,Israel,,,,,Tel Aviv,,Quanthealth,11-50,Private,Email is valid.,Google Workspace,aspmx.l.google.com,FALSE,,,,,,,,,,,,,,,,,,,,,,,,,,,,No,,,,,,,,,,Smartlead users sheet; SL users validated; campaign_leads_2026-03-23_20-27-04_results - campaign_leads_2026-03-23_20-27-04_results.csv,,,,,,,,,,false,enrich,gmail,"""2026-06-06T10:37:49.874Z""",Gmail / Google Workspace,,,,,,,,,
,,jon@thegood.com,,,,,,,,Smartlead users sheet; SL users validated; campaign_leads_2026-03-23_20-27-04_results - campaign_leads_2026-03-23_20-27-04_results.csv; Imported Leads,Yes,deliverable,No,,,,,,,,,,,,,,,,,,,,,,,,,,,,,,,,,,,,,,,,,,,,,,,,,,,,,,,,,,,facebook.com/thegoodgroup,2009,Information Technology And Services,North America,United States,Portland,Portland,"Portland, Oregon, United States",,Oregon,,The Good,11-50,Private,Email is valid.,Google Workspace,aspmx.l.google.com,FALSE,,,,,,,,,,,,,,,,,,,,,,,,,,,,No,,,,,,,,,,Smartlead users sheet; SL users validated; campaign_leads_2026-03-23_20-27-04_results - campaign_leads_2026-03-23_20-27-04_results.csv,,,,,,,,,,false,enrich,gmail,"""2026-06-06T10:37:49.657Z""",Gmail / Google Workspace,,,,,,,,,
,,sam@inference.net,,,,,,,,Smartlead users sheet; SL users validated; campaign_leads_2026-03-23_20-27-04_results - campaign_leads_2026-03-23_20-27-04_results.csv; Imported Leads,Yes,deliverable,No,,,,,,,,,,,,,,,,,,,,,,,,,,,,,,,,,,,,,,,,,,,,,,,,,,,,,,,,,,,,2023,Computer Software,North America,United States,San Francisco,San Francisco,"San Francisco, California, United States",94111,California,,Kuzco,1-10,Private,Email is valid.,Google Workspace,smtp.google.com,FALSE,,,,,,,,,,,,,,,,,,,,,,,,,,,,No,,,,,,,,,,Smartlead users sheet; SL users validated; campaign_leads_2026-03-23_20-27-04_results - campaign_leads_2026-03-23_20-27-04_results.csv,,,,,,,,,,false,enrich,gmail,"""2026-06-06T10:37:49.625Z""",Gmail / Google Workspace,,,,,,,,,
,,joe@publicus.ai,,,,,,,,Smartlead users sheet; SL users validated; campaign_leads_2026-03-23_20-27-04_results - campaign_leads_2026-03-23_20-27-04_results.csv; Imported Leads,Yes,deliverable,No,,,,,,,,,,,,,,,,,,,,,,,,,,,,,,,,,,,,,,,,,,,,,,,,,,,,,,,,,,,,,,North America,Canada,Toronto,Toronto,"Toronto, Ontario, Canada",,Ontario,,Publicus,1-10,Private,Email is valid.,Google Workspace,smtp.google.com,FALSE,,,,,,,,,,,,,,,,,,,,,,,,,,,,No,,,,,,,,,,Smartlead users sheet; SL users validated; campaign_leads_2026-03-23_20-27-04_results - campaign_leads_2026-03-23_20-27-04_results.csv,,,,,,,,,,false,enrich,gmail,"""2026-06-06T10:37:49.657Z""",Gmail / Google Workspace,,,,,,,,,
,,info@bridgeheadleads.com,,,,,,,,Smartlead users sheet; SL users validated; campaign_leads_2026-03-23_20-27-04_results - campaign_leads_2026-03-23_20-27-04_results.csv; Imported Leads,Yes,deliverable,No,,,,,,,,,,,,,,,,,,,,,,,,,,,,,,,,,,,,,,,,,,,,,,,,,,,,,,,,,,,,,,,,,,,,,,,,,Email is valid.,,bridgeheadleads.com,FALSE,,,,,,,,,,,,,,,,,,,,,,,,,,,,No,,,,,,,,,,Smartlead users sheet; SL users validated; campaign_leads_2026-03-23_20-27-04_results - campaign_leads_2026-03-23_20-27-04_results.csv,,,,,,,,,,false,enrich,other,"""2026-06-06T10:37:50.102Z""",Other,,,,,,,,,
,,ds@aforas.com,,,,,,,,Smartlead users sheet; SL users validated; campaign_leads_2026-03-23_20-27-04_results - campaign_leads_2026-03-23_20-27-04_results.csv; Imported Leads,Yes,deliverable,No,,,,,,,,,,,,,,,,,,,,,,,,,,,,,,,,,,,,,,,,,,,,,,,,,,,,,,,,,,,,,,,,,,,,,,,,,Email is valid.,Google Workspace,aspmx.l.google.com,FALSE,,,,,,,,,,,,,,,,,,,,,,,,,,,,No,,,,,,,,,,Smartlead users sheet; SL users validated; campaign_leads_2026-03-23_20-27-04_results - campaign_leads_2026-03-23_20-27-04_results.csv,,,,,,,,,,false,enrich,gmail,"""2026-06-06T10:37:49.677Z""",Gmail / Google Workspace,,,,,,,,,
,,swillutzki@rappit.io,,,,,,,,Smartlead users sheet; SL users validated; campaign_leads_2026-03-23_20-27-04_results - campaign_leads_2026-03-23_20-27-04_results.csv; Imported Leads,No,risky,No,,,,,,,,,,,,,,,,,,,,,,,,,,,,,,,,,,,,,,,,,,,,,,,,,,,,,,,,,,,facebook.com/vanenburgsoftware,2009,Computer Software,Europe,Netherlands,Putten,Putten,"Putten, Gelderland, Netherlands",,Gelderland,,Rappit,201-500,Private,Email is valid.,Google Workspace,aspmx.l.google.com,FALSE,,,,,,,,,,,,,,,,,,,,,,,,,,,,No,,,,,,,,,,Smartlead users sheet; SL users validated; campaign_leads_2026-03-23_20-27-04_results - campaign_leads_2026-03-23_20-27-04_results.csv,,,,,,,,,,false,enrich,gmail,"""2026-06-06T10:37:49.667Z""",Gmail / Google Workspace,,,,,,,,,
Santanu,DasGupta,santanu@meerkats.ai,Meerkats.ai,Co-Founder,,,,,,Smartlead users sheet; SL users validated; campaign_leads_2026-03-23_20-27-04_results - campaign_leads_2026-03-23_20-27-04_results.csv; Imported Leads,Yes,deliverable,No,,,,,http://www.meerkats.ai,,,,,,,,,,,,,,,,,,,,,"Bengaluru, Karnataka, India",https://media.licdn.com/dms/image/v2/D560BAQH81S-SDehF4w/company-logo_200_200/B56ZpI3gAbIcAI-/0/1762159100424/meerkats_ai_logo?e=1776902400&v=beta&t=1mwx1YH3iEqwz6dkBXiNXJVGI_TdJdvwESBLnCA5ie8,,,,,https://www.linkedin.com/company/91162531,,,,,,,3,,2026-04-01T11:45:27.137Z,,,,,,,,Marketing Services,,,,,,,,,,,,,,,,,,,,,,,,,,,,"Bangalore Urban, Karnataka, India",,,,,,,urn:li:member:411199,true,,,,,,,,,,true,https://media.licdn.com/dms/image/v2/D5603AQHhR5ZD0ZI6oA/profile-displayphoto-scale_100_100/B56Zd9p_R6HQAc-/0/1750159858561?e=1776902400&v=beta&t=0uic1VtRQoAxwoh-AlHFaThz_eYjlbZpmBs6G5tES0A,https://www.linkedin.com/in/ACwAAAAGRj8BUfKza7s6_f9dE25o2MRDNZe2Jm8,,,,,false,,,,,,,Follows your company; 2 recent posts on Linkedin,,,,"Founder @ Meerkats.ai | Ex-Gartner | Booth Alum | 3x Founder, 1 ExitSantanu is the founder of Meerkats.ai - Building Agent skills for growth marketing—one-click install, secure hosting, model-agnostic, and chat-to-launch. No terminals, token burn, or security risk.With a blend of business acumen and technical depth, Santanu has deep experience building high-performance systems and agentic workflows. He’s a 3x founder with one successful exit and previously advised Fortune 500s, SMBs, and scaling startups at Gartner on AI, product strategy, and go-to-market execution.He’s an expert in positioning, messaging, pricing, channels, and crafting business cases for emerging technologies. With Meerkats, growth marketers can scale AgentSkills without infra headache. 1 click install, model agnostic.",,,,2 yrs 11 mos,,,,,,,false,enrich,gmail,"""2026-06-06T10:37:49.677Z""",Gmail / Google Workspace,,,,,,,,,
,,lauren@datawz.com,,,,,,,,Smartlead users sheet; SL users validated; campaign_leads_2026-03-23_20-27-04_results - campaign_leads_2026-03-23_20-27-04_results.csv; Imported Leads,No,risky,No,,,,,,,,,,,,,,,,,,,,,,,,,,,,,,,,,,,,,,,,,,,,,,,,,,,,,,,,,,,,,Internet,Europe,United Kingdom,London,London,"London, England, United Kingdom",,England,,Datawiz,1-10,Private,Email is valid.,Google Workspace,aspmx.l.google.com,FALSE,,,,,,,,,,,,,,,,,,,,,,,,,,,,No,,,,,,,,,,Smartlead users sheet; SL users validated; campaign_leads_2026-03-23_20-27-04_results - campaign_leads_2026-03-23_20-27-04_results.csv,,,,,,,,,,false,enrich,gmail,"""2026-06-06T10:37:49.934Z""",Gmail / Google Workspace,,,,,,,,,
,,robert@aichatpulse.com,,,,,,,,Smartlead users sheet; SL users validated; campaign_leads_2026-03-23_20-27-04_results - campaign_leads_2026-03-23_20-27-04_results.csv; Imported Leads,No,risky,No,,,,,,,,,,,,,,,,,,,,,,,,,,,,,,,,,,,,,,,,,,,,,,,,,,,,,,,,,,,,,,,,,,,,,,,,,Email is valid.,,mx01.ionos.es,FALSE,,,,,,,,,,,,,,,,,,,,,,,,,,,,No,,,,,,,,,,Smartlead users sheet; SL users validated; campaign_leads_2026-03-23_20-27-04_results - campaign_leads_2026-03-23_20-27-04_results.csv,,,,,,,,,,false,enrich,other,"""2026-06-06T10:37:50.013Z""",Other,,,,,,,,,
,,martin.lerda@atomchat.io,,,,,,,,Smartlead users sheet; SL users validated; campaign_leads_2026-03-23_20-27-04_results - campaign_leads_2026-03-23_20-27-04_results.csv; Imported Leads,Yes,deliverable,No,,,,,,,,,,,,,,,,,,,,,,,,,,,,,,,,,,,,,,,,,,,,,,,,,,,,,,,,,,,facebook.com/atomchat.io,2019,Computer Software,North America,United States,Simpsonville,Simpsonville,"Simpsonville, South Carolina, United States",29681,South Carolina,2 Waters Run Lane,Atom,51-200,Private,Email is valid.,Google Workspace,aspmx.l.google.com,FALSE,,,,,,,,,,,,,,,,,,,,,,,,,,,,No,,,,,,,,,,Smartlead users sheet; SL users validated; campaign_leads_2026-03-23_20-27-04_results - campaign_leads_2026-03-23_20-27-04_results.csv,,,,,,,,,,false,enrich,gmail,"""2026-06-06T10:37:49.678Z""",Gmail / Google Workspace,,,,,,,,,
,,div@joinkatalyst.com,,,,,,,,Smartlead users sheet; SL users validated; campaign_leads_2026-03-23_20-27-04_results - campaign_leads_2026-03-23_20-27-04_results.csv; Imported Leads,Yes,deliverable,No,,,,,,,,,,,,,,,,,,,,,,,,,,,,,,,,,,,,,,,,,,,,,,,,,,,,,,,,,,,,,,,,,,,,,,,,,Email is valid.,Google Workspace,aspmx.l.google.com,FALSE,,,,,,,,,,,,,,,,,,,,,,,,,,,,No,,,,,,,,,,Smartlead users sheet; SL users validated; campaign_leads_2026-03-23_20-27-04_results - campaign_leads_2026-03-23_20-27-04_results.csv,,,,,,,,,,false,enrich,gmail,"""2026-06-06T10:37:49.667Z""",Gmail / Google Workspace,,,,,,,,,
,,krista@limadata.com,,,,,,,,Smartlead users sheet; SL users validated; campaign_leads_2026-03-23_20-27-04_results - campaign_leads_2026-03-23_20-27-04_results.csv; Imported Leads,Yes,deliverable,No,,,,,,,,,,,,,,,,,,,,,,,,,,,,,,,,,,,,,,,,,,,,,,,,,,,,,,,,,,,,,,,,,,,,,,,,,Email is valid.,Google Workspace,smtp.google.com,FALSE,,,,,,,,,,,,,,,,,,,,,,,,,,,,No,,,,,,,,,,Smartlead users sheet; SL users validated; campaign_leads_2026-03-23_20-27-04_results - campaign_leads_2026-03-23_20-27-04_results.csv,,,,,,,,,,false,enrich,gmail,"""2026-06-06T10:37:49.677Z""",Gmail / Google Workspace,,,,,,,,,
,,marco@genoma-group.com,,,,,,,,Smartlead users sheet; SL users validated; campaign_leads_2026-03-23_20-27-04_results - campaign_leads_2026-03-23_20-27-04_results.csv; Imported Leads,Yes,deliverable,No,,,,,,,,,,,,,,,,,,,,,,,,,,,,,,,,,,,,,,,,,,,,,,,,,,,,,,,,,,,facebook.com/clickgenerationitaliacheevolve,2022,,Europe,Italy,,,,,,,Genoma,11-50,Private,Email is valid.,,mx.genoma-group.com,FALSE,,,,,,,,,,,,,,,,,,,,,,,,,,,,No,,,,,,,,,,Smartlead users sheet; SL users validated; campaign_leads_2026-03-23_20-27-04_results - campaign_leads_2026-03-23_20-27-04_results.csv,,,,,,,,,,false,enrich,other,"""2026-06-06T10:37:50.210Z""",Other,,,,,,,,,
,,vanceiii@mv3marketing.com,,,,,,,,Smartlead users sheet; SL users validated; campaign_leads_2026-03-23_20-27-04_results - campaign_leads_2026-03-23_20-27-04_results.csv; Imported Leads,Yes,deliverable,No,,,,,,,,,,,,,,,,,,,,,,,,,,,,,,,,,,,,,,,,,,,,,,,,,,,,,,,,,,,facebook.com/mv3marketing,2008,Marketing And Advertising,North America,United States,Raleigh,Raleigh,"Raleigh, North Carolina, United States",27603,North Carolina,7283 Nc Highway 42 West Suite 102-317,Mv3 Marketing,11-50,Private,Email is valid.,Google Workspace,alt1.aspmx.l.google.com,FALSE,,,,,,,,,,,,,,,,,,,,,,,,,,,,No,,,,,,,,,,Smartlead users sheet; SL users validated; campaign_leads_2026-03-23_20-27-04_results - campaign_leads_2026-03-23_20-27-04_results.csv,,,,,,,,,,false,enrich,gmail,"""2026-06-06T10:37:49.678Z""",Gmail / Google Workspace,,,,,,,,,
,,matt@stoneroadpartners.com,,,,,,,,Smartlead users sheet; SL users validated; campaign_leads_2026-03-23_20-27-04_results - campaign_leads_2026-03-23_20-27-04_results.csv; Imported Leads,Yes,deliverable,No,,,,,,,,,,,,,,,,,,,,,,,,,,,,,,,,,,,,,,,,,,,,,,,,,,,,,,,,,,,,,Financial Services,,,,,,,,,Stone Road Partners,1-10,Private,Email is valid.,Google Workspace,smtp.google.com,FALSE,,,,,,,,,,,,,,,,,,,,,,,,,,,,No,,,,,,,,,,Smartlead users sheet; SL users validated; campaign_leads_2026-03-23_20-27-04_results - campaign_leads_2026-03-23_20-27-04_results.csv,,,,,,,,,,false,enrich,gmail,"""2026-06-06T10:37:49.678Z""",Gmail / Google Workspace,,,,,,,,,
,,kevin.charette@proper.ai,,,,,,,,Smartlead users sheet; SL users validated; campaign_leads_2026-03-23_20-27-04_results - campaign_leads_2026-03-23_20-27-04_results.csv; Imported Leads,Yes,deliverable,No,,,,,,,,,,,,,,,,,,,,,,,,,,,,,,,,,,,,,,,,,,,,,,,,,,,,,,,,,,,facebook.com/proper.ai,2017,Computer Software,North America,United States,San Francisco,San Francisco,"San Francisco, California, United States",94108,California,237 Kearny Street,Proper Ai,201-500,Private,Email is valid.,Google Workspace,aspmx.l.google.com,FALSE,,,,,,,,,,,,,,,,,,,,,,,,,,,,No,,,,,,,,,,Smartlead users sheet; SL users validated; campaign_leads_2026-03-23_20-27-04_results - campaign_leads_2026-03-23_20-27-04_results.csv,,,,,,,,,,false,enrich,gmail,"""2026-06-06T10:37:49.667Z""",Gmail / Google Workspace,,,,,,,,,
,,michael@39amedia.com,,,,,,,,Smartlead users sheet; SL users validated; campaign_leads_2026-03-23_20-27-04_results - campaign_leads_2026-03-23_20-27-04_results.csv; Imported Leads,Yes,deliverable,No,,,,,,,,,,,,,,,,,,,,,,,,,,,,,,,,,,,,,,,,,,,,,,,,,,,,,,,,,,,,,,,,,,,,,,,,,Email is valid.,Google Workspace,aspmx.l.google.com,FALSE,,,,,,,,,,,,,,,,,,,,,,,,,,,,No,,,,,,,,,,Smartlead users sheet; SL users validated; campaign_leads_2026-03-23_20-27-04_results - campaign_leads_2026-03-23_20-27-04_results.csv,,,,,,,,,,false,enrich,gmail,"""2026-06-06T10:37:49.657Z""",Gmail / Google Workspace,,,,,,,,,
,,ben@thisiscopy.com,,,,,,,,Smartlead users sheet; SL users validated; campaign_leads_2026-03-23_20-27-04_results - campaign_leads_2026-03-23_20-27-04_results.csv; Imported Leads,Yes,deliverable,No,,,,,,,,,,,,,,,,,,,,,,,,,,,,,,,,,,,,,,,,,,,,,,,,,,,,,,,,,,,,2022,Marketing And Advertising,North America,United States,Cary,Cary,"Cary, North Carolina, United States",27519,North Carolina,2005 Remington Oaks Circle,La Vie Ben Rose,1-10,Private,Email is valid.,Google Workspace,aspmx.l.google.com,FALSE,,,,,,,,,,,,,,,,,,,,,,,,,,,,No,,,,,,,,,,Smartlead users sheet; SL users validated; campaign_leads_2026-03-23_20-27-04_results - campaign_leads_2026-03-23_20-27-04_results.csv,,,,,,,,,,false,enrich,gmail,"""2026-06-06T10:37:49.577Z""",Gmail / Google Workspace,,,,,,,,,
,,jarrod.ahearn@taskly.co.nz,,,,,,,,Smartlead users sheet; SL users validated; campaign_leads_2026-03-23_20-27-04_results - campaign_leads_2026-03-23_20-27-04_results.csv; Imported Leads,Yes,deliverable,No,,,,,,,,,,,,,,,,,,,,,,,,,,,,,,,,,,,,,,,,,,,,,,,,,,,,,,,,,,,,,,,,,,,,,,,,,Email is valid.,Google Workspace,smtp.google.com,FALSE,,,,,,,,,,,,,,,,,,,,,,,,,,,,No,,,,,,,,,,Smartlead users sheet; SL users validated; campaign_leads_2026-03-23_20-27-04_results - campaign_leads_2026-03-23_20-27-04_results.csv,,,,,,,,,,false,enrich,gmail,"""2026-06-06T10:37:49.677Z""",Gmail / Google Workspace,,,,,,,,,
,,mike@businesspurposeloansllc.com,,,,,,,,Smartlead users sheet; SL users validated; campaign_leads_2026-03-23_20-27-04_results - campaign_leads_2026-03-23_20-27-04_results.csv; Imported Leads,Yes,deliverable,No,,,,,,,,,,,,,,,,,,,,,,,,,,,,,,,,,,,,,,,,,,,,,,,,,,,,,,,,,,,,,,,,,,,,,,,,,Email is valid.,Google Workspace,aspmx.l.google.com,FALSE,,,,,,,,,,,,,,,,,,,,,,,,,,,,No,,,,,,,,,,Smartlead users sheet; SL users validated; campaign_leads_2026-03-23_20-27-04_results - campaign_leads_2026-03-23_20-27-04_results.csv,,,,,,,,,,false,enrich,gmail,"""2026-06-06T10:37:49.931Z""",Gmail / Google Workspace,,,,,,,,,
,,felix@tofadvisors.com,,,,,,,,Smartlead users sheet; SL users validated; campaign_leads_2026-03-23_20-27-04_results - campaign_leads_2026-03-23_20-27-04_results.csv; Imported Leads,Yes,deliverable,No,,,,,,,,,,,,,,,,,,,,,,,,,,,,,,,,,,,,,,,,,,,,,,,,,,,,,,,,,,,,,,,,,,,,,,,,,Email is valid.,Google Workspace,aspmx.l.google.com,FALSE,,,,,,,,,,,,,,,,,,,,,,,,,,,,No,,,,,,,,,,Smartlead users sheet; SL users validated; campaign_leads_2026-03-23_20-27-04_results - campaign_leads_2026-03-23_20-27-04_results.csv,,,,,,,,,,false,enrich,gmail,"""2026-06-06T10:37:49.577Z""",Gmail / Google Workspace,,,,,,,,,
,,martin@justpin.fr,,,,,,,,Smartlead users sheet; SL users validated; campaign_leads_2026-03-23_20-27-04_results - campaign_leads_2026-03-23_20-27-04_results.csv; Imported Leads,Yes,deliverable,No,,,,,,,,,,,,,,,,,,,,,,,,,,,,,,,,,,,,,,,,,,,,,,,,,,,,,,,,,,,,,,,,,,,,,,,,,Email is valid.,Google Workspace,smtp.google.com,FALSE,,,,,,,,,,,,,,,,,,,,,,,,,,,,No,,,,,,,,,,Smartlead users sheet; SL users validated; campaign_leads_2026-03-23_20-27-04_results - campaign_leads_2026-03-23_20-27-04_results.csv,,,,,,,,,,false,enrich,gmail,"""2026-06-06T10:37:49.905Z""",Gmail / Google Workspace,,,,,,,,,
,,marketing@fitbudd.com,,,,,,,,Smartlead users sheet; SL users validated; campaign_leads_2026-03-23_20-27-04_results - campaign_leads_2026-03-23_20-27-04_results.csv; Imported Leads,Yes,deliverable,No,,,,,,,,,,,,,,,,,,,,,,,,,,,,,,,,,,,,,,,,,,,,,,,,,,,,,,,,,,,facebook.com/app.fitbudd,,"Health, Wellness And Fitness",North America,United States,Lewes,Lewes,"Lewes, Delaware, United States",19958,Delaware,6 Fitbudd Inc 16192 Coastal Highway,Fitbudd,11-50,Private,Email is valid.,Google Workspace,aspmx.l.google.com,FALSE,,,,,,,,,,,,,,,,,,,,,,,,,,,,No,,,,,,,,,,Smartlead users sheet; SL users validated; campaign_leads_2026-03-23_20-27-04_results - campaign_leads_2026-03-23_20-27-04_results.csv,,,,,,,,,,false,enrich,gmail,"""2026-06-06T10:37:49.678Z""",Gmail / Google Workspace,,,,,,,,,
,,warren@the1to10.co,,,,,,,,Smartlead users sheet; SL users validated; campaign_leads_2026-03-23_20-27-04_results - campaign_leads_2026-03-23_20-27-04_results.csv; Imported Leads,Yes,deliverable,No,,,,,,,,,,,,,,,,,,,,,,,,,,,,,,,,,,,,,,,,,,,,,,,,,,,,,,,,,,,,,,,,,,,,,,,,,Email is valid.,Google Workspace,aspmx.l.google.com,FALSE,,,,,,,,,,,,,,,,,,,,,,,,,,,,No,,,,,,,,,,Smartlead users sheet; SL users validated; campaign_leads_2026-03-23_20-27-04_results - campaign_leads_2026-03-23_20-27-04_results.csv,,,,,,,,,,false,enrich,gmail,"""2026-06-06T10:37:49.685Z""",Gmail / Google Workspace,,,,,,,,,
,,jdmelmed@gmail.com,,,,,,,,Smartlead users sheet; SL users validated; campaign_leads_2026-03-23_20-27-04_results - campaign_leads_2026-03-23_20-27-04_results.csv; Imported Leads,No,risky,No,,,,,,,,,,,,,,,,,,,,,,,,,,,,,,,,,,,,,,,,,,,,,,,,,,,,,,,,,,,,,,,,,,,,,,,,,Email is valid.,Google Workspace,gmail-smtp-in.l.google.com,FALSE,,,,,,,,,,,,,,,,,,,,,,,,,,,,No,,,,,,,,,,Smartlead users sheet; SL users validated; campaign_leads_2026-03-23_20-27-04_results - campaign_leads_2026-03-23_20-27-04_results.csv,,,,,,,,,,false,enrich,gmail,"""2026-06-06T10:37:49.559Z""",Gmail / Google Workspace,,,,,,,,,
,,neil@peobenefitpartners.com,,,,,,,,Smartlead users sheet; SL users validated; campaign_leads_2026-03-23_20-27-04_results - campaign_leads_2026-03-23_20-27-04_results.csv; Imported Leads,Yes,deliverable,No,,,,,,,,,,,,,,,,,,,,,,,,,,,,,,,,,,,,,,,,,,,,,,,,,,,,,,,,,,,,2001,Management Consulting,North America,United States,,,,76034,Texas,,Peo Benefit Partners,1-10,Private,Email is valid.,Google Workspace,aspmx.l.google.com,FALSE,,,,,,,,,,,,,,,,,,,,,,,,,,,,No,,,,,,,,,,Smartlead users sheet; SL users validated; campaign_leads_2026-03-23_20-27-04_results - campaign_leads_2026-03-23_20-27-04_results.csv,,,,,,,,,,false,enrich,gmail,"""2026-06-06T10:37:49.677Z""",Gmail / Google Workspace,,,,,,,,,
,,kan@paretobuilds.com,,,,,,,,Smartlead users sheet; SL users validated; campaign_leads_2026-03-23_20-27-04_results - campaign_leads_2026-03-23_20-27-04_results.csv; Imported Leads,Yes,deliverable,No,,,,,,,,,,,,,,,,,,,,,,,,,,,,,,,,,,,,,,,,,,,,,,,,,,,,,,,,,,,,,,,,,,,,,,,,,Email is valid.,Google Workspace,aspmx.l.google.com,FALSE,,,,,,,,,,,,,,,,,,,,,,,,,,,,No,,,,,,,,,,Smartlead users sheet; SL users validated; campaign_leads_2026-03-23_20-27-04_results - campaign_leads_2026-03-23_20-27-04_results.csv,,,,,,,,,,false,enrich,gmail,"""2026-06-06T10:37:49.922Z""",Gmail / Google Workspace,,,,,,,,,
,,jean@stonly.com,,,,,,,,Smartlead users sheet; SL users validated; campaign_leads_2026-03-23_20-27-04_results - campaign_leads_2026-03-23_20-27-04_results.csv; Imported Leads,Yes,deliverable,No,,,,,,,,,,,,,,,,,,,,,,,,,,,,,,,,,,,,,,,,,,,,,,,,,,,,,,,,,,,facebook.com/stonlyhq,2018,Internet,Europe,France,Paris,Paris,"Paris, Ile-de-france, France",,Ile-de-france,,Stonly,51-200,Private,Email is valid.,Google Workspace,aspmx.l.google.com,FALSE,,,,,,,,,,,,,,,,,,,,,,,,,,,,No,,,,,,,,,,Smartlead users sheet; SL users validated; campaign_leads_2026-03-23_20-27-04_results - campaign_leads_2026-03-23_20-27-04_results.csv,,,,,,,,,,false,enrich,gmail,"""2026-06-06T10:37:49.667Z""",Gmail / Google Workspace,,,,,,,,,
,,office@bittersberg.com,,,,,,,,Smartlead users sheet; SL users validated; campaign_leads_2026-03-23_20-27-04_results - campaign_leads_2026-03-23_20-27-04_results.csv; Imported Leads,Yes,deliverable,No,,,,,,,,,,,,,,,,,,,,,,,,,,,,,,,,,,,,,,,,,,,,,,,,,,,,,,,,,,,,,,,,,,,,,,Bittersberg,1-10,Private,Email is valid.,Google Workspace,aspmx.l.google.com,FALSE,,,,,,,,,,,,,,,,,,,,,,,,,,,,No,,,,,,,,,,Smartlead users sheet; SL users validated; campaign_leads_2026-03-23_20-27-04_results - campaign_leads_2026-03-23_20-27-04_results.csv,,,,,,,,,,false,enrich,gmail,"""2026-06-06T10:37:49.685Z""",Gmail / Google Workspace,,,,,,,,,
,,philipp.gerk@trialytix.io,,,,,,,,Smartlead users sheet; SL users validated; campaign_leads_2026-03-23_20-27-04_results - campaign_leads_2026-03-23_20-27-04_results.csv; Imported Leads,Yes,deliverable,No,,,,,,,,,,,,,,,,,,,,,,,,,,,,,,,,,,,,,,,,,,,,,,,,,,,,,,,,,,,,2023,Information Technology And Services,Europe,Germany,Fulda,Fulda,"Fulda, Hesse, Germany",36039,Hesse,,Trialytix,1-10,Private,Email is valid.,Google Workspace,aspmx.l.google.com,FALSE,,,,,,,,,,,,,,,,,,,,,,,,,,,,No,,,,,,,,,,Smartlead users sheet; SL users validated; campaign_leads_2026-03-23_20-27-04_results - campaign_leads_2026-03-23_20-27-04_results.csv,,,,,,,,,,false,enrich,gmail,"""2026-06-06T10:37:49.678Z""",Gmail / Google Workspace,,,,,,,,,
,,jay@magicblocks.ai,,,,,,,,Smartlead users sheet; SL users validated; campaign_leads_2026-03-23_20-27-04_results - campaign_leads_2026-03-23_20-27-04_results.csv; Imported Leads,Yes,deliverable,No,,,,,,,,,,,,,,,,,,,,,,,,,,,,,,,,,,,,,,,,,,,,,,,,,,,,,,,,,,,facebook.com/magicblocksai,,Internet,North America,United States,Providence,Providence,"Providence, Rhode Island, United States",2909,Rhode Island,188 Valley Street,Magicblocks,1-10,Private,Email is valid.,Google Workspace,aspmx.l.google.com,FALSE,,,,,,,,,,,,,,,,,,,,,,,,,,,,No,,,,,,,,,,Smartlead users sheet; SL users validated; campaign_leads_2026-03-23_20-27-04_results - campaign_leads_2026-03-23_20-27-04_results.csv,,,,,,,,,,false,enrich,gmail,"""2026-06-06T10:37:49.678Z""",Gmail / Google Workspace,,,,,,,,,
,,asher@revenue-journey.com,,,,,,,,Smartlead users sheet; SL users validated; campaign_leads_2026-03-23_20-27-04_results - campaign_leads_2026-03-23_20-27-04_results.csv; Imported Leads,Yes,deliverable,No,,,,,,,,,,,,,,,,,,,,,,,,,,,,,,,,,,,,,,,,,,,,,,,,,,,,,,,,,,,,,,,,,,,,,,,,,Email is valid.,Google Workspace,aspmx.l.google.com,FALSE,,,,,,,,,,,,,,,,,,,,,,,,,,,,No,,,,,,,,,,Smartlead users sheet; SL users validated; campaign_leads_2026-03-23_20-27-04_results - campaign_leads_2026-03-23_20-27-04_results.csv,,,,,,,,,,false,enrich,gmail,"""2026-06-06T10:37:49.942Z""",Gmail / Google Workspace,,,,,,,,,
,,shawn@mahadewsingbv.nl,,,,,,,,Smartlead users sheet; SL users validated; campaign_leads_2026-03-23_20-27-04_results - campaign_leads_2026-03-23_20-27-04_results.csv; Imported Leads,Yes,deliverable,No,,,,,,,,,,,,,,,,,,,,,,,,,,,,,,,,,,,,,,,,,,,,,,,,,,,,,,,,,,,,,,,,,,,,,,,,,Email is valid.,Google Workspace,ASPMX.L.GOOGLE.COM,FALSE,,,,,,,,,,,,,,,,,,,,,,,,,,,,No,,,,,,,,,,Smartlead users sheet; SL users validated; campaign_leads_2026-03-23_20-27-04_results - campaign_leads_2026-03-23_20-27-04_results.csv,,,,,,,,,,false,enrich,gmail,"""2026-06-06T10:37:49.678Z""",Gmail / Google Workspace,,,,,,,,,
,,hello@bullshipmail.co,,,,,,,,Smartlead users sheet; SL users validated; campaign_leads_2026-03-23_20-27-04_results - campaign_leads_2026-03-23_20-27-04_results.csv; Imported Leads,Yes,deliverable,No,,,,,,,,,,,,,,,,,,,,,,,,,,,,,,,,,,,,,,,,,,,,,,,,,,,,,,,,,,,,,,,,,,,,,,,,,Email is valid.,Google Workspace,aspmx.l.google.com,FALSE,,,,,,,,,,,,,,,,,,,,,,,,,,,,No,,,,,,,,,,Smartlead users sheet; SL users validated; campaign_leads_2026-03-23_20-27-04_results - campaign_leads_2026-03-23_20-27-04_results.csv,,,,,,,,,,false,enrich,gmail,"""2026-06-06T10:37:49.922Z""",Gmail / Google Workspace,,,,,,,,,
,,info@drivercrew.co.uk,,,,,,,,Smartlead users sheet; SL users validated; campaign_leads_2026-03-23_20-27-04_results - campaign_leads_2026-03-23_20-27-04_results.csv; Imported Leads,Yes,deliverable,No,,,,,,,,,,,,,,,,,,,,,,,,,,,,,,,,,,,,,,,,,,,,,,,,,,,,,,,,,,,,2021,Logistics And Supply Chain,Europe,United Kingdom,Bolton,Bolton,"Bolton, England, United Kingdom",,England,,Driver Crew Logistics,51-200,Private,Email is valid.,Google Workspace,smtp.google.com,FALSE,,,,,,,,,,,,,,,,,,,,,,,,,,,,No,,,,,,,,,,Smartlead users sheet; SL users validated; campaign_leads_2026-03-23_20-27-04_results - campaign_leads_2026-03-23_20-27-04_results.csv,,,,,,,,,,false,enrich,gmail,"""2026-06-06T10:37:49.931Z""",Gmail / Google Workspace,,,,,,,,,
,,nick@talentierus.com,,,,,,,,Smartlead users sheet; SL users validated; campaign_leads_2026-03-23_20-27-04_results - campaign_leads_2026-03-23_20-27-04_results.csv; Imported Leads,Yes,deliverable,No,,,,,,,,,,,,,,,,,,,,,,,,,,,,,,,,,,,,,,,,,,,,,,,,,,,,,,,,,,,,,,,,,,,,,,,,,Email is valid.,Google Workspace,aspmx.l.google.com,FALSE,,,,,,,,,,,,,,,,,,,,,,,,,,,,No,,,,,,,,,,Smartlead users sheet; SL users validated; campaign_leads_2026-03-23_20-27-04_results - campaign_leads_2026-03-23_20-27-04_results.csv,,,,,,,,,,false,enrich,gmail,"""2026-06-06T10:37:49.708Z""",Gmail / Google Workspace,,,,,,,,,
,,contact@instafrenchie.com,,,,,,,,Smartlead users sheet; SL users validated; campaign_leads_2026-03-23_20-27-04_results - campaign_leads_2026-03-23_20-27-04_results.csv; Imported Leads,No,risky,No,,,,,,,,,,,,,,,,,,,,,,,,,,,,,,,,,,,,,,,,,,,,,,,,,,,,,,,,,,,,,,,,,,,,,,,,,Email is valid.,,spool.mail.gandi.net,FALSE,,,,,,,,,,,,,,,,,,,,,,,,,,,,No,,,,,,,,,,Smartlead users sheet; SL users validated; campaign_leads_2026-03-23_20-27-04_results - campaign_leads_2026-03-23_20-27-04_results.csv,,,,,,,,,,false,enrich,other,"""2026-06-06T10:37:49.752Z""",Other,,,,,,,,,
,,kamil_s@poketapp.com,,,,,,,,Smartlead users sheet; SL users validated; campaign_leads_2026-03-23_20-27-04_results - campaign_leads_2026-03-23_20-27-04_results.csv; Imported Leads,Yes,deliverable,No,,,,,,,,,,,,,,,,,,,,,,,,,,,,,,,,,,,,,,,,,,,,,,,,,,,,,,,,,,,,2019,Information Technology And Services,North America,Canada,Toronto,Toronto,"Toronto, Ontario, Canada",m5g 1l5,Ontario,100 College Street,Poket,1-10,Private,Email is valid.,Google Workspace,aspmx.l.google.com,FALSE,,,,,,,,,,,,,,,,,,,,,,,,,,,,No,,,,,,,,,,Smartlead users sheet; SL users validated; campaign_leads_2026-03-23_20-27-04_results - campaign_leads_2026-03-23_20-27-04_results.csv,,,,,,,,,,false,enrich,gmail,"""2026-06-06T10:37:49.874Z""",Gmail / Google Workspace,,,,,,,,,
,,reece@scoutly.agency,,,,,,,,Smartlead users sheet; SL users validated; campaign_leads_2026-03-23_20-27-04_results - campaign_leads_2026-03-23_20-27-04_results.csv; Imported Leads,Yes,deliverable,No,,,,,,,,,,,,,,,,,,,,,,,,,,,,,,,,,,,,,,,,,,,,,,,,,,,,,,,,,,,,2021,Management Consulting,North America,United States,Broussard,Broussard,"Broussard, Louisiana, United States",70518,Louisiana,108 Kol Drive,Scoutly,1-10,Private,Email is valid.,Google Workspace,aspmx.l.google.com,FALSE,,,,,,,,,,,,,,,,,,,,,,,,,,,,No,,,,,,,,,,Smartlead users sheet; SL users validated; campaign_leads_2026-03-23_20-27-04_results - campaign_leads_2026-03-23_20-27-04_results.csv,,,,,,,,,,false,enrich,gmail,"""2026-06-06T10:37:49.677Z""",Gmail / Google Workspace,,,,,,,,,
,,will@curatedrecap.com,,,,,,,,Smartlead users sheet; SL users validated; campaign_leads_2026-03-23_20-27-04_results - campaign_leads_2026-03-23_20-27-04_results.csv; Imported Leads,Yes,deliverable,No,,,,,,,,,,,,,,,,,,,,,,,,,,,,,,,,,,,,,,,,,,,,,,,,,,,,,,,,,,,,,,,,,,,,,,,,,Email is valid.,Google Workspace,aspmx.l.google.com,FALSE,,,,,,,,,,,,,,,,,,,,,,,,,,,,No,,,,,,,,,,Smartlead users sheet; SL users validated; campaign_leads_2026-03-23_20-27-04_results - campaign_leads_2026-03-23_20-27-04_results.csv,,,,,,,,,,false,enrich,gmail,"""2026-06-06T10:37:49.603Z""",Gmail / Google Workspace,,,,,,,,,
,,baris@sully.ai,,,,,,,,Smartlead users sheet; SL users validated; campaign_leads_2026-03-23_20-27-04_results - campaign_leads_2026-03-23_20-27-04_results.csv; Imported Leads,Yes,deliverable,No,,,,,,,,,,,,,,,,,,,,,,,,,,,,,,,,,,,,,,,,,,,,,,,,,,,,,,,,,,,,2023,Computer Software,North America,United States,Mountain View,Mountain View,"Mountain View, California, United States",94043,California,883 North Shoreline Boulevard,Sully.ai,11-50,Private,Email is valid.,Google Workspace,smtp.google.com,FALSE,,,,,,,,,,,,,,,,,,,,,,,,,,,,No,,,,,,,,,,Smartlead users sheet; SL users validated; campaign_leads_2026-03-23_20-27-04_results - campaign_leads_2026-03-23_20-27-04_results.csv,,,,,,,,,,false,enrich,gmail,"""2026-06-06T10:37:49.883Z""",Gmail / Google Workspace,,,,,,,,,
,,james@crowdstake.io,,,,,,,,Smartlead users sheet; SL users validated; campaign_leads_2026-03-23_20-27-04_results - campaign_leads_2026-03-23_20-27-04_results.csv; Imported Leads,Yes,deliverable,No,,,,,,,,,,,,,,,,,,,,,,,,,,,,,,,,,,,,,,,,,,,,,,,,,,,,,,,,,,,,2021,Information Technology And Services,North America,United States,Austin,Austin,"Austin, Texas, United States",78702,Texas,,Crowdstake,11-50,Private,Email is valid.,Google Workspace,aspmx.l.google.com,FALSE,,,,,,,,,,,,,,,,,,,,,,,,,,,,No,,,,,,,,,,Smartlead users sheet; SL users validated; campaign_leads_2026-03-23_20-27-04_results - campaign_leads_2026-03-23_20-27-04_results.csv,,,,,,,,,,false,enrich,gmail,"""2026-06-06T10:37:49.898Z""",Gmail / Google Workspace,,,,,,,,,
,,igor4god@gmail.com,,,,,,,,Smartlead users sheet; SL users validated; campaign_leads_2026-03-23_20-27-04_results - campaign_leads_2026-03-23_20-27-04_results.csv; Imported Leads,No,risky,No,,,,,,,,,,,,,,,,,,,,,,,,,,,,,,,,,,,,,,,,,,,,,,,,,,,,,,,,,,,,,,,,,,,,,,,,,Email is valid.,Google Workspace,gmail-smtp-in.l.google.com,FALSE,,,,,,,,,,,,,,,,,,,,,,,,,,,,No,,,,,,,,,,Smartlead users sheet; SL users validated; campaign_leads_2026-03-23_20-27-04_results - campaign_leads_2026-03-23_20-27-04_results.csv,,,,,,,,,,false,enrich,gmail,"""2026-06-06T10:37:49.559Z""",Gmail / Google Workspace,,,,,,,,,
,,simon@safehire.ai,,,,,,,,Smartlead users sheet; SL users validated; campaign_leads_2026-03-23_20-27-04_results - campaign_leads_2026-03-23_20-27-04_results.csv; Imported Leads,Yes,deliverable,No,,,,,,,,,,,,,,,,,,,,,,,,,,,,,,,,,,,,,,,,,,,,,,,,,,,,,,,,,,,,,,,,,,,,,,,,,Email is valid.,Google Workspace,aspmx.l.google.com,FALSE,,,,,,,,,,,,,,,,,,,,,,,,,,,,No,,,,,,,,,,Smartlead users sheet; SL users validated; campaign_leads_2026-03-23_20-27-04_results - campaign_leads_2026-03-23_20-27-04_results.csv,,,,,,,,,,false,enrich,gmail,"""2026-06-06T10:37:49.883Z""",Gmail / Google Workspace,,,,,,,,,
,,contact@tesseraleads.com,,,,,,,,Smartlead users sheet; SL users validated; campaign_leads_2026-03-23_20-27-04_results - campaign_leads_2026-03-23_20-27-04_results.csv; Imported Leads,Yes,deliverable,No,,,,,,,,,,,,,,,,,,,,,,,,,,,,,,,,,,,,,,,,,,,,,,,,,,,,,,,,,,,,,,,,,,,,,,,,,Email is valid.,Google Workspace,smtp.google.com,FALSE,,,,,,,,,,,,,,,,,,,,,,,,,,,,No,,,,,,,,,,Smartlead users sheet; SL users validated; campaign_leads_2026-03-23_20-27-04_results - campaign_leads_2026-03-23_20-27-04_results.csv,,,,,,,,,,false,enrich,gmail,"""2026-06-06T10:37:49.689Z""",Gmail / Google Workspace,,,,,,,,,
,,bear@timetosizzle.com,,,,,,,,Smartlead users sheet; SL users validated; campaign_leads_2026-03-23_20-27-04_results - campaign_leads_2026-03-23_20-27-04_results.csv; Imported Leads,Yes,deliverable,No,,,,,,,,,,,,,,,,,,,,,,,,,,,,,,,,,,,,,,,,,,,,,,,,,,,,,,,,,,,,,,,,,,,,,,,,,Email is valid.,Google Workspace,aspmx.l.google.com,FALSE,,,,,,,,,,,,,,,,,,,,,,,,,,,,No,,,,,,,,,,Smartlead users sheet; SL users validated; campaign_leads_2026-03-23_20-27-04_results - campaign_leads_2026-03-23_20-27-04_results.csv,,,,,,,,,,false,enrich,gmail,"""2026-06-06T10:37:49.789Z""",Gmail / Google Workspace,,,,,,,,,
,,chan@oncotect.co,,,,,,,,Smartlead users sheet; SL users validated; campaign_leads_2026-03-23_20-27-04_results - campaign_leads_2026-03-23_20-27-04_results.csv; Imported Leads,Yes,deliverable,No,,,,,,,,,,,,,,,,,,,,,,,,,,,,,,,,,,,,,,,,,,,,,,,,,,,,,,,,,,,,2020,,North America,United States,Raleigh,Raleigh,"Raleigh, North Carolina, United States",27606,North Carolina,1009 Capability Drive,Oncotect,1-10,Private,Email is valid.,Google Workspace,aspmx.l.google.com,FALSE,,,,,,,,,,,,,,,,,,,,,,,,,,,,No,,,,,,,,,,Smartlead users sheet; SL users validated; campaign_leads_2026-03-23_20-27-04_results - campaign_leads_2026-03-23_20-27-04_results.csv,,,,,,,,,,false,enrich,gmail,"""2026-06-06T10:37:49.689Z""",Gmail / Google Workspace,,,,,,,,,
,,adi@komment.ai,,,,,,,,Smartlead users sheet; SL users validated; campaign_leads_2026-03-23_20-27-04_results - campaign_leads_2026-03-23_20-27-04_results.csv; Imported Leads,Yes,deliverable,No,,,,,,,,,,,,,,,,,,,,,,,,,,,,,,,,,,,,,,,,,,,,,,,,,,,,,,,,,,,,2023,Computer Software,Europe,Germany,,,,,,,Komment,1-10,Private,Email is valid.,Google Workspace,smtp.google.com,FALSE,,,,,,,,,,,,,,,,,,,,,,,,,,,,No,,,,,,,,,,Smartlead users sheet; SL users validated; campaign_leads_2026-03-23_20-27-04_results - campaign_leads_2026-03-23_20-27-04_results.csv,,,,,,,,,,false,enrich,gmail,"""2026-06-06T10:37:49.678Z""",Gmail / Google Workspace,,,,,,,,,
,,jon@getradiant.ai,,,,,,,,Smartlead users sheet; SL users validated; campaign_leads_2026-03-23_20-27-04_results - campaign_leads_2026-03-23_20-27-04_results.csv; Imported Leads,Yes,deliverable,No,,,,,,,,,,,,,,,,,,,,,,,,,,,,,,,,,,,,,,,,,,,,,,,,,,,,,,,,,,,,2022,Internet,Europe,United Kingdom,London,London,"London, Greater London, United Kingdom",,Greater London,,Radiant Ai,1-10,Private,Email is valid.,Google Workspace,aspmx.l.google.com,FALSE,,,,,,,,,,,,,,,,,,,,,,,,,,,,No,,,,,,,,,,Smartlead users sheet; SL users validated; campaign_leads_2026-03-23_20-27-04_results - campaign_leads_2026-03-23_20-27-04_results.csv,,,,,,,,,,false,enrich,gmail,"""2026-06-06T10:37:49.624Z""",Gmail / Google Workspace,,,,,,,,,
,,dhruv@useincline.com,,,,,,,,Smartlead users sheet; SL users validated; campaign_leads_2026-03-23_20-27-04_results - campaign_leads_2026-03-23_20-27-04_results.csv; Imported Leads,Yes,deliverable,No,,,,,,,,,,,,,,,,,,,,,,,,,,,,,,,,,,,,,,,,,,,,,,,,,,,,,,,,,,,,,,,,,,,,,,,,,Email is valid.,Google Workspace,smtp.google.com,FALSE,,,,,,,,,,,,,,,,,,,,,,,,,,,,No,,,,,,,,,,Smartlead users sheet; SL users validated; campaign_leads_2026-03-23_20-27-04_results - campaign_leads_2026-03-23_20-27-04_results.csv,,,,,,,,,,false,enrich,gmail,"""2026-06-06T10:37:49.689Z""",Gmail / Google Workspace,,,,,,,,,
,,ed@axeautomation.co,,,,,,,,Smartlead users sheet; SL users validated; campaign_leads_2026-03-23_20-27-04_results - campaign_leads_2026-03-23_20-27-04_results.csv; Imported Leads,Yes,deliverable,No,,,,,,,,,,,,,,,,,,,,,,,,,,,,,,,,,,,,,,,,,,,,,,,,,,,,,,,,,,,,,Internet,,,,,,,,,Axe Automation,1-10,Private,Email is valid.,Google Workspace,aspmx.l.google.com,FALSE,,,,,,,,,,,,,,,,,,,,,,,,,,,,No,,,,,,,,,,Smartlead users sheet; SL users validated; campaign_leads_2026-03-23_20-27-04_results - campaign_leads_2026-03-23_20-27-04_results.csv,,,,,,,,,,false,enrich,gmail,"""2026-06-06T10:37:49.717Z""",Gmail / Google Workspace,,,,,,,,,
Isabella,L.,isabella@letsfearlesslygrow.io,Let's Fearlessly Grow,Founder,,London,England,United Kingdom,https://www.linkedin.com/in/isabella-l-9a74a4112/,Smartlead users sheet; SL users validated; campaign_leads_2026-03-23_20-27-04_results - campaign_leads_2026-03-23_20-27-04_results.csv; Imported Leads,Yes,deliverable,No,,,,,letsfearlesslygrow.io,,,,,,,,,,,,,,,,,,,,,,,,,,,,,,,,,,,,,,,,,,,,,,,,,,,,,,,,,,,,,,,,,,,,,,,,"London, England, United Kingdom",gmail,"""2026-03-31T21:04:22.738Z""",Google Workspace,,,,,,,,,,,,,,,,,,,,,,,,No,No,,,,,,,,,Smartlead users sheet; SL users validated; campaign_leads_2026-03-23_20-27-04_results - campaign_leads_2026-03-23_20-27-04_results.csv; Imported Leads,"Tier 1; Imported Leads; tier 1 Agencies, North america; AI SDR; SL Users",,,,,,,,,false,enrich,gmail,"""2026-06-06T10:37:49.691Z""",Gmail / Google Workspace,,,,,,,,,
,,info@primebuildrecruitment.com.au,,,,,,,,Smartlead users sheet; SL users validated; campaign_leads_2026-03-23_20-27-04_results - campaign_leads_2026-03-23_20-27-04_results.csv; Imported Leads,Yes,deliverable,No,,,,,,,,,,,,,,,,,,,,,,,,,,,,,,,,,,,,,,,,,,,,,,,,,,,,,,,,,,,,,,,,,,,,,,,,,Email is valid.,Google Workspace,aspmx.l.google.com,FALSE,,,,,,,,,,,,,,,,,,,,,,,,,,,,No,,,,,,,,,,Smartlead users sheet; SL users validated; campaign_leads_2026-03-23_20-27-04_results - campaign_leads_2026-03-23_20-27-04_results.csv,,,,,,,,,,false,enrich,gmail,"""2026-06-06T10:37:49.808Z""",Gmail / Google Workspace,,,,,,,,,
,,pat@fulcrumsales.marketing,,,,,,,,Smartlead users sheet; SL users validated; campaign_leads_2026-03-23_20-27-04_results - campaign_leads_2026-03-23_20-27-04_results.csv; Imported Leads,Yes,deliverable,No,,,,,,,,,,,,,,,,,,,,,,,,,,,,,,,,,,,,,,,,,,,,,,,,,,,,,,,,,,,facebook.com/fuicrum,2018,Marketing And Advertising,North America,United States,Broussard,Broussard,"Broussard, Louisiana, United States",70518,Louisiana,108 Kol Drive,Fulcrum Sales And Marketing,11-50,Private,Email is valid.,Google Workspace,aspmx.l.google.com,FALSE,,,,,,,,,,,,,,,,,,,,,,,,,,,,No,,,,,,,,,,Smartlead users sheet; SL users validated; campaign_leads_2026-03-23_20-27-04_results - campaign_leads_2026-03-23_20-27-04_results.csv,,,,,,,,,,false,enrich,gmail,"""2026-06-06T10:37:49.630Z""",Gmail / Google Workspace,,,,,,,,,
,,peter@dev.to,,,,,,,,Smartlead users sheet; SL users validated; campaign_leads_2026-03-23_20-27-04_results - campaign_leads_2026-03-23_20-27-04_results.csv; Imported Leads,Yes,deliverable,No,,,,,,,,,,,,,,,,,,,,,,,,,,,,,,,,,,,,,,,,,,,,,,,,,,,,,,,,,,,facebook.com/thepracticaldev,,Computer Software,North America,United States,New York,New York,"New York, New York, United States",,New York,,Forem,11-50,Private,Email is valid.,Google Workspace,smtp.google.com,FALSE,,,,,,,,,,,,,,,,,,,,,,,,,,,,No,,,,,,,,,,Smartlead users sheet; SL users validated; campaign_leads_2026-03-23_20-27-04_results - campaign_leads_2026-03-23_20-27-04_results.csv,,,,,,,,,,false,enrich,gmail,"""2026-06-06T10:37:49.892Z""",Gmail / Google Workspace,,,,,,,,,
,,jay@publishlab.com,,,,,,,,Smartlead users sheet; SL users validated; campaign_leads_2026-03-23_20-27-04_results - campaign_leads_2026-03-23_20-27-04_results.csv; Imported Leads,Yes,deliverable,No,,,,,,,,,,,,,,,,,,,,,,,,,,,,,,,,,,,,,,,,,,,,,,,,,,,,,,,,,,,,,,,,,,,,,,,,,Email is valid.,Google Workspace,aspmx.l.google.com,FALSE,,,,,,,,,,,,,,,,,,,,,,,,,,,,No,,,,,,,,,,Smartlead users sheet; SL users validated; campaign_leads_2026-03-23_20-27-04_results - campaign_leads_2026-03-23_20-27-04_results.csv,,,,,,,,,,false,enrich,gmail,"""2026-06-06T10:37:49.690Z""",Gmail / Google Workspace,,,,,,,,,
,,juan@waybe.us,,,,,,,,Smartlead users sheet; SL users validated; campaign_leads_2026-03-23_20-27-04_results - campaign_leads_2026-03-23_20-27-04_results.csv; Imported Leads,Yes,deliverable,No,,,,,,,,,,,,,,,,,,,,,,,,,,,,,,,,,,,,,,,,,,,,,,,,,,,,,,,,,,,,,,,,,,,,,,,,,Email is valid.,Google Workspace,aspmx.l.google.com,FALSE,,,,,,,,,,,,,,,,,,,,,,,,,,,,No,,,,,,,,,,Smartlead users sheet; SL users validated; campaign_leads_2026-03-23_20-27-04_results - campaign_leads_2026-03-23_20-27-04_results.csv,,,,,,,,,,false,enrich,gmail,"""2026-06-06T10:37:49.689Z""",Gmail / Google Workspace,,,,,,,,,
,,mkt-tool@unito.io,,,,,,,,Smartlead users sheet; SL users validated; campaign_leads_2026-03-23_20-27-04_results - campaign_leads_2026-03-23_20-27-04_results.csv; Imported Leads,Yes,deliverable,No,,,,,,,,,,,,,,,,,,,,,,,,,,,,,,,,,,,,,,,,,,,,,,,,,,,,,,,,,,,facebook.com/unitoio,2015,Computer Software,North America,Canada,Montreal,Montreal,"Montreal, Quebec, Canada",h2l 4x4,Quebec,1265 Rue Berri,Unito,51-200,Private,Email is valid.,Google Workspace,aspmx.l.google.com,FALSE,,,,,,,,,,,,,,,,,,,,,,,,,,,,No,,,,,,,,,,Smartlead users sheet; SL users validated; campaign_leads_2026-03-23_20-27-04_results - campaign_leads_2026-03-23_20-27-04_results.csv,,,,,,,,,,false,enrich,gmail,"""2026-06-06T10:37:49.874Z""",Gmail / Google Workspace,,,,,,,,,
,,nomi@shootbusiness.com,,,,,,,,Smartlead users sheet; SL users validated; campaign_leads_2026-03-23_20-27-04_results - campaign_leads_2026-03-23_20-27-04_results.csv; Imported Leads,Yes,deliverable,No,,,,,,,,,,,,,,,,,,,,,,,,,,,,,,,,,,,,,,,,,,,,,,,,,,,,,,,,,,,,,Media Production,Europe,United Kingdom,Manchester,Manchester,"Manchester, Manchester, United Kingdom",,Manchester,,Shoot Business,11-50,Private,Email is valid.,Google Workspace,aspmx.l.google.com,FALSE,,,,,,,,,,,,,,,,,,,,,,,,,,,,No,,,,,,,,,,Smartlead users sheet; SL users validated; campaign_leads_2026-03-23_20-27-04_results - campaign_leads_2026-03-23_20-27-04_results.csv,,,,,,,,,,false,enrich,gmail,"""2026-06-06T10:37:49.678Z""",Gmail / Google Workspace,,,,,,,,,
,,will@theimperiumagency.com,,,,,,,,Smartlead users sheet; SL users validated; campaign_leads_2026-03-23_20-27-04_results - campaign_leads_2026-03-23_20-27-04_results.csv; Imported Leads,Yes,deliverable,No,,,,,,,,,,,,,,,,,,,,,,,,,,,,,,,,,,,,,,,,,,,,,,,,,,,,,,,,,,,,,,,,,,,,,,,,,Email is valid.,Google Workspace,aspmx.l.google.com,FALSE,,,,,,,,,,,,,,,,,,,,,,,,,,,,No,,,,,,,,,,Smartlead users sheet; SL users validated; campaign_leads_2026-03-23_20-27-04_results - campaign_leads_2026-03-23_20-27-04_results.csv,,,,,,,,,,false,enrich,gmail,"""2026-06-06T10:37:49.716Z""",Gmail / Google Workspace,,,,,,,,,
,,kyle.anderson@fitpros.com,,,,,,,,Smartlead users sheet; SL users validated; campaign_leads_2026-03-23_20-27-04_results - campaign_leads_2026-03-23_20-27-04_results.csv; Imported Leads,No,undeliverable,No,,,,,,,,,,,,,,,,,,,,,,,,,,,,,,,,,,,,,,,,,,,,,,,,,,,,,,,,,,,,2016,"Health, Wellness And Fitness",North America,United States,San Francisco,San Francisco,"San Francisco, California, United States",,California,,Fitpros,11-50,Private,Email is valid.,Google Workspace,aspmx.l.google.com,FALSE,,,,,,,,,,,,,,,,,,,,,,,,,,,,No,,,,,,,,,,Smartlead users sheet; SL users validated; campaign_leads_2026-03-23_20-27-04_results - campaign_leads_2026-03-23_20-27-04_results.csv,,,,,,,,,,false,enrich,gmail,"""2026-06-06T10:37:49.884Z""",Gmail / Google Workspace,,,,,,,,,
,,joel@blipp.se,,,,,,,,Smartlead users sheet; SL users validated; campaign_leads_2026-03-23_20-27-04_results - campaign_leads_2026-03-23_20-27-04_results.csv; Imported Leads,No,risky,No,,,,,,,,,,,,,,,,,,,,,,,,,,,,,,,,,,,,,,,,,,,,,,,,,,,,,,,,,,,facebook.com/blipp.se,2018,Consumer Services,Europe,Sweden,Stockholm,Stockholm,"Stockholm, Stockholm, Sweden",115 20,Stockholm,15 Erik Dahlbergsallén,Blipp,11-50,Private,Email is valid.,Google Workspace,ASPMX.L.GOOGLE.COM,FALSE,,,,,,,,,,,,,,,,,,,,,,,,,,,,No,,,,,,,,,,Smartlead users sheet; SL users validated; campaign_leads_2026-03-23_20-27-04_results - campaign_leads_2026-03-23_20-27-04_results.csv,,,,,,,,,,false,enrich,gmail,"""2026-06-06T10:37:49.883Z""",Gmail / Google Workspace,,,,,,,,,
,,kavin@joincoralcare.com,,,,,,,,Smartlead users sheet; SL users validated; campaign_leads_2026-03-23_20-27-04_results - campaign_leads_2026-03-23_20-27-04_results.csv; Imported Leads,Yes,deliverable,No,,,,,,,,,,,,,,,,,,,,,,,,,,,,,,,,,,,,,,,,,,,,,,,,,,,,,,,,,,,facebook.com/joincoralcare,2023,Government Administration,North America,United States,,,,,Massachusetts,,Coral Care,1-10,Private,Email is valid.,Google Workspace,aspmx.l.google.com,FALSE,,,,,,,,,,,,,,,,,,,,,,,,,,,,No,,,,,,,,,,Smartlead users sheet; SL users validated; campaign_leads_2026-03-23_20-27-04_results - campaign_leads_2026-03-23_20-27-04_results.csv,,,,,,,,,,false,enrich,gmail,"""2026-06-06T10:37:49.688Z""",Gmail / Google Workspace,,,,,,,,,
,,bertrams@rainsisters.com,,,,,,,,Smartlead users sheet; SL users validated; campaign_leads_2026-03-23_20-27-04_results - campaign_leads_2026-03-23_20-27-04_results.csv; Imported Leads,Yes,deliverable,No,,,,,,,,,,,,,,,,,,,,,,,,,,,,,,,,,,,,,,,,,,,,,,,,,,,,,,,,,,,,2018,Apparel & Fashion,Europe,Latvia,Boston,Boston,"Boston, Carnikava, Latvia",2163,Carnikava,2 Zalumu Iela,Rainsisters,1-10,Private,Email is valid.,Google Workspace,aspmx.l.google.com,FALSE,,,,,,,,,,,,,,,,,,,,,,,,,,,,No,,,,,,,,,,Smartlead users sheet; SL users validated; campaign_leads_2026-03-23_20-27-04_results - campaign_leads_2026-03-23_20-27-04_results.csv,,,,,,,,,,false,enrich,gmail,"""2026-06-06T10:37:49.690Z""",Gmail / Google Workspace,,,,,,,,,
,,lettie.barrett@verusen.com,,,,,,,,Smartlead users sheet; SL users validated; campaign_leads_2026-03-23_20-27-04_results - campaign_leads_2026-03-23_20-27-04_results.csv; Imported Leads,Yes,deliverable,No,,,,,,,,,,,,,,,,,,,,,,,,,,,,,,,,,,,,,,,,,,,,,,,,,,,,,,,,,,,,2015,Computer Software,North America,United States,Atlanta,Atlanta,"Atlanta, Georgia, United States",30308,Georgia,75 5th Street Northwest,Verusen Ai,51-200,Private,Email is valid.,Google Workspace,aspmx.l.google.com,FALSE,,,,,,,,,,,,,,,,,,,,,,,,,,,,No,,,,,,,,,,Smartlead users sheet; SL users validated; campaign_leads_2026-03-23_20-27-04_results - campaign_leads_2026-03-23_20-27-04_results.csv,,,,,,,,,,false,enrich,gmail,"""2026-06-06T10:37:49.722Z""",Gmail / Google Workspace,,,,,,,,,
,,fred@faircultures.com,,,,,,,,Smartlead users sheet; SL users validated; campaign_leads_2026-03-23_20-27-04_results - campaign_leads_2026-03-23_20-27-04_results.csv; Imported Leads,Yes,deliverable,No,,,,,,,,,,,,,,,,,,,,,,,,,,,,,,,,,,,,,,,,,,,,,,,,,,,,,,,,,,,,2023,Human Resources,Europe,Spain,Barcelona,Barcelona,"Barcelona, Catalonia, Spain",,Catalonia,,Fair Cultures,11-50,Private,Email is valid.,Google Workspace,aspmx.l.google.com,FALSE,,,,,,,,,,,,,,,,,,,,,,,,,,,,No,,,,,,,,,,Smartlead users sheet; SL users validated; campaign_leads_2026-03-23_20-27-04_results - campaign_leads_2026-03-23_20-27-04_results.csv,,,,,,,,,,false,enrich,gmail,"""2026-06-06T10:37:49.711Z""",Gmail / Google Workspace,,,,,,,,,
,,marketing@bloomstack.com,,,,,,,,Smartlead users sheet; SL users validated; campaign_leads_2026-03-23_20-27-04_results - campaign_leads_2026-03-23_20-27-04_results.csv; Imported Leads,Yes,deliverable,No,,,,,,,,,,,,,,,,,,,,,,,,,,,,,,,,,,,,,,,,,,,,,,,,,,,,,,,,,,,facebook.com/bloomstack,2018,Information Technology And Services,North America,United States,Orlando,Orlando,"Orlando, Florida, United States",34756,Florida,,Bloomstack®,11-50,Private,Email is valid.,Google Workspace,aspmx.l.google.com,FALSE,,,,,,,,,,,,,,,,,,,,,,,,,,,,No,,,,,,,,,,Smartlead users sheet; SL users validated; campaign_leads_2026-03-23_20-27-04_results - campaign_leads_2026-03-23_20-27-04_results.csv,,,,,,,,,,false,enrich,gmail,"""2026-06-06T10:37:49.657Z""",Gmail / Google Workspace,,,,,,,,,
,,grisha@rupa.pro,,,,,,,,Smartlead users sheet; SL users validated; campaign_leads_2026-03-23_20-27-04_results - campaign_leads_2026-03-23_20-27-04_results.csv; Imported Leads,Yes,deliverable,No,,,,,,,,,,,,,,,,,,,,,,,,,,,,,,,,,,,,,,,,,,,,,,,,,,,,,,,,,,,,,,,,,,,,,,,,,Email is valid.,Google Workspace,aspmx.l.google.com,FALSE,,,,,,,,,,,,,,,,,,,,,,,,,,,,No,,,,,,,,,,Smartlead users sheet; SL users validated; campaign_leads_2026-03-23_20-27-04_results - campaign_leads_2026-03-23_20-27-04_results.csv,,,,,,,,,,false,enrich,gmail,"""2026-06-06T10:37:49.812Z""",Gmail / Google Workspace,,,,,,,,,
,,will@ichundu.com,,,,,,,,Smartlead users sheet; SL users validated; campaign_leads_2026-03-23_20-27-04_results - campaign_leads_2026-03-23_20-27-04_results.csv; Imported Leads,Yes,deliverable,No,,,,,,,,,,,,,,,,,,,,,,,,,,,,,,,,,,,,,,,,,,,,,,,,,,,,,,,,,,,,,,,,,,,,,,,,,Email is valid.,Google Workspace,smtp.google.com,FALSE,,,,,,,,,,,,,,,,,,,,,,,,,,,,No,,,,,,,,,,Smartlead users sheet; SL users validated; campaign_leads_2026-03-23_20-27-04_results - campaign_leads_2026-03-23_20-27-04_results.csv,,,,,,,,,,false,enrich,gmail,"""2026-06-06T10:37:49.739Z""",Gmail / Google Workspace,,,,,,,,,
,,sales@golioth.io,,,,,,,,Smartlead users sheet; SL users validated; campaign_leads_2026-03-23_20-27-04_results - campaign_leads_2026-03-23_20-27-04_results.csv; Imported Leads,Yes,deliverable,No,,,,,,,,,,,,,,,,,,,,,,,,,,,,,,,,,,,,,,,,,,,,,,,,,,,,,,,,,,,facebook.com/golioth.iot,2020,Internet,North America,United States,San Francisco,San Francisco,"San Francisco, California, United States",,California,,Golioth,11-50,Private,Email is valid.,Google Workspace,aspmx.l.google.com,FALSE,,,,,,,,,,,,,,,,,,,,,,,,,,,,No,,,,,,,,,,Smartlead users sheet; SL users validated; campaign_leads_2026-03-23_20-27-04_results - campaign_leads_2026-03-23_20-27-04_results.csv,,,,,,,,,,false,enrich,gmail,"""2026-06-06T10:37:49.685Z""",Gmail / Google Workspace,,,,,,,,,
,,dbieringer@kandu.at,,,,,,,,Smartlead users sheet; SL users validated; campaign_leads_2026-03-23_20-27-04_results - campaign_leads_2026-03-23_20-27-04_results.csv; Imported Leads,No,risky,No,,,,,,,,,,,,,,,,,,,,,,,,,,,,,,,,,,,,,,,,,,,,,,,,,,,,,,,,,,,,,,,,,,,,,,,,,Email is valid.,Google Workspace,aspmx.l.google.com,FALSE,,,,,,,,,,,,,,,,,,,,,,,,,,,,No,,,,,,,,,,Smartlead users sheet; SL users validated; campaign_leads_2026-03-23_20-27-04_results - campaign_leads_2026-03-23_20-27-04_results.csv,,,,,,,,,,false,enrich,gmail,"""2026-06-06T10:37:49.740Z""",Gmail / Google Workspace,,,,,,,,,
,,devon@gappify.com,,,,,,,,Smartlead users sheet; SL users validated; campaign_leads_2026-03-23_20-27-04_results - campaign_leads_2026-03-23_20-27-04_results.csv; Imported Leads,Yes,deliverable,No,,,,,,,,,,,,,,,,,,,,,,,,,,,,,,,,,,,,,,,,,,,,,,,,,,,,,,,,,,,facebook.com/gappify,2016,Accounting,North America,United States,New York,New York,"New York, New York, United States",10038,New York,222 Broadway,Gappify,51-200,Private,Email is valid.,Google Workspace,aspmx.l.google.com,FALSE,,,,,,,,,,,,,,,,,,,,,,,,,,,,No,,,,,,,,,,Smartlead users sheet; SL users validated; campaign_leads_2026-03-23_20-27-04_results - campaign_leads_2026-03-23_20-27-04_results.csv,,,,,,,,,,false,enrich,gmail,"""2026-06-06T10:37:49.701Z""",Gmail / Google Workspace,,,,,,,,,
,,andrew@eastelmdigital.com,,,,,,,,Smartlead users sheet; SL users validated; campaign_leads_2026-03-23_20-27-04_results - campaign_leads_2026-03-23_20-27-04_results.csv; Imported Leads,Yes,deliverable,No,,,,,,,,,,,,,,,,,,,,,,,,,,,,,,,,,,,,,,,,,,,,,,,,,,,,,,,,,,,,,Marketing And Advertising,North America,United States,,,,21228,Maryland,1918 Oak Lodge Road,East Elm Digital,1-10,Private,Email is valid.,Google Workspace,ASPMX.L.GOOGLE.com,FALSE,,,,,,,,,,,,,,,,,,,,,,,,,,,,No,,,,,,,,,,Smartlead users sheet; SL users validated; campaign_leads_2026-03-23_20-27-04_results - campaign_leads_2026-03-23_20-27-04_results.csv,,,,,,,,,,false,enrich,gmail,"""2026-06-06T10:37:49.700Z""",Gmail / Google Workspace,,,,,,,,,
,,support@instatrainme.com,,,,,,,,Smartlead users sheet; SL users validated; campaign_leads_2026-03-23_20-27-04_results - campaign_leads_2026-03-23_20-27-04_results.csv; Imported Leads,Yes,deliverable,No,,,,,,,,,,,,,,,,,,,,,,,,,,,,,,,,,,,,,,,,,,,,,,,,,,,,,,,,,,,,,"Health, Wellness And Fitness",North America,United States,Wilmington,Wilmington,"Wilmington, Delaware, United States",19801,Delaware,901 North Market Street,Instatrainme,11-50,Private,Email is valid.,Google Workspace,aspmx.l.google.com,FALSE,,,,,,,,,,,,,,,,,,,,,,,,,,,,No,,,,,,,,,,Smartlead users sheet; SL users validated; campaign_leads_2026-03-23_20-27-04_results - campaign_leads_2026-03-23_20-27-04_results.csv,,,,,,,,,,false,enrich,gmail,"""2026-06-06T10:37:49.678Z""",Gmail / Google Workspace,,,,,,,,,
,,doug@digitaldiamondmedia.com,,,,,,,,Smartlead users sheet; SL users validated; campaign_leads_2026-03-23_20-27-04_results - campaign_leads_2026-03-23_20-27-04_results.csv; Imported Leads,Yes,deliverable,No,,,,,,,,,,,,,,,,,,,,,,,,,,,,,,,,,,,,,,,,,,,,,,,,,,,,,,,,,,,facebook.com/digitaldiamondmedia,2013,Marketing And Advertising,North America,United States,San Francisco,San Francisco,"San Francisco, California, United States",94111,California,2 Embarcadero Center,Digital Diamond Media,1-10,Private,Email is valid.,Google Workspace,aspmx.l.google.com,FALSE,,,,,,,,,,,,,,,,,,,,,,,,,,,,No,,,,,,,,,,Smartlead users sheet; SL users validated; campaign_leads_2026-03-23_20-27-04_results - campaign_leads_2026-03-23_20-27-04_results.csv,,,,,,,,,,false,enrich,gmail,"""2026-06-06T10:37:49.689Z""",Gmail / Google Workspace,,,,,,,,,
,,nesbitt.pjv@gmail.com,,,,,,,,Smartlead users sheet; SL users validated; campaign_leads_2026-03-23_20-27-04_results - campaign_leads_2026-03-23_20-27-04_results.csv; Imported Leads,No,risky,No,,,,,,,,,,,,,,,,,,,,,,,,,,,,,,,,,,,,,,,,,,,,,,,,,,,,,,,,,,,,,,,,,,,,,,,,,Email is valid.,Google Workspace,gmail-smtp-in.l.google.com,FALSE,,,,,,,,,,,,,,,,,,,,,,,,,,,,No,,,,,,,,,,Smartlead users sheet; SL users validated; campaign_leads_2026-03-23_20-27-04_results - campaign_leads_2026-03-23_20-27-04_results.csv,,,,,,,,,,false,enrich,gmail,"""2026-06-06T10:37:49.559Z""",Gmail / Google Workspace,,,,,,,,,
,,jon@hillmcglynn.au,,,,,,,,Smartlead users sheet; SL users validated; campaign_leads_2026-03-23_20-27-04_results - campaign_leads_2026-03-23_20-27-04_results.csv; Imported Leads,Yes,deliverable,No,,,,,,,,,,,,,,,,,,,,,,,,,,,,,,,,,,,,,,,,,,,,,,,,,,,,,,,,,,,,2024,Staffing And Recruiting,,,,,,,,,Hill Mcglynn,1-10,Private,Email is valid.,Google Workspace,smtp.google.com,FALSE,,,,,,,,,,,,,,,,,,,,,,,,,,,,No,,,,,,,,,,Smartlead users sheet; SL users validated; campaign_leads_2026-03-23_20-27-04_results - campaign_leads_2026-03-23_20-27-04_results.csv,,,,,,,,,,false,enrich,gmail,"""2026-06-06T10:37:49.701Z""",Gmail / Google Workspace,,,,,,,,,
,,alexis@olasol.com,,,,,,,,Smartlead users sheet; SL users validated; campaign_leads_2026-03-23_20-27-04_results - campaign_leads_2026-03-23_20-27-04_results.csv; Imported Leads,Yes,deliverable,No,,,,,,,,,,,,,,,,,,,,,,,,,,,,,,,,,,,,,,,,,,,,,,,,,,,,,,,,,,,,,,,,,,,,,,,,,Email is valid.,Google Workspace,aspmx.l.google.com,FALSE,,,,,,,,,,,,,,,,,,,,,,,,,,,,No,,,,,,,,,,Smartlead users sheet; SL users validated; campaign_leads_2026-03-23_20-27-04_results - campaign_leads_2026-03-23_20-27-04_results.csv,,,,,,,,,,false,enrich,gmail,"""2026-06-06T10:37:49.710Z""",Gmail / Google Workspace,,,,,,,,,
,,malick@genleads.co.site,,,,,,,,Smartlead users sheet; SL users validated; campaign_leads_2026-03-23_20-27-04_results - campaign_leads_2026-03-23_20-27-04_results.csv; Imported Leads,Yes,deliverable,No,,,,,,,,,,,,,,,,,,,,,,,,,,,,,,,,,,,,,,,,,,,,,,,,,,,,,,,,,,,,,,,,,,,,,,,,,Email is valid.,,mx0001.neo.space,FALSE,,,,,,,,,,,,,,,,,,,,,,,,,,,,No,,,,,,,,,,Smartlead users sheet; SL users validated; campaign_leads_2026-03-23_20-27-04_results - campaign_leads_2026-03-23_20-27-04_results.csv,,,,,,,,,,false,enrich,other,"""2026-06-06T10:37:51.088Z""",Other,,,,,,,,,
,,saad.wohlgenannt@gmx.at,,,,,,,,Smartlead users sheet; SL users validated; campaign_leads_2026-03-23_20-27-04_results - campaign_leads_2026-03-23_20-27-04_results.csv; Imported Leads,No,risky,No,,,,,,,,,,,,,,,,,,,,,,,,,,,,,,,,,,,,,,,,,,,,,,,,,,,,,,,,,,,,,,Europe,Poland,Zabierzów,Zabierzów,"Zabierzów, Lesser Poland, Poland",32-080,Lesser Poland,11 Ul. Kolejowa,Rm Inwestycje Szarras Sp.j,1-10,Private,Email is valid.,,mx00.emig.gmx.net,FALSE,,,,,,,,,,,,,,,,,,,,,,,,,,,,No,,,,,,,,,,Smartlead users sheet; SL users validated; campaign_leads_2026-03-23_20-27-04_results - campaign_leads_2026-03-23_20-27-04_results.csv,,,,,,,,,,false,enrich,other,"""2026-06-06T10:37:50.049Z""",Other,,,,,,,,,
Noel,Maniraguha,noel@afonto.com,"Afonto, Inc.",Founder & CEO,,Canada,Canada,Canada,https://www.linkedin.com/in/noel-maniraguha-4b1260195/,Smartlead users sheet; SL users validated; campaign_leads_2026-03-23_20-27-04_results - campaign_leads_2026-03-23_20-27-04_results.csv; Imported Leads,Yes,deliverable,No,,,,,afonto.com,,,,,,,,,,,,,,,,,,,,,,,,,,,,,,,,,,,,,,,,,,,,,,,,,,,,,,,,,,,,,,,,,,,,,,,,"Canada, Canada",gmail,"""2026-03-31T21:06:52.532Z""",Google Workspace,,,,,,,,,,,,,,,,,,,,,,,,No,No,,,,,,,,,Smartlead users sheet; SL users validated; campaign_leads_2026-03-23_20-27-04_results - campaign_leads_2026-03-23_20-27-04_results.csv; Imported Leads,Imported Leads; SL Users,,,,,,,,,false,enrich,gmail,"""2026-06-06T10:37:49.709Z""",Gmail / Google Workspace,,,,,,,,,
,,katianataf@becomegreen.fr,,,,,,,,Smartlead users sheet; SL users validated; campaign_leads_2026-03-23_20-27-04_results - campaign_leads_2026-03-23_20-27-04_results.csv; Imported Leads,No,risky,No,,,,,,,,,,,,,,,,,,,,,,,,,,,,,,,,,,,,,,,,,,,,,,,,,,,,,,,,,,,,,,,,,,,,,,,,,Email is valid.,,mx1.mail.ovh.net,FALSE,,,,,,,,,,,,,,,,,,,,,,,,,,,,No,,,,,,,,,,Smartlead users sheet; SL users validated; campaign_leads_2026-03-23_20-27-04_results - campaign_leads_2026-03-23_20-27-04_results.csv,,,,,,,,,,false,enrich,other,"""2026-06-06T10:37:49.791Z""",Other,,,,,,,,,
,,info@automatedemand.com,,,,,,,,Smartlead users sheet; SL users validated; campaign_leads_2026-03-23_20-27-04_results - campaign_leads_2026-03-23_20-27-04_results.csv; Imported Leads,Yes,deliverable,No,,,,,,,,,,,,,,,,,,,,,,,,,,,,,,,,,,,,,,,,,,,,,,,,,,,,,,,,,,,,,,,,,,,,,,,,,Email is valid.,Google Workspace,aspmx.l.google.com,FALSE,,,,,,,,,,,,,,,,,,,,,,,,,,,,No,,,,,,,,,,Smartlead users sheet; SL users validated; campaign_leads_2026-03-23_20-27-04_results - campaign_leads_2026-03-23_20-27-04_results.csv,,,,,,,,,,false,enrich,gmail,"""2026-06-06T10:37:49.738Z""",Gmail / Google Workspace,,,,,,,,,
,,charlotte@lifemediauk.com,,,,,,,,Smartlead users sheet; SL users validated; campaign_leads_2026-03-23_20-27-04_results - campaign_leads_2026-03-23_20-27-04_results.csv; Imported Leads,Yes,deliverable,No,,,,,,,,,,,,,,,,,,,,,,,,,,,,,,,,,,,,,,,,,,,,,,,,,,,,,,,,,,,,2011,Media Production,Europe,United Kingdom,Kingswood And Fishponds,Kingswood And Fishponds,"Kingswood And Fishponds, England, United Kingdom",bs15 8jf,England,24-25 South Road,Life Media Uk | Professional Video Production,1-10,Private,Email is valid.,Google Workspace,aspmx.l.google.com,FALSE,,,,,,,,,,,,,,,,,,,,,,,,,,,,No,,,,,,,,,,Smartlead users sheet; SL users validated; campaign_leads_2026-03-23_20-27-04_results - campaign_leads_2026-03-23_20-27-04_results.csv,,,,,,,,,,false,enrich,gmail,"""2026-06-06T10:37:49.685Z""",Gmail / Google Workspace,,,,,,,,,
,,contact@cogeus.com,,,,,,,,Smartlead users sheet; SL users validated; campaign_leads_2026-03-23_20-27-04_results - campaign_leads_2026-03-23_20-27-04_results.csv; Imported Leads,Yes,deliverable,No,,,,,,,,,,,,,,,,,,,,,,,,,,,,,,,,,,,,,,,,,,,,,,,,,,,,,,,,,,,,2023,Marketing And Advertising,Europe,France,Paris,Paris,"Paris, Île-de-france, France",,Île-de-france,,Cogeus,1-10,Private,Email is valid.,Google Workspace,aspmx.l.google.com,FALSE,,,,,,,,,,,,,,,,,,,,,,,,,,,,No,,,,,,,,,,Smartlead users sheet; SL users validated; campaign_leads_2026-03-23_20-27-04_results - campaign_leads_2026-03-23_20-27-04_results.csv,,,,,,,,,,false,enrich,gmail,"""2026-06-06T10:37:49.689Z""",Gmail / Google Workspace,,,,,,,,,
,,newsletter@forwessun.com,,,,,,,,Smartlead users sheet; SL users validated; campaign_leads_2026-03-23_20-27-04_results - campaign_leads_2026-03-23_20-27-04_results.csv; Imported Leads,Yes,deliverable,No,,,,,,,,,,,,,,,,,,,,,,,,,,,,,,,,,,,,,,,,,,,,,,,,,,,,,,,,,,,,,,,,,,,,,,,,,Email is valid.,Google Workspace,aspmx.l.google.com,FALSE,,,,,,,,,,,,,,,,,,,,,,,,,,,,No,,,,,,,,,,Smartlead users sheet; SL users validated; campaign_leads_2026-03-23_20-27-04_results - campaign_leads_2026-03-23_20-27-04_results.csv,,,,,,,,,,false,enrich,gmail,"""2026-06-06T10:37:49.690Z""",Gmail / Google Workspace,,,,,,,,,
,,jamie@sayello.io,,,,,,,,Smartlead users sheet; SL users validated; campaign_leads_2026-03-23_20-27-04_results - campaign_leads_2026-03-23_20-27-04_results.csv; Imported Leads,Yes,deliverable,No,,,,,,,,,,,,,,,,,,,,,,,,,,,,,,,,,,,,,,,,,,,,,,,,,,,,,,,,,,,,,,,,,,,,,,,,,Email is valid.,Google Workspace,aspmx.l.google.com,FALSE,,,,,,,,,,,,,,,,,,,,,,,,,,,,No,,,,,,,,,,Smartlead users sheet; SL users validated; campaign_leads_2026-03-23_20-27-04_results - campaign_leads_2026-03-23_20-27-04_results.csv,,,,,,,,,,false,enrich,gmail,"""2026-06-06T10:37:49.892Z""",Gmail / Google Workspace,,,,,,,,,
,,alastair@successwithsystems.co.uk,,,,,,,,Smartlead users sheet; SL users validated; campaign_leads_2026-03-23_20-27-04_results - campaign_leads_2026-03-23_20-27-04_results.csv; Imported Leads,Yes,deliverable,No,,,,,,,,,,,,,,,,,,,,,,,,,,,,,,,,,,,,,,,,,,,,,,,,,,,,,,,,,,,facebook.com/successwithsystems,2011,Business Supplies And Equipment,Europe,United Kingdom,Brighton,Brighton,"Brighton, England, United Kingdom",bn2 1fb,England,18 Chesham Place,Success With Systems,1-10,Private,Email is valid.,Google Workspace,aspmx.l.google.com,FALSE,,,,,,,,,,,,,,,,,,,,,,,,,,,,No,,,,,,,,,,Smartlead users sheet; SL users validated; campaign_leads_2026-03-23_20-27-04_results - campaign_leads_2026-03-23_20-27-04_results.csv,,,,,,,,,,false,enrich,gmail,"""2026-06-06T10:37:49.707Z""",Gmail / Google Workspace,,,,,,,,,
,,glen@thethirdplace.is,,,,,,,,Smartlead users sheet; SL users validated; campaign_leads_2026-03-23_20-27-04_results - campaign_leads_2026-03-23_20-27-04_results.csv; Imported Leads,Yes,deliverable,No,,,,,,,,,,,,,,,,,,,,,,,,,,,,,,,,,,,,,,,,,,,,,,,,,,,,,,,,,,,facebook.com/thethirdplaceis,2020,Internet,North America,United States,San Francisco,San Francisco,"San Francisco, California, United States",,California,,The Third Place,1-10,Private,Email is valid.,Google Workspace,aspmx.l.google.com,FALSE,,,,,,,,,,,,,,,,,,,,,,,,,,,,No,,,,,,,,,,Smartlead users sheet; SL users validated; campaign_leads_2026-03-23_20-27-04_results - campaign_leads_2026-03-23_20-27-04_results.csv,,,,,,,,,,false,enrich,gmail,"""2026-06-06T10:37:49.716Z""",Gmail / Google Workspace,,,,,,,,,
,,richard@minut.com,,,,,,,,Smartlead users sheet; SL users validated; campaign_leads_2026-03-23_20-27-04_results - campaign_leads_2026-03-23_20-27-04_results.csv; Imported Leads,No,undeliverable,No,,,,,,,,,,,,,,,,,,,,,,,,,,,,,,,,,,,,,,,,,,,,,,,,,,,,,,,,,,,facebook.com/minuthq,2014,Consumer Electronics,Europe,Sweden,Malmö,Malmö,"Malmö, Skåne, Sweden",211 30,Skåne,4 Bredgatan,Minut,11-50,Private,Email is valid.,Google Workspace,aspmx.l.google.com,FALSE,,,,,,,,,,,,,,,,,,,,,,,,,,,,No,,,,,,,,,,Smartlead users sheet; SL users validated; campaign_leads_2026-03-23_20-27-04_results - campaign_leads_2026-03-23_20-27-04_results.csv,,,,,,,,,,false,enrich,gmail,"""2026-06-06T10:37:49.667Z""",Gmail / Google Workspace,,,,,,,,,
,,isaac@teramind.co,,,,,,,,Smartlead users sheet; SL users validated; campaign_leads_2026-03-23_20-27-04_results - campaign_leads_2026-03-23_20-27-04_results.csv; Imported Leads,Yes,deliverable,No,,,,,,,,,,,,,,,,,,,,,,,,,,,,,,,,,,,,,,,,,,,,,,,,,,,,,,,,,,,facebook.com/teramindco,2014,Computer Software,North America,United States,Aventura,Aventura,"Aventura, Florida, United States",33180,Florida,19495 Biscayne Boulevard,Teramind,51-200,Private,Email is valid.,Google Workspace,aspmx.l.google.com,FALSE,,,,,,,,,,,,,,,,,,,,,,,,,,,,No,,,,,,,,,,Smartlead users sheet; SL users validated; campaign_leads_2026-03-23_20-27-04_results - campaign_leads_2026-03-23_20-27-04_results.csv,,,,,,,,,,false,enrich,gmail,"""2026-06-06T10:37:49.693Z""",Gmail / Google Workspace,,,,,,,,,
,,chinmay@zams.com,,,,,,,,Smartlead users sheet; SL users validated; campaign_leads_2026-03-23_20-27-04_results - campaign_leads_2026-03-23_20-27-04_results.csv; Imported Leads,Yes,deliverable,No,,,,,,,,,,,,,,,,,,,,,,,,,,,,,,,,,,,,,,,,,,,,,,,,,,,,,,,,,,,,,,,,,,,,,,,,,Email is valid.,Google Workspace,smtp.google.com,FALSE,,,,,,,,,,,,,,,,,,,,,,,,,,,,No,,,,,,,,,,Smartlead users sheet; SL users validated; campaign_leads_2026-03-23_20-27-04_results - campaign_leads_2026-03-23_20-27-04_results.csv,,,,,,,,,,false,enrich,gmail,"""2026-06-06T10:37:49.874Z""",Gmail / Google Workspace,,,,,,,,,
,,marketing@jatheon.com,,,,,,,,Smartlead users sheet; SL users validated; campaign_leads_2026-03-23_20-27-04_results - campaign_leads_2026-03-23_20-27-04_results.csv; Imported Leads,Yes,deliverable,No,,,,,,,,,,,,,,,,,,,,,,,,,,,,,,,,,,,,,,,,,,,,,,,,,,,,,,,,,,,facebook.com/jatheontechnologiesinc,2004,Information Technology And Services,North America,Canada,Toronto,Toronto,"Toronto, Ontario, Canada",m5r 1b2,Ontario,15 Prince Arthur Avenue,Jatheon Technologies,51-200,Private,Email is valid.,Google Workspace,aspmx.l.google.com,FALSE,,,,,,,,,,,,,,,,,,,,,,,,,,,,No,,,,,,,,,,Smartlead users sheet; SL users validated; campaign_leads_2026-03-23_20-27-04_results - campaign_leads_2026-03-23_20-27-04_results.csv,,,,,,,,,,false,enrich,gmail,"""2026-06-06T10:37:50.206Z""",Gmail / Google Workspace,,,,,,,,,
,,admin@callingly.com,,,,,,,,Smartlead users sheet; SL users validated; campaign_leads_2026-03-23_20-27-04_results - campaign_leads_2026-03-23_20-27-04_results.csv; Imported Leads,Yes,deliverable,No,,,,,,,,,,,,,,,,,,,,,,,,,,,,,,,,,,,,,,,,,,,,,,,,,,,,,,,,,,,,2016,Computer Software,North America,United States,Scottsdale,Scottsdale,"Scottsdale, Arizona, United States",85254,Arizona,4848 East Cactus Road #505-415,Callingly,1-10,Private,Email is valid.,Google Workspace,aspmx.l.google.com,FALSE,,,,,,,,,,,,,,,,,,,,,,,,,,,,No,,,,,,,,,,Smartlead users sheet; SL users validated; campaign_leads_2026-03-23_20-27-04_results - campaign_leads_2026-03-23_20-27-04_results.csv,,,,,,,,,,false,enrich,gmail,"""2026-06-06T10:37:49.690Z""",Gmail / Google Workspace,,,,,,,,,
,,info@data-sales.ru,,,,,,,,Smartlead users sheet; SL users validated; campaign_leads_2026-03-23_20-27-04_results - campaign_leads_2026-03-23_20-27-04_results.csv; Imported Leads,No,risky,No,,,,,,,,,,,,,,,,,,,,,,,,,,,,,,,,,,,,,,,,,,,,,,,,,,,,,,,,,,,,,,,,,,,,,,,,,Email is valid.,,mx1.beget.com,FALSE,,,,,,,,,,,,,,,,,,,,,,,,,,,,No,,,,,,,,,,Smartlead users sheet; SL users validated; campaign_leads_2026-03-23_20-27-04_results - campaign_leads_2026-03-23_20-27-04_results.csv,,,,,,,,,,false,enrich,other,"""2026-06-06T10:37:49.946Z""",Other,,,,,,,,,
,,naser.rather@bistasolutions.com,,,,,,,,Smartlead users sheet; SL users validated; campaign_leads_2026-03-23_20-27-04_results - campaign_leads_2026-03-23_20-27-04_results.csv; Imported Leads,Yes,deliverable,No,,,,,,,,,,,,,,,,,,,,,,,,,,,,,,,,,,,,,,,,,,,,,,,,,,,,,,,,,,,facebook.com/bistasolutionsinc,2007,Information Technology And Services,North America,United States,Fremont,Fremont,"Fremont, California, United States",94538,California,39180 Liberty Street,Bista Solutions Inc,201-500,Private,Email is valid.,Google Workspace,aspmx.l.google.com,FALSE,,,,,,,,,,,,,,,,,,,,,,,,,,,,No,,,,,,,,,,Smartlead users sheet; SL users validated; campaign_leads_2026-03-23_20-27-04_results - campaign_leads_2026-03-23_20-27-04_results.csv,,,,,,,,,,false,enrich,gmail,"""2026-06-06T10:37:49.883Z""",Gmail / Google Workspace,,,,,,,,,
,,salem@247fulfillment.co,,,,,,,,Smartlead users sheet; SL users validated; campaign_leads_2026-03-23_20-27-04_results - campaign_leads_2026-03-23_20-27-04_results.csv; Imported Leads,Yes,deliverable,No,,,,,,,,,,,,,,,,,,,,,,,,,,,,,,,,,,,,,,,,,,,,,,,,,,,,,,,,,,,,2020,Logistics And Supply Chain,North America,Canada,North York,North York,"North York, Ontario, Canada",m3j 2v3,Ontario,400 Canarctic Drive,247 Fulfillment,11-50,Private,Email is valid.,Google Workspace,aspmx.l.google.com,FALSE,,,,,,,,,,,,,,,,,,,,,,,,,,,,No,,,,,,,,,,Smartlead users sheet; SL users validated; campaign_leads_2026-03-23_20-27-04_results - campaign_leads_2026-03-23_20-27-04_results.csv,,,,,,,,,,false,enrich,gmail,"""2026-06-06T10:37:49.753Z""",Gmail / Google Workspace,,,,,,,,,
,,terry@chatmetrics.com,,,,,,,,Smartlead users sheet; SL users validated; campaign_leads_2026-03-23_20-27-04_results - campaign_leads_2026-03-23_20-27-04_results.csv; Imported Leads,No,risky,No,,,,,,,,,,,,,,,,,,,,,,,,,,,,,,,,,,,,,,,,,,,,,,,,,,,,,,,,,,,facebook.com/chatmetrics,,Internet,Oceania,Australia,Melbourne,Melbourne,"Melbourne, Victoria, Australia",3000,Victoria,,Chat Metrics,51-200,Private,Email is valid.,Google Workspace,aspmx.l.google.com,FALSE,,,,,,,,,,,,,,,,,,,,,,,,,,,,No,,,,,,,,,,Smartlead users sheet; SL users validated; campaign_leads_2026-03-23_20-27-04_results - campaign_leads_2026-03-23_20-27-04_results.csv,,,,,,,,,,false,enrich,gmail,"""2026-06-06T10:37:49.689Z""",Gmail / Google Workspace,,,,,,,,,
,,martin@wiinholt.dk,,,,,,,,Smartlead users sheet; SL users validated; campaign_leads_2026-03-23_20-27-04_results - campaign_leads_2026-03-23_20-27-04_results.csv; Imported Leads,Yes,deliverable,No,,,,,,,,,,,,,,,,,,,,,,,,,,,,,,,,,,,,,,,,,,,,,,,,,,,,,,,,,,,,2022,Management Consulting,Europe,Denmark,Copenhagen,Copenhagen,"Copenhagen, Hovedstaden, Denmark",,Hovedstaden,3 Ewaldsgade,Wiinholt & Associates,1-10,Private,Email is valid.,Google Workspace,aspmx.l.google.com,FALSE,,,,,,,,,,,,,,,,,,,,,,,,,,,,No,,,,,,,,,,Smartlead users sheet; SL users validated; campaign_leads_2026-03-23_20-27-04_results - campaign_leads_2026-03-23_20-27-04_results.csv,,,,,,,,,,false,enrich,gmail,"""2026-06-06T10:37:49.692Z""",Gmail / Google Workspace,,,,,,,,,
,,charlie@averyapp.ai,,,,,,,,Smartlead users sheet; SL users validated; campaign_leads_2026-03-23_20-27-04_results - campaign_leads_2026-03-23_20-27-04_results.csv; Imported Leads,Yes,deliverable,No,,,,,,,,,,,,,,,,,,,,,,,,,,,,,,,,,,,,,,,,,,,,,,,,,,,,,,,,,,,,,,,,,,,,,,,,,Email is valid.,Google Workspace,aspmx.l.google.com,FALSE,,,,,,,,,,,,,,,,,,,,,,,,,,,,No,,,,,,,,,,Smartlead users sheet; SL users validated; campaign_leads_2026-03-23_20-27-04_results - campaign_leads_2026-03-23_20-27-04_results.csv,,,,,,,,,,false,enrich,gmail,"""2026-06-06T10:37:49.908Z""",Gmail / Google Workspace,,,,,,,,,
,,admin@mia.inc,,,,,,,,Smartlead users sheet; SL users validated; campaign_leads_2026-03-23_20-27-04_results - campaign_leads_2026-03-23_20-27-04_results.csv; Imported Leads,Yes,deliverable,No,,,,,,,,,,,,,,,,,,,,,,,,,,,,,,,,,,,,,,,,,,,,,,,,,,,,,,,,,,,,,Internet,,,,,,,,,"Mia Labs, Inc.",1-10,Private,Email is valid.,Google Workspace,aspmx.l.google.com,FALSE,,,,,,,,,,,,,,,,,,,,,,,,,,,,No,,,,,,,,,,Smartlead users sheet; SL users validated; campaign_leads_2026-03-23_20-27-04_results - campaign_leads_2026-03-23_20-27-04_results.csv,,,,,,,,,,false,enrich,gmail,"""2026-06-06T10:37:49.712Z""",Gmail / Google Workspace,,,,,,,,,
,,gonzalo@latamforce.co,,,,,,,,Smartlead users sheet; SL users validated; campaign_leads_2026-03-23_20-27-04_results - campaign_leads_2026-03-23_20-27-04_results.csv; Imported Leads,Yes,deliverable,No,,,,,,,,,,,,,,,,,,,,,,,,,,,,,,,,,,,,,,,,,,,,,,,,,,,,,,,,,,,,,,,,,,,,,,,,,Email is valid.,Google Workspace,aspmx.l.google.com,FALSE,,,,,,,,,,,,,,,,,,,,,,,,,,,,No,,,,,,,,,,Smartlead users sheet; SL users validated; campaign_leads_2026-03-23_20-27-04_results - campaign_leads_2026-03-23_20-27-04_results.csv,,,,,,,,,,false,enrich,gmail,"""2026-06-06T10:37:49.667Z""",Gmail / Google Workspace,,,,,,,,,
Armand,Ohoungnon,armand@stormxdigital.com,,Advertising Manager,,Crema,,Lombardy,https://www.linkedin.com/in/armandohoungnon/,Smartlead users sheet; SL users validated; campaign_leads_2026-03-23_20-27-04_results - campaign_leads_2026-03-23_20-27-04_results.csv; Imported Leads,Yes,deliverable,No,,,,,stormxdigital.com,,,,,,,,,,,,,,,,,,,,,,,,,,,,,,,Storm X Digital,,,,,,,,,,,,,,,,,,,,,,,,,,,,,,,,,,,,,,,,,"Crema, Lombardy, Italy",,,,,,,,,,,,,,,,,,,,,,,,,,,No,,,,,,,,,,Smartlead users sheet; SL users validated; campaign_leads_2026-03-23_20-27-04_results - campaign_leads_2026-03-23_20-27-04_results.csv; Imported Leads,,,,,,,,,,false,enrich,gmail,"""2026-06-06T10:37:49.697Z""",Gmail / Google Workspace,,,,,,,,,
,,owl@owltribe.dev,,,,,,,,Smartlead users sheet; SL users validated; campaign_leads_2026-03-23_20-27-04_results - campaign_leads_2026-03-23_20-27-04_results.csv; Imported Leads,Yes,deliverable,No,,,,,,,,,,,,,,,,,,,,,,,,,,,,,,,,,,,,,,,,,,,,,,,,,,,,,,,,,,,,,,North America,United States,Boston,Boston,"Boston, Massachusetts, United States",2116,Massachusetts,,Owl Technology,1-10,Private,Email is valid.,Google Workspace,aspmx.l.google.com,FALSE,,,,,,,,,,,,,,,,,,,,,,,,,,,,No,,,,,,,,,,Smartlead users sheet; SL users validated; campaign_leads_2026-03-23_20-27-04_results - campaign_leads_2026-03-23_20-27-04_results.csv,,,,,,,,,,false,enrich,gmail,"""2026-06-06T10:37:49.691Z""",Gmail / Google Workspace,,,,,,,,,
,,sam@foodasmedicinenetwork.com,,,,,,,,Smartlead users sheet; SL users validated; campaign_leads_2026-03-23_20-27-04_results - campaign_leads_2026-03-23_20-27-04_results.csv; Imported Leads,Yes,deliverable,No,,,,,,,,,,,,,,,,,,,,,,,,,,,,,,,,,,,,,,,,,,,,,,,,,,,,,,,,,,,,,,North America,United States,Chicago,Chicago,"Chicago, Illinois, United States",,Illinois,,Food As Medicine Network,1-10,Private,Email is valid.,Google Workspace,aspmx.l.google.com,FALSE,,,,,,,,,,,,,,,,,,,,,,,,,,,,No,,,,,,,,,,Smartlead users sheet; SL users validated; campaign_leads_2026-03-23_20-27-04_results - campaign_leads_2026-03-23_20-27-04_results.csv,,,,,,,,,,false,enrich,gmail,"""2026-06-06T10:37:49.702Z""",Gmail / Google Workspace,,,,,,,,,
,,a.fawzy@edraksoftware.com,,,,,,,,Smartlead users sheet; SL users validated; campaign_leads_2026-03-23_20-27-04_results - campaign_leads_2026-03-23_20-27-04_results.csv; Imported Leads,Yes,deliverable,No,,,,,,,,,,,,,,,,,,,,,,,,,,,,,,,,,,,,,,,,,,,,,,,,,,,,,,,,,,,facebook.com/edraksoftware,2009,Computer Software,Africa,Egypt,Cairo,Cairo,"Cairo, Cairo Governorate, Egypt",,Cairo Governorate,,Edrak Software,11-50,Private,Email is valid.,Google Workspace,aspmx.l.google.com,FALSE,,,,,,,,,,,,,,,,,,,,,,,,,,,,No,,,,,,,,,,Smartlead users sheet; SL users validated; campaign_leads_2026-03-23_20-27-04_results - campaign_leads_2026-03-23_20-27-04_results.csv,,,,,,,,,,false,enrich,gmail,"""2026-06-06T10:37:49.874Z""",Gmail / Google Workspace,,,,,,,,,
,,zak@redy.com,,,,,,,,Smartlead users sheet; SL users validated; campaign_leads_2026-03-23_20-27-04_results - campaign_leads_2026-03-23_20-27-04_results.csv; Imported Leads,Yes,deliverable,No,,,,,,,,,,,,,,,,,,,,,,,,,,,,,,,,,,,,,,,,,,,,,,,,,,,,,,,,,,,facebook.com/redytosell,,Real Estate,,,,,,,,,Redy,11-50,Private,Email is valid.,Google Workspace,aspmx.l.google.com,FALSE,,,,,,,,,,,,,,,,,,,,,,,,,,,,No,,,,,,,,,,Smartlead users sheet; SL users validated; campaign_leads_2026-03-23_20-27-04_results - campaign_leads_2026-03-23_20-27-04_results.csv,,,,,,,,,,false,enrich,gmail,"""2026-06-06T10:37:49.744Z""",Gmail / Google Workspace,,,,,,,,,
,,john@terrafirmannn.com,,,+18588832618,,,,,Smartlead users sheet; SL users validated; campaign_leads_2026-03-23_20-27-04_results - campaign_leads_2026-03-23_20-27-04_results.csv; Imported Leads,Yes,deliverable,No,,,,,,,,,,,,,,,,,,,,,,,,,,,,,,,,,,,,,,,,,,,,,,,,,,,,,,,,,,,,,,,,,,,,,,,,,Email is valid.,Google Workspace,aspmx.l.google.com,FALSE,,,,,,,,,,,,,,,,,,,,,,,,,,,,No,,,,,,,,,,Smartlead users sheet; SL users validated; campaign_leads_2026-03-23_20-27-04_results - campaign_leads_2026-03-23_20-27-04_results.csv,,,,,,,,,,false,enrich,,,,,,,,,,,,
,,zubair@nexusoutbound.com,,,,,,,,Smartlead users sheet; SL users validated; campaign_leads_2026-03-23_20-27-04_results - campaign_leads_2026-03-23_20-27-04_results.csv; Imported Leads,Yes,deliverable,No,,,,,,,,,,,,,,,,,,,,,,,,,,,,,,,,,,,,,,,,,,,,,,,,,,,,,,,,,,,,,,,,,,,,,,,,,Email is valid.,Google Workspace,aspmx.l.google.com,FALSE,,,,,,,,,,,,,,,,,,,,,,,,,,,,No,,,,,,,,,,Smartlead users sheet; SL users validated; campaign_leads_2026-03-23_20-27-04_results - campaign_leads_2026-03-23_20-27-04_results.csv,,,,,,,,,,false,enrich,gmail,"""2026-06-06T10:37:49.742Z""",Gmail / Google Workspace,,,,,,,,,
,,joe@joe-hinderstein.com,,,,,,,,Smartlead users sheet; SL users validated; campaign_leads_2026-03-23_20-27-04_results - campaign_leads_2026-03-23_20-27-04_results.csv; Imported Leads,Yes,deliverable,No,,,,,,,,,,,,,,,,,,,,,,,,,,,,,,,,,,,,,,,,,,,,,,,,,,,,,,,,,,,,,,,,,,,,,,,,,Email is valid.,Google Workspace,smtp.google.com,FALSE,,,,,,,,,,,,,,,,,,,,,,,,,,,,No,,,,,,,,,,Smartlead users sheet; SL users validated; campaign_leads_2026-03-23_20-27-04_results - campaign_leads_2026-03-23_20-27-04_results.csv,,,,,,,,,,false,enrich,gmail,"""2026-06-06T10:37:49.719Z""",Gmail / Google Workspace,,,,,,,,,
,,john@fluxdigitallabs.com,,,,,,,,Smartlead users sheet; SL users validated; campaign_leads_2026-03-23_20-27-04_results - campaign_leads_2026-03-23_20-27-04_results.csv; Imported Leads,Yes,deliverable,No,,,,,,,,,,,,,,,,,,,,,,,,,,,,,,,,,,,,,,,,,,,,,,,,,,,,,,,,,,,,,Marketing And Advertising,Europe,United Kingdom,Northampton,Northampton,"Northampton, Northamptonshire, United Kingdom",,Northamptonshire,,Flux Digital Labs,1-10,Private,Email is valid.,Google Workspace,aspmx.l.google.com,FALSE,,,,,,,,,,,,,,,,,,,,,,,,,,,,No,,,,,,,,,,Smartlead users sheet; SL users validated; campaign_leads_2026-03-23_20-27-04_results - campaign_leads_2026-03-23_20-27-04_results.csv,,,,,,,,,,false,enrich,gmail,"""2026-06-06T10:37:49.711Z""",Gmail / Google Workspace,,,,,,,,,
,,dvin@warmleads.io,,,,,,,,Smartlead users sheet; SL users validated; campaign_leads_2026-03-23_20-27-04_results - campaign_leads_2026-03-23_20-27-04_results.csv; Imported Leads,Yes,deliverable,No,,,,,,,,,,,,,,,,,,,,,,,,,,,,,,,,,,,,,,,,,,,,,,,,,,,,,,,,,,,,,,,,,,,,,,,,,Email is valid.,Google Workspace,aspmx.l.google.com,FALSE,,,,,,,,,,,,,,,,,,,,,,,,,,,,No,,,,,,,,,,Smartlead users sheet; SL users validated; campaign_leads_2026-03-23_20-27-04_results - campaign_leads_2026-03-23_20-27-04_results.csv,,,,,,,,,,false,enrich,gmail,"""2026-06-06T10:37:49.703Z""",Gmail / Google Workspace,,,,,,,,,
,,bill@softprobe.ai,,,,,,,,Smartlead users sheet; SL users validated; campaign_leads_2026-03-23_20-27-04_results - campaign_leads_2026-03-23_20-27-04_results.csv; Imported Leads,Yes,deliverable,No,,,,,,,,,,,,,,,,,,,,,,,,,,,,,,,,,,,,,,,,,,,,,,,,,,,,,,,,,,,,,,,,,,,,,,,,,Email is valid.,Google Workspace,aspmx.l.google.com,FALSE,,,,,,,,,,,,,,,,,,,,,,,,,,,,No,,,,,,,,,,Smartlead users sheet; SL users validated; campaign_leads_2026-03-23_20-27-04_results - campaign_leads_2026-03-23_20-27-04_results.csv,,,,,,,,,,false,enrich,gmail,"""2026-06-06T10:37:49.667Z""",Gmail / Google Workspace,,,,,,,,,
,,jordan@desmomarketing.com,,,,,,,,Smartlead users sheet; SL users validated; campaign_leads_2026-03-23_20-27-04_results - campaign_leads_2026-03-23_20-27-04_results.csv; Imported Leads,Yes,deliverable,No,,,,,,,,,,,,,,,,,,,,,,,,,,,,,,,,,,,,,,,,,,,,,,,,,,,,,,,,,,,,,,,,,,,,,,,,,Email is valid.,Google Workspace,aspmx.l.google.com,FALSE,,,,,,,,,,,,,,,,,,,,,,,,,,,,No,,,,,,,,,,Smartlead users sheet; SL users validated; campaign_leads_2026-03-23_20-27-04_results - campaign_leads_2026-03-23_20-27-04_results.csv,,,,,,,,,,false,enrich,gmail,"""2026-06-06T10:37:49.707Z""",Gmail / Google Workspace,,,,,,,,,
,,bhairav+wyng@characterquilt.com,,,,,,,,Smartlead users sheet; SL users validated; campaign_leads_2026-03-23_20-27-04_results - campaign_leads_2026-03-23_20-27-04_results.csv; Imported Leads,No,undeliverable,No,,,,,,,,,,,,,,,,,,,,,,,,,,,,,,,,,,,,,,,,,,,,,,,,,,,,,,,,,,,,,,,,,,,,,,,,,Email is valid.,Google Workspace,aspmx.l.google.com,FALSE,,,,,,,,,,,,,,,,,,,,,,,,,,,,No,,,,,,,,,,Smartlead users sheet; SL users validated; campaign_leads_2026-03-23_20-27-04_results - campaign_leads_2026-03-23_20-27-04_results.csv,,,,,,,,,,false,enrich,gmail,"""2026-06-06T10:37:49.690Z""",Gmail / Google Workspace,,,,,,,,,
,,info@noteler.com,,,,,,,,Smartlead users sheet; SL users validated; campaign_leads_2026-03-23_20-27-04_results - campaign_leads_2026-03-23_20-27-04_results.csv; Imported Leads,Yes,deliverable,No,,,,,,,,,,,,,,,,,,,,,,,,,,,,,,,,,,,,,,,,,,,,,,,,,,,,,,,,,,,,,,,,,,,,,,,,,Email is valid.,Google Workspace,aspmx.l.google.com,FALSE,,,,,,,,,,,,,,,,,,,,,,,,,,,,No,,,,,,,,,,Smartlead users sheet; SL users validated; campaign_leads_2026-03-23_20-27-04_results - campaign_leads_2026-03-23_20-27-04_results.csv,,,,,,,,,,false,enrich,gmail,"""2026-06-06T10:37:49.707Z""",Gmail / Google Workspace,,,,,,,,,
,,mike@emenuexpress.com,,,,,,,,Smartlead users sheet; SL users validated; campaign_leads_2026-03-23_20-27-04_results - campaign_leads_2026-03-23_20-27-04_results.csv; Imported Leads,Yes,deliverable,No,,,,,,,,,,,,,,,,,,,,,,,,,,,,,,,,,,,,,,,,,,,,,,,,,,,,,,,,,,,,,,North America,United States,Salisbury,Salisbury,"Salisbury, Massachusetts, United States",1952,Massachusetts,50 Elm Street,Emenuexpress,1-10,Private,Email is valid.,Google Workspace,aspmx.l.google.com,FALSE,,,,,,,,,,,,,,,,,,,,,,,,,,,,No,,,,,,,,,,Smartlead users sheet; SL users validated; campaign_leads_2026-03-23_20-27-04_results - campaign_leads_2026-03-23_20-27-04_results.csv,,,,,,,,,,false,enrich,gmail,"""2026-06-06T10:37:49.698Z""",Gmail / Google Workspace,,,,,,,,,
,,zach.getrost@visbl.io,,,,,,,,Smartlead users sheet; SL users validated; campaign_leads_2026-03-23_20-27-04_results - campaign_leads_2026-03-23_20-27-04_results.csv; Imported Leads,Yes,deliverable,No,,,,,,,,,,,,,,,,,,,,,,,,,,,,,,,,,,,,,,,,,,,,,,,,,,,,,,,,,,,,2014,Computer Software,North America,United States,Charlotte,Charlotte,"Charlotte, North Carolina, United States",28277,North Carolina,,Visbl Data,11-50,Private,Email is valid.,Google Workspace,aspmx.l.google.com,FALSE,,,,,,,,,,,,,,,,,,,,,,,,,,,,No,,,,,,,,,,Smartlead users sheet; SL users validated; campaign_leads_2026-03-23_20-27-04_results - campaign_leads_2026-03-23_20-27-04_results.csv,,,,,,,,,,false,enrich,gmail,"""2026-06-06T10:37:49.711Z""",Gmail / Google Workspace,,,,,,,,,
,,williamcnoel@alternative-businessloans.com,,,,,,,,Smartlead users sheet; SL users validated; campaign_leads_2026-03-23_20-27-04_results - campaign_leads_2026-03-23_20-27-04_results.csv; Imported Leads,Yes,deliverable,No,,,,,,,,,,,,,,,,,,,,,,,,,,,,,,,,,,,,,,,,,,,,,,,,,,,,,,,,,,,,,,,,,,,,,,,,,Email is valid.,Google Workspace,aspmx.l.google.com,FALSE,,,,,,,,,,,,,,,,,,,,,,,,,,,,No,,,,,,,,,,Smartlead users sheet; SL users validated; campaign_leads_2026-03-23_20-27-04_results - campaign_leads_2026-03-23_20-27-04_results.csv,,,,,,,,,,false,enrich,gmail,"""2026-06-06T10:37:49.714Z""",Gmail / Google Workspace,,,,,,,,,
,,alatassa@direcstaff.com,,,,,,,,Smartlead users sheet; SL users validated; campaign_leads_2026-03-23_20-27-04_results - campaign_leads_2026-03-23_20-27-04_results.csv; Imported Leads,Yes,deliverable,No,,,,,,,,,,,,,,,,,,,,,,,,,,,,,,,,,,,,,,,,,,,,,,,,,,,,,,,,,,,,,Staffing And Recruiting,,,,,,,,,Direcstaff Llc,1-10,Private,Email is valid.,Google Workspace,ASPMX.L.GOOGLE.com,FALSE,,,,,,,,,,,,,,,,,,,,,,,,,,,,No,,,,,,,,,,Smartlead users sheet; SL users validated; campaign_leads_2026-03-23_20-27-04_results - campaign_leads_2026-03-23_20-27-04_results.csv,,,,,,,,,,false,enrich,gmail,"""2026-06-06T10:37:49.689Z""",Gmail / Google Workspace,,,,,,,,,
,,retirementtoday6@gmail.com,,,,,,,,Smartlead users sheet; SL users validated; campaign_leads_2026-03-23_20-27-04_results - campaign_leads_2026-03-23_20-27-04_results.csv; Imported Leads,No,risky,No,,,,,,,,,,,,,,,,,,,,,,,,,,,,,,,,,,,,,,,,,,,,,,,,,,,,,,,,,,,,,,,,,,,,,,,,,Email is valid.,Google Workspace,gmail-smtp-in.l.google.com,FALSE,,,,,,,,,,,,,,,,,,,,,,,,,,,,No,,,,,,,,,,Smartlead users sheet; SL users validated; campaign_leads_2026-03-23_20-27-04_results - campaign_leads_2026-03-23_20-27-04_results.csv,,,,,,,,,,false,enrich,gmail,"""2026-06-06T10:37:49.559Z""",Gmail / Google Workspace,,,,,,,,,
,,andrei@hedeservices.com,,,,,,,,Smartlead users sheet; SL users validated; campaign_leads_2026-03-23_20-27-04_results - campaign_leads_2026-03-23_20-27-04_results.csv; Imported Leads,No,undeliverable,No,,,,,,,,,,,,,,,,,,,,,,,,,,,,,,,,,,,,,,,,,,,,,,,,,,,,,,,,,,,,,,,,,,,,,,,,,Email is valid.,Google Workspace,aspmx.l.google.com,FALSE,,,,,,,,,,,,,,,,,,,,,,,,,,,,No,,,,,,,,,,Smartlead users sheet; SL users validated; campaign_leads_2026-03-23_20-27-04_results - campaign_leads_2026-03-23_20-27-04_results.csv,,,,,,,,,,false,enrich,other,"""2026-06-06T10:37:53.095Z""",Other,,,,,,,,,
Sahil,Garg,sahil@kleanify.co,,Founder,,Bengaluru,,Karnataka,https://www.linkedin.com/in/terri-p/,Smartlead users sheet; SL users validated; campaign_leads_2026-03-23_20-27-04_results - campaign_leads_2026-03-23_20-27-04_results.csv; Imported Leads,Yes,deliverable,No,,,,,kleanify.co,,,,,,,,,,,,,,,,,,,,,,,,,,,,,,,Kleanify,,,,,,,,,,,,,,,,,,,,,,,,,,,,,,,,,,,,,,,,,"Bengaluru, Karnataka, India",,,,,,,,,,,,,,,,,,,,,,,,,,,No,,,,,,,,,,Smartlead users sheet; SL users validated; campaign_leads_2026-03-23_20-27-04_results - campaign_leads_2026-03-23_20-27-04_results.csv; Imported Leads,,,,,,,,,,false,enrich,gmail,"""2026-06-06T10:37:49.709Z""",Gmail / Google Workspace,,,,,,,,,
,,jantoniuk@scalafai.com,,,,,,,,Smartlead users sheet; SL users validated; campaign_leads_2026-03-23_20-27-04_results - campaign_leads_2026-03-23_20-27-04_results.csv; Imported Leads,Yes,deliverable,No,,,,,,,,,,,,,,,,,,,,,,,,,,,,,,,,,,,,,,,,,,,,,,,,,,,,,,,,,,,,,Internet,,,,,,,,,Scalafai,1-10,Private,Email is valid.,Google Workspace,aspmx.l.google.com,FALSE,,,,,,,,,,,,,,,,,,,,,,,,,,,,No,,,,,,,,,,Smartlead users sheet; SL users validated; campaign_leads_2026-03-23_20-27-04_results - campaign_leads_2026-03-23_20-27-04_results.csv,,,,,,,,,,false,enrich,gmail,"""2026-06-06T10:37:49.694Z""",Gmail / Google Workspace,,,,,,,,,
,,maria@mariarincons.com,,,,,,,,Smartlead users sheet; SL users validated; campaign_leads_2026-03-23_20-27-04_results - campaign_leads_2026-03-23_20-27-04_results.csv; Imported Leads,Yes,deliverable,No,,,,,,,,,,,,,,,,,,,,,,,,,,,,,,,,,,,,,,,,,,,,,,,,,,,,,,,,,,,,,,,,,,,,,,,,,Email is valid.,Google Workspace,smtp.google.com,FALSE,,,,,,,,,,,,,,,,,,,,,,,,,,,,No,,,,,,,,,,Smartlead users sheet; SL users validated; campaign_leads_2026-03-23_20-27-04_results - campaign_leads_2026-03-23_20-27-04_results.csv,,,,,,,,,,false,enrich,gmail,"""2026-06-06T10:37:49.714Z""",Gmail / Google Workspace,,,,,,,,,
,,joey@prospecta.ie,,,,,,,,Smartlead users sheet; SL users validated; campaign_leads_2026-03-23_20-27-04_results - campaign_leads_2026-03-23_20-27-04_results.csv; Imported Leads,Yes,deliverable,No,,,,,,,,,,,,,,,,,,,,,,,,,,,,,,,,,,,,,,,,,,,,,,,,,,,,,,,,,,,,,,,,,,,,,,,,,Email is valid.,Google Workspace,smtp.google.com,FALSE,,,,,,,,,,,,,,,,,,,,,,,,,,,,No,,,,,,,,,,Smartlead users sheet; SL users validated; campaign_leads_2026-03-23_20-27-04_results - campaign_leads_2026-03-23_20-27-04_results.csv,,,,,,,,,,false,enrich,gmail,"""2026-06-06T10:37:49.701Z""",Gmail / Google Workspace,,,,,,,,,
,,joseph@tryprofound.com,,,,,,,,Smartlead users sheet; SL users validated; campaign_leads_2026-03-23_20-27-04_results - campaign_leads_2026-03-23_20-27-04_results.csv; Imported Leads,Yes,deliverable,No,,,,,,,,,,,,,,,,,,,,,,,,,,,,,,,,,,,,,,,,,,,,,,,,,,,,,,,,,,,,,Internet,,,,,,,,,Profound,1-10,Private,Email is valid.,Google Workspace,smtp.google.com,FALSE,,,,,,,,,,,,,,,,,,,,,,,,,,,,No,,,,,,,,,,Smartlead users sheet; SL users validated; campaign_leads_2026-03-23_20-27-04_results - campaign_leads_2026-03-23_20-27-04_results.csv,,,,,,,,,,false,enrich,gmail,"""2026-06-06T10:37:49.874Z""",Gmail / Google Workspace,,,,,,,,,
,,seb@august-marketing.co.uk,,,,,,,,Smartlead users sheet; SL users validated; campaign_leads_2026-03-23_20-27-04_results - campaign_leads_2026-03-23_20-27-04_results.csv; Imported Leads,Yes,deliverable,No,,,,,,,,,,,,,,,,,,,,,,,,,,,,,,,,,,,,,,,,,,,,,,,,,,,,,,,,,,,,,Marketing And Advertising,Europe,United Kingdom,London,London,"London, England, United Kingdom",se26 6rj,England,,August Marketing,11-50,Private,Email is valid.,Google Workspace,aspmx.l.google.com,FALSE,,,,,,,,,,,,,,,,,,,,,,,,,,,,No,,,,,,,,,,Smartlead users sheet; SL users validated; campaign_leads_2026-03-23_20-27-04_results - campaign_leads_2026-03-23_20-27-04_results.csv,,,,,,,,,,false,enrich,gmail,"""2026-06-06T10:37:49.712Z""",Gmail / Google Workspace,,,,,,,,,
,,john@mentionlytics.com,,,,,,,,Smartlead users sheet; SL users validated; campaign_leads_2026-03-23_20-27-04_results - campaign_leads_2026-03-23_20-27-04_results.csv; Imported Leads,No,risky,No,,,,,,,,,,,,,,,,,,,,,,,,,,,,,,,,,,,,,,,,,,,,,,,,,,,,,,,,,,,facebook.com/mentionlytics,2015,Marketing And Advertising,Europe,United Kingdom,Hackney,Hackney,"Hackney, England, United Kingdom",n1 7gu,England,20-22 Wenlock Road,Mentionlytics,11-50,Private,Email is valid.,Google Workspace,aspmx.l.google.com,FALSE,,,,,,,,,,,,,,,,,,,,,,,,,,,,No,,,,,,,,,,Smartlead users sheet; SL users validated; campaign_leads_2026-03-23_20-27-04_results - campaign_leads_2026-03-23_20-27-04_results.csv,,,,,,,,,,false,enrich,gmail,"""2026-06-06T10:37:49.735Z""",Gmail / Google Workspace,,,,,,,,,
,,garrett.hendricks208@gmail.com,,,,,,,,Smartlead users sheet; SL users validated; campaign_leads_2026-03-23_20-27-04_results - campaign_leads_2026-03-23_20-27-04_results.csv; Imported Leads,No,risky,No,,,,,,,,,,,,,,,,,,,,,,,,,,,,,,,,,,,,,,,,,,,,,,,,,,,,,,,,,,,,,,,,,,,,,,,,,Email is valid.,Google Workspace,gmail-smtp-in.l.google.com,FALSE,,,,,,,,,,,,,,,,,,,,,,,,,,,,No,,,,,,,,,,Smartlead users sheet; SL users validated; campaign_leads_2026-03-23_20-27-04_results - campaign_leads_2026-03-23_20-27-04_results.csv,,,,,,,,,,false,enrich,gmail,"""2026-06-06T10:37:49.559Z""",Gmail / Google Workspace,,,,,,,,,
,,mail@arristix.com,,,,,,,,Smartlead users sheet; SL users validated; campaign_leads_2026-03-23_20-27-04_results - campaign_leads_2026-03-23_20-27-04_results.csv; Imported Leads,Yes,deliverable,No,,,,,,,,,,,,,,,,,,,,,,,,,,,,,,,,,,,,,,,,,,,,,,,,,,,,,,,,,,,,2024,Marketing And Advertising,Europe,Switzerland,Arbon,Arbon,"Arbon, Thurgau, Switzerland",,Thurgau,,Arristix Gmbh,1-10,Private,Email is valid.,,mx1.mail.hostpoint.ch,FALSE,,,,,,,,,,,,,,,,,,,,,,,,,,,,No,,,,,,,,,,Smartlead users sheet; SL users validated; campaign_leads_2026-03-23_20-27-04_results - campaign_leads_2026-03-23_20-27-04_results.csv,,,,,,,,,,false,enrich,other,"""2026-06-06T10:37:49.997Z""",Other,,,,,,,,,
,,axel@fortunenetworkcapital.com,,,,,,,,Smartlead users sheet; SL users validated; campaign_leads_2026-03-23_20-27-04_results - campaign_leads_2026-03-23_20-27-04_results.csv; Imported Leads,Yes,deliverable,No,,,,,,,,,,,,,,,,,,,,,,,,,,,,,,,,,,,,,,,,,,,,,,,,,,,,,,,,,,,,,,,,,,,,,,,,,Email is valid.,Google Workspace,aspmx.l.google.com,FALSE,,,,,,,,,,,,,,,,,,,,,,,,,,,,No,,,,,,,,,,Smartlead users sheet; SL users validated; campaign_leads_2026-03-23_20-27-04_results - campaign_leads_2026-03-23_20-27-04_results.csv,,,,,,,,,,false,enrich,gmail,"""2026-06-06T10:37:49.685Z""",Gmail / Google Workspace,,,,,,,,,
,,timsimmons@journeywell.io,,,,,,,,Smartlead users sheet; SL users validated; campaign_leads_2026-03-23_20-27-04_results - campaign_leads_2026-03-23_20-27-04_results.csv; Imported Leads,Yes,deliverable,No,,,,,,,,,,,,,,,,,,,,,,,,,,,,,,,,,,,,,,,,,,,,,,,,,,,,,,,,,,,,,,,,,,,,,,,,,Email is valid.,Google Workspace,aspmx.l.google.com,FALSE,,,,,,,,,,,,,,,,,,,,,,,,,,,,No,,,,,,,,,,Smartlead users sheet; SL users validated; campaign_leads_2026-03-23_20-27-04_results - campaign_leads_2026-03-23_20-27-04_results.csv,,,,,,,,,,false,enrich,gmail,"""2026-06-06T10:37:49.716Z""",Gmail / Google Workspace,,,,,,,,,
,,jimmy@rubiehq.com,,,,,,,,Smartlead users sheet; SL users validated; campaign_leads_2026-03-23_20-27-04_results - campaign_leads_2026-03-23_20-27-04_results.csv; Imported Leads,Yes,deliverable,No,,,,,,,,,,,,,,,,,,,,,,,,,,,,,,,,,,,,,,,,,,,,,,,,,,,,,,,,,,,,,Internet,North America,United States,New York,New York,"New York, New York, United States",,New York,,Rubie,1-10,Private,Email is valid.,Google Workspace,aspmx.l.google.com,FALSE,,,,,,,,,,,,,,,,,,,,,,,,,,,,No,,,,,,,,,,Smartlead users sheet; SL users validated; campaign_leads_2026-03-23_20-27-04_results - campaign_leads_2026-03-23_20-27-04_results.csv,,,,,,,,,,false,enrich,gmail,"""2026-06-06T10:37:49.874Z""",Gmail / Google Workspace,,,,,,,,,
,,yogesh@finoit.com,,,,,,,,Smartlead users sheet; SL users validated; campaign_leads_2026-03-23_20-27-04_results - campaign_leads_2026-03-23_20-27-04_results.csv; Imported Leads,Yes,deliverable,No,,,,,,,,,,,,,,,,,,,,,,,,,,,,,,,,,,,,,,,,,,,,,,,,,,,,,,,,,,,facebook.com/finoittechnologies,2010,Information Technology And Services,North America,United States,Irving,Irving,"Irving, Texas, United States",75039,Texas,400 East Royal Lane,Finoit Inc,51-200,Private,Email is valid.,Google Workspace,aspmx.l.google.com,FALSE,,,,,,,,,,,,,,,,,,,,,,,,,,,,No,,,,,,,,,,Smartlead users sheet; SL users validated; campaign_leads_2026-03-23_20-27-04_results - campaign_leads_2026-03-23_20-27-04_results.csv,,,,,,,,,,false,enrich,gmail,"""2026-06-06T10:37:49.690Z""",Gmail / Google Workspace,,,,,,,,,
,,noumair.rafiq@chelseaconsultinglondon.com,,,,,,,,Smartlead users sheet; SL users validated; campaign_leads_2026-03-23_20-27-04_results - campaign_leads_2026-03-23_20-27-04_results.csv; Imported Leads,Yes,deliverable,No,,,,,,,,,,,,,,,,,,,,,,,,,,,,,,,,,,,,,,,,,,,,,,,,,,,,,,,,,,,,,,,,,,,,,,,,,Email is valid.,Google Workspace,smtp.google.com,FALSE,,,,,,,,,,,,,,,,,,,,,,,,,,,,No,,,,,,,,,,Smartlead users sheet; SL users validated; campaign_leads_2026-03-23_20-27-04_results - campaign_leads_2026-03-23_20-27-04_results.csv,,,,,,,,,,false,enrich,gmail,"""2026-06-06T10:37:49.696Z""",Gmail / Google Workspace,,,,,,,,,
,,rituraj@rejoyhealth.com,,,,,,,,Smartlead users sheet; SL users validated; campaign_leads_2026-03-23_20-27-04_results - campaign_leads_2026-03-23_20-27-04_results.csv; Imported Leads,Yes,deliverable,No,,,,,,,,,,,,,,,,,,,,,,,,,,,,,,,,,,,,,,,,,,,,,,,,,,,,,,,,,,,facebook.com/rejoyhealthusa,2021,Hospital & Health Care,North America,United States,San Francisco,San Francisco,"San Francisco, California, United States",94108,California,600 California Street,Rejoy Health,1-10,Private,Email is valid.,Google Workspace,alt1.aspmx.l.google.com,FALSE,,,,,,,,,,,,,,,,,,,,,,,,,,,,No,,,,,,,,,,Smartlead users sheet; SL users validated; campaign_leads_2026-03-23_20-27-04_results - campaign_leads_2026-03-23_20-27-04_results.csv,,,,,,,,,,false,enrich,gmail,"""2026-06-06T10:37:49.716Z""",Gmail / Google Workspace,,,,,,,,,
,,justin@ethos-rei.com,,,,,,,,Smartlead users sheet; SL users validated; campaign_leads_2026-03-23_20-27-04_results - campaign_leads_2026-03-23_20-27-04_results.csv; Imported Leads,Yes,deliverable,No,,,,,,,,,,,,,,,,,,,,,,,,,,,,,,,,,,,,,,,,,,,,,,,,,,,,,,,,,,,,2021,Real Estate,North America,United States,New York,New York,"New York, New York, United States",,New York,,Ethos Properties Llc,1-10,Private,Email is valid.,Google Workspace,aspmx.l.google.com,FALSE,,,,,,,,,,,,,,,,,,,,,,,,,,,,No,,,,,,,,,,Smartlead users sheet; SL users validated; campaign_leads_2026-03-23_20-27-04_results - campaign_leads_2026-03-23_20-27-04_results.csv,,,,,,,,,,false,enrich,gmail,"""2026-06-06T10:37:49.757Z""",Gmail / Google Workspace,,,,,,,,,
,,aaron@foundationsgp.com,,,,,,,,Smartlead users sheet; SL users validated; campaign_leads_2026-03-23_20-27-04_results - campaign_leads_2026-03-23_20-27-04_results.csv; Imported Leads,Yes,deliverable,No,,,,,,,,,,,,,,,,,,,,,,,,,,,,,,,,,,,,,,,,,,,,,,,,,,,,,,,,,,,,,,,,,,,,,,,,,Email is valid.,Google Workspace,smtp.google.com,FALSE,,,,,,,,,,,,,,,,,,,,,,,,,,,,No,,,,,,,,,,Smartlead users sheet; SL users validated; campaign_leads_2026-03-23_20-27-04_results - campaign_leads_2026-03-23_20-27-04_results.csv,,,,,,,,,,false,enrich,gmail,"""2026-06-06T10:37:49.726Z""",Gmail / Google Workspace,,,,,,,,,
,,brady@thebureaufashionweek.com,,,,,,,,Smartlead users sheet; SL users validated; campaign_leads_2026-03-23_20-27-04_results - campaign_leads_2026-03-23_20-27-04_results.csv; Imported Leads,Yes,deliverable,No,,,,,,,,,,,,,,,,,,,,,,,,,,,,,,,,,,,,,,,,,,,,,,,,,,,,,,,,,,,,2016,Entertainment,North America,United States,New York,New York,"New York, New York, United States",10017,New York,1 Penn Plaza,The Bureau Fashion Week,11-50,Private,Email is valid.,Google Workspace,aspmx.l.google.com,FALSE,,,,,,,,,,,,,,,,,,,,,,,,,,,,No,,,,,,,,,,Smartlead users sheet; SL users validated; campaign_leads_2026-03-23_20-27-04_results - campaign_leads_2026-03-23_20-27-04_results.csv,,,,,,,,,,false,enrich,gmail,"""2026-06-06T10:37:49.696Z""",Gmail / Google Workspace,,,,,,,,,
,,yogesh@fieldcircle.com,,,,,,,,Smartlead users sheet; SL users validated; campaign_leads_2026-03-23_20-27-04_results - campaign_leads_2026-03-23_20-27-04_results.csv; Imported Leads,Yes,deliverable,No,,,,,,,,,,,,,,,,,,,,,,,,,,,,,,,,,,,,,,,,,,,,,,,,,,,,,,,,,,,facebook.com/fieldcircle,2018,Computer Software,North America,United States,Irving,Irving,"Irving, Texas, United States",75062,Texas,600 East John Carpenter Freeway,Fieldcircle,11-50,Private,Email is valid.,Google Workspace,aspmx.l.google.com,FALSE,,,,,,,,,,,,,,,,,,,,,,,,,,,,No,,,,,,,,,,Smartlead users sheet; SL users validated; campaign_leads_2026-03-23_20-27-04_results - campaign_leads_2026-03-23_20-27-04_results.csv,,,,,,,,,,false,enrich,gmail,"""2026-06-06T10:37:49.690Z""",Gmail / Google Workspace,,,,,,,,,
,,rick@outmark.com,,,,,,,,Smartlead users sheet; SL users validated; campaign_leads_2026-03-23_20-27-04_results - campaign_leads_2026-03-23_20-27-04_results.csv; Imported Leads,Yes,deliverable,No,,,,,,,,,,,,,,,,,,,,,,,,,,,,,,,,,,,,,,,,,,,,,,,,,,,,,,,,,,,,,,,,,,,,,,,,,Email is valid.,Google Workspace,aspmx.l.google.com,FALSE,,,,,,,,,,,,,,,,,,,,,,,,,,,,No,,,,,,,,,,Smartlead users sheet; SL users validated; campaign_leads_2026-03-23_20-27-04_results - campaign_leads_2026-03-23_20-27-04_results.csv,,,,,,,,,,false,enrich,gmail,"""2026-06-06T10:37:49.855Z""",Gmail / Google Workspace,,,,,,,,,
Senko,Đuras,senko@pointvisible.com,,Co Founder,,Croatia,,Croatia,https://www.linkedin.com/in/senko-đuras-576737a5/,Smartlead users sheet; SL users validated; campaign_leads_2026-03-23_20-27-04_results - campaign_leads_2026-03-23_20-27-04_results.csv; Imported Leads,Yes,deliverable,No,,,,,pointvisible.com,,,,,,,,,,,,,,,,,,,,,,,,,,,,,,,Point Visible,,,,,,,,,,,,,,,,,,,,,,,,,,,,,,,,,,,,,,,,,"Croatia, Croatia",,,,,,,,,,,,,,,,,,,,,,,,,,,No,,,,,,,,,,Smartlead users sheet; SL users validated; campaign_leads_2026-03-23_20-27-04_results - campaign_leads_2026-03-23_20-27-04_results.csv; Imported Leads,,,,,,,,,,false,enrich,gmail,"""2026-06-06T10:37:49.698Z""",Gmail / Google Workspace,,,,,,,,,
,,craig@propel-development.com,,,,,,,,Smartlead users sheet; SL users validated; campaign_leads_2026-03-23_20-27-04_results - campaign_leads_2026-03-23_20-27-04_results.csv; Imported Leads,Yes,deliverable,No,,,,,,,,,,,,,,,,,,,,,,,,,,,,,,,,,,,,,,,,,,,,,,,,,,,,,,,,,,,,2018,Management Consulting,North America,United States,Delaware,Delaware,"Delaware, Ohio, United States",43015,Ohio,12 1 2 North Sandusky Street,"Propel Development, Llc",1-10,Private,Email is valid.,Google Workspace,aspmx.l.google.com,FALSE,,,,,,,,,,,,,,,,,,,,,,,,,,,,No,,,,,,,,,,Smartlead users sheet; SL users validated; campaign_leads_2026-03-23_20-27-04_results - campaign_leads_2026-03-23_20-27-04_results.csv,,,,,,,,,,false,enrich,gmail,"""2026-06-06T10:37:49.740Z""",Gmail / Google Workspace,,,,,,,,,
,,info@solvfast.com,,,,,,,,Smartlead users sheet; SL users validated; campaign_leads_2026-03-23_20-27-04_results - campaign_leads_2026-03-23_20-27-04_results.csv; Imported Leads,No,risky,No,,,,,,,,,,,,,,,,,,,,,,,,,,,,,,,,,,,,,,,,,,,,,,,,,,,,,,,,,,,,2024,Computer Software,North America,United States,Sheridan,Sheridan,"Sheridan, Wyoming, United States",82801,Wyoming,30 North Gould Street,Solvfast,1-10,Private,Email is valid.,Google Workspace,smtp.google.com,FALSE,,,,,,,,,,,,,,,,,,,,,,,,,,,,No,,,,,,,,,,Smartlead users sheet; SL users validated; campaign_leads_2026-03-23_20-27-04_results - campaign_leads_2026-03-23_20-27-04_results.csv,,,,,,,,,,false,enrich,gmail,"""2026-06-06T10:37:49.703Z""",Gmail / Google Workspace,,,,,,,,,
,,tools@growthera.com,,,,,,,,Smartlead users sheet; SL users validated; campaign_leads_2026-03-23_20-27-04_results - campaign_leads_2026-03-23_20-27-04_results.csv; Imported Leads,Yes,deliverable,No,,,,,,,,,,,,,,,,,,,,,,,,,,,,,,,,,,,,,,,,,,,,,,,,,,,,,,,,,,,facebook.com/growtheracom,2018,Marketing And Advertising,North America,United States,Jacksonville,Jacksonville,"Jacksonville, Florida, United States",,Florida,,Growth Era,51-200,Private,Email is valid.,Google Workspace,aspmx.l.google.com,FALSE,,,,,,,,,,,,,,,,,,,,,,,,,,,,No,,,,,,,,,,Smartlead users sheet; SL users validated; campaign_leads_2026-03-23_20-27-04_results - campaign_leads_2026-03-23_20-27-04_results.csv,,,,,,,,,,false,enrich,gmail,"""2026-06-06T10:37:49.739Z""",Gmail / Google Workspace,,,,,,,,,
,,quentin@column.com,,,,,,,,Smartlead users sheet; SL users validated; campaign_leads_2026-03-23_20-27-04_results - campaign_leads_2026-03-23_20-27-04_results.csv; Imported Leads,No,undeliverable,No,,,,,,,,,,,,,,,,,,,,,,,,,,,,,,,,,,,,,,,,,,,,,,,,,,,,,,,,,,,,2021,Financial Services,North America,United States,San Francisco,San Francisco,"San Francisco, California, United States",94129,California,,Column,51-200,Private,Email is valid.,Google Workspace,aspmx.l.google.com,FALSE,,,,,,,,,,,,,,,,,,,,,,,,,,,,No,,,,,,,,,,Smartlead users sheet; SL users validated; campaign_leads_2026-03-23_20-27-04_results - campaign_leads_2026-03-23_20-27-04_results.csv,,,,,,,,,,false,enrich,gmail,"""2026-06-06T10:37:49.717Z""",Gmail / Google Workspace,,,,,,,,,
,,kabiri@stratonline.net,,,,,,,,Smartlead users sheet; SL users validated; campaign_leads_2026-03-23_20-27-04_results - campaign_leads_2026-03-23_20-27-04_results.csv; Imported Leads,Yes,deliverable,No,,,,,,,,,,,,,,,,,,,,,,,,,,,,,,,,,,,,,,,,,,,,,,,,,,,,,,,,,,,,,,,,,,,,,,,,,Email is valid.,Google Workspace,aspmx.l.google.com,FALSE,,,,,,,,,,,,,,,,,,,,,,,,,,,,No,,,,,,,,,,Smartlead users sheet; SL users validated; campaign_leads_2026-03-23_20-27-04_results - campaign_leads_2026-03-23_20-27-04_results.csv,,,,,,,,,,false,enrich,gmail,"""2026-06-06T10:37:49.781Z""",Gmail / Google Workspace,,,,,,,,,
,,martin.weiss@bizxpand.com,,,,,,,,Smartlead users sheet; SL users validated; campaign_leads_2026-03-23_20-27-04_results - campaign_leads_2026-03-23_20-27-04_results.csv; Imported Leads,Yes,deliverable,No,,,,,,,,,,,,,,,,,,,,,,,,,,,,,,,,,,,,,,,,,,,,,,,,,,,,,,,,,,,facebook.com/bizxpand,2010,Information Technology And Services,Europe,Austria,Vienna,Vienna,"Vienna, Vienna, Austria",,Vienna,22 Hermann-gebauer-street,Bizxpand,1-10,Private,Email is valid.,Google Workspace,aspmx.l.google.com,FALSE,,,,,,,,,,,,,,,,,,,,,,,,,,,,No,,,,,,,,,,Smartlead users sheet; SL users validated; campaign_leads_2026-03-23_20-27-04_results - campaign_leads_2026-03-23_20-27-04_results.csv,,,,,,,,,,false,enrich,gmail,"""2026-06-06T10:37:49.718Z""",Gmail / Google Workspace,,,,,,,,,
,,account@sdcappsa.com,,,,,,,,Smartlead users sheet; SL users validated; campaign_leads_2026-03-23_20-27-04_results - campaign_leads_2026-03-23_20-27-04_results.csv; Imported Leads,Yes,deliverable,No,,,,,,,,,,,,,,,,,,,,,,,,,,,,,,,,,,,,,,,,,,,,,,,,,,,,,,,,,,,facebook.com/sdcappsa,2018,Internet,Asia,Saudi Arabia,Riyadh,Riyadh,"Riyadh, Ar Riyāḑ, Saudi Arabia",,Ar Riyāḑ,,Sdc App,11-50,Private,Email is valid.,Google Workspace,aspmx.l.google.com,FALSE,,,,,,,,,,,,,,,,,,,,,,,,,,,,No,,,,,,,,,,Smartlead users sheet; SL users validated; campaign_leads_2026-03-23_20-27-04_results - campaign_leads_2026-03-23_20-27-04_results.csv,,,,,,,,,,false,enrich,gmail,"""2026-06-06T10:37:49.694Z""",Gmail / Google Workspace,,,,,,,,,
,,anthony@arz-marketing.com,,,,,,,,Smartlead users sheet; SL users validated; campaign_leads_2026-03-23_20-27-04_results - campaign_leads_2026-03-23_20-27-04_results.csv; Imported Leads,Yes,deliverable,No,,,,,,,,,,,,,,,,,,,,,,,,,,,,,,,,,,,,,,,,,,,,,,,,,,,,,,,,,,,,,,,,,,,,,,,,,Email is valid.,Google Workspace,smtp.google.com,FALSE,,,,,,,,,,,,,,,,,,,,,,,,,,,,No,,,,,,,,,,Smartlead users sheet; SL users validated; campaign_leads_2026-03-23_20-27-04_results - campaign_leads_2026-03-23_20-27-04_results.csv,,,,,,,,,,false,enrich,gmail,"""2026-06-06T10:37:49.691Z""",Gmail / Google Workspace,,,,,,,,,
,,client+passportcard@buyingmachine.io,,,,,,,,Smartlead users sheet; SL users validated; campaign_leads_2026-03-23_20-27-04_results - campaign_leads_2026-03-23_20-27-04_results.csv; Imported Leads,No,undeliverable,No,,,,,,,,,,,,,,,,,,,,,,,,,,,,,,,,,,,,,,,,,,,,,,,,,,,,,,,,,,,,2022,Internet,,,,,,,,,Buyingmachine.io,1-10,Private,Email is valid.,Google Workspace,aspmx.l.google.com,FALSE,,,,,,,,,,,,,,,,,,,,,,,,,,,,No,,,,,,,,,,Smartlead users sheet; SL users validated; campaign_leads_2026-03-23_20-27-04_results - campaign_leads_2026-03-23_20-27-04_results.csv,,,,,,,,,,false,enrich,gmail,"""2026-06-06T10:37:49.667Z""",Gmail / Google Workspace,,,,,,,,,
,,info@accountinglane.com,,,,,,,,Smartlead users sheet; SL users validated; campaign_leads_2026-03-23_20-27-04_results - campaign_leads_2026-03-23_20-27-04_results.csv; Imported Leads,Yes,deliverable,No,,,,,,,,,,,,,,,,,,,,,,,,,,,,,,,,,,,,,,,,,,,,,,,,,,,,,,,,,,,,,Accounting,,,,,,,,,Accounting Lane,11-50,Private,Email is valid.,Google Workspace,aspmx.l.google.com,FALSE,,,,,,,,,,,,,,,,,,,,,,,,,,,,No,,,,,,,,,,Smartlead users sheet; SL users validated; campaign_leads_2026-03-23_20-27-04_results - campaign_leads_2026-03-23_20-27-04_results.csv,,,,,,,,,,false,enrich,gmail,"""2026-06-06T10:37:49.690Z""",Gmail / Google Workspace,,,,,,,,,
,,will@northflank.com,,,,,,,,Smartlead users sheet; SL users validated; campaign_leads_2026-03-23_20-27-04_results - campaign_leads_2026-03-23_20-27-04_results.csv; Imported Leads,Yes,deliverable,No,,,,,,,,,,,,,,,,,,,,,,,,,,,,,,,,,,,,,,,,,,,,,,,,,,,,,,,,,,,,2019,Computer Software,Europe,United Kingdom,London,London,"London, Greater London, United Kingdom",,Greater London,,Northflank,11-50,Private,Email is valid.,Google Workspace,aspmx.l.google.com,FALSE,,,,,,,,,,,,,,,,,,,,,,,,,,,,No,,,,,,,,,,Smartlead users sheet; SL users validated; campaign_leads_2026-03-23_20-27-04_results - campaign_leads_2026-03-23_20-27-04_results.csv,,,,,,,,,,false,enrich,gmail,"""2026-06-06T10:37:49.695Z""",Gmail / Google Workspace,,,,,,,,,
,,neeraj@taggbox.com,,,,,,,,Smartlead users sheet; SL users validated; campaign_leads_2026-03-23_20-27-04_results - campaign_leads_2026-03-23_20-27-04_results.csv; Imported Leads,No,risky,No,,,,,,,,,,,,,,,,,,,,,,,,,,,,,,,,,,,,,,,,,,,,,,,,,,,,,,,,,,,facebook.com/taggboxsocial,2016,Information Technology And Services,North America,United States,Covina,Covina,"Covina, California, United States",91723,California,440 North Barranca Avenue,Tagbox,51-200,Private,Email is valid.,Google Workspace,aspmx.l.google.com,FALSE,,,,,,,,,,,,,,,,,,,,,,,,,,,,No,,,,,,,,,,Smartlead users sheet; SL users validated; campaign_leads_2026-03-23_20-27-04_results - campaign_leads_2026-03-23_20-27-04_results.csv,,,,,,,,,,false,enrich,gmail,"""2026-06-06T10:37:49.677Z""",Gmail / Google Workspace,,,,,,,,,
,,imtisal@outpost-us.com,,,,,,,,Smartlead users sheet; SL users validated; campaign_leads_2026-03-23_20-27-04_results - campaign_leads_2026-03-23_20-27-04_results.csv; Imported Leads,Yes,deliverable,No,,,,,,,,,,,,,,,,,,,,,,,,,,,,,,,,,,,,,,,,,,,,,,,,,,,,,,,,,,,,,Marketing And Advertising,,,,,,,,,"Outpost U.s., Inc.",1-10,Private,Email is valid.,Google Workspace,aspmx.l.google.com,FALSE,,,,,,,,,,,,,,,,,,,,,,,,,,,,No,,,,,,,,,,Smartlead users sheet; SL users validated; campaign_leads_2026-03-23_20-27-04_results - campaign_leads_2026-03-23_20-27-04_results.csv,,,,,,,,,,false,enrich,gmail,"""2026-06-06T10:37:49.751Z""",Gmail / Google Workspace,,,,,,,,,
,,helene.dufour@metametris.com,,,,,,,,Smartlead users sheet; SL users validated; campaign_leads_2026-03-23_20-27-04_results - campaign_leads_2026-03-23_20-27-04_results.csv; Imported Leads,Yes,deliverable,No,,,,,,,,,,,,,,,,,,,,,,,,,,,,,,,,,,,,,,,,,,,,,,,,,,,,,,,,,,,,2004,Management Consulting,Europe,France,Paris,Paris,"Paris, Île-de-france, France",75017,Île-de-france,,Metametris,1-10,Private,Email is valid.,Google Workspace,aspmx.l.google.com,FALSE,,,,,,,,,,,,,,,,,,,,,,,,,,,,No,,,,,,,,,,Smartlead users sheet; SL users validated; campaign_leads_2026-03-23_20-27-04_results - campaign_leads_2026-03-23_20-27-04_results.csv,,,,,,,,,,false,enrich,gmail,"""2026-06-06T10:37:49.677Z""",Gmail / Google Workspace,,,,,,,,,
,,client+machines@buyingmachine.io,,,,,,,,Smartlead users sheet; SL users validated; campaign_leads_2026-03-23_20-27-04_results - campaign_leads_2026-03-23_20-27-04_results.csv; Imported Leads,No,undeliverable,No,,,,,,,,,,,,,,,,,,,,,,,,,,,,,,,,,,,,,,,,,,,,,,,,,,,,,,,,,,,,2022,Internet,,,,,,,,,Buyingmachine.io,1-10,Private,Email is valid.,Google Workspace,aspmx.l.google.com,FALSE,,,,,,,,,,,,,,,,,,,,,,,,,,,,No,,,,,,,,,,Smartlead users sheet; SL users validated; campaign_leads_2026-03-23_20-27-04_results - campaign_leads_2026-03-23_20-27-04_results.csv,,,,,,,,,,false,enrich,gmail,"""2026-06-06T10:37:49.667Z""",Gmail / Google Workspace,,,,,,,,,
,,lokesh.bathija@flipspaces.com,,,,,,,,Smartlead users sheet; SL users validated; campaign_leads_2026-03-23_20-27-04_results - campaign_leads_2026-03-23_20-27-04_results.csv; Imported Leads,Yes,deliverable,No,,,,,,,,,,,,,,,,,,,,,,,,,,,,,,,,,,,,,,,,,,,,,,,,,,,,,,,,,,,facebook.com/flipspaces,2011,Design,Asia,India,Malad West Dely,Malad West Dely,"Malad West Dely, Maharashtra, India",400064,Maharashtra,Mindspace Malad West Mumbai,Flipspaces,51-200,Private,Email is valid.,Google Workspace,aspmx.l.google.com,FALSE,,,,,,,,,,,,,,,,,,,,,,,,,,,,No,,,,,,,,,,Smartlead users sheet; SL users validated; campaign_leads_2026-03-23_20-27-04_results - campaign_leads_2026-03-23_20-27-04_results.csv,,,,,,,,,,false,enrich,gmail,"""2026-06-06T10:37:49.690Z""",Gmail / Google Workspace,,,,,,,,,
,,stefan@chatbotslife.com,,,,,,,,Smartlead users sheet; SL users validated; campaign_leads_2026-03-23_20-27-04_results - campaign_leads_2026-03-23_20-27-04_results.csv; Imported Leads,Yes,deliverable,No,,,,,,,,,,,,,,,,,,,,,,,,,,,,,,,,,,,,,,,,,,,,,,,,,,,,,,,,,,,facebook.com/chatbotslife,2016,Information Technology And Services,North America,United States,San Francisco,San Francisco,"San Francisco, California, United States",94158,California,555 Mission Rock,Chatbot's Life,1-10,Private,Email is valid.,Google Workspace,aspmx.l.google.com,FALSE,,,,,,,,,,,,,,,,,,,,,,,,,,,,No,,,,,,,,,,Smartlead users sheet; SL users validated; campaign_leads_2026-03-23_20-27-04_results - campaign_leads_2026-03-23_20-27-04_results.csv,,,,,,,,,,false,enrich,gmail,"""2026-06-06T10:37:49.874Z""",Gmail / Google Workspace,,,,,,,,,
,,baris@bnbgenius.ai,,,,,,,,Smartlead users sheet; SL users validated; campaign_leads_2026-03-23_20-27-04_results - campaign_leads_2026-03-23_20-27-04_results.csv; Imported Leads,Yes,deliverable,No,,,,,,,,,,,,,,,,,,,,,,,,,,,,,,,,,,,,,,,,,,,,,,,,,,,,,,,,,,,,,,,,,,,,,,,,,Email is valid.,Google Workspace,smtp.google.com,FALSE,,,,,,,,,,,,,,,,,,,,,,,,,,,,No,,,,,,,,,,Smartlead users sheet; SL users validated; campaign_leads_2026-03-23_20-27-04_results - campaign_leads_2026-03-23_20-27-04_results.csv,,,,,,,,,,false,enrich,gmail,"""2026-06-06T10:37:49.693Z""",Gmail / Google Workspace,,,,,,,,,
,,theo@randomquark.com,,,,,,,,Smartlead users sheet; SL users validated; campaign_leads_2026-03-23_20-27-04_results - campaign_leads_2026-03-23_20-27-04_results.csv; Imported Leads,Yes,deliverable,No,,,,,,,,,,,,,,,,,,,,,,,,,,,,,,,,,,,,,,,,,,,,,,,,,,,,,,,,,,,,,,,,,,,,,,,,,Email is valid.,Google Workspace,aspmx.l.google.com,FALSE,,,,,,,,,,,,,,,,,,,,,,,,,,,,No,,,,,,,,,,Smartlead users sheet; SL users validated; campaign_leads_2026-03-23_20-27-04_results - campaign_leads_2026-03-23_20-27-04_results.csv,,,,,,,,,,false,enrich,gmail,"""2026-06-06T10:37:49.705Z""",Gmail / Google Workspace,,,,,,,,,
,,luis@makodigital.co,,,,,,,,Smartlead users sheet; SL users validated; campaign_leads_2026-03-23_20-27-04_results - campaign_leads_2026-03-23_20-27-04_results.csv; Imported Leads,Yes,deliverable,No,,,,,,,,,,,,,,,,,,,,,,,,,,,,,,,,,,,,,,,,,,,,,,,,,,,,,,,,,,,,2019,Marketing And Advertising,North America,United States,Dover,Dover,"Dover, Delaware, United States",19901,Delaware,8 The Green,Mako Digital,1-10,Private,Email is valid.,Google Workspace,aspmx.l.google.com,FALSE,,,,,,,,,,,,,,,,,,,,,,,,,,,,No,,,,,,,,,,Smartlead users sheet; SL users validated; campaign_leads_2026-03-23_20-27-04_results - campaign_leads_2026-03-23_20-27-04_results.csv,,,,,,,,,,false,enrich,gmail,"""2026-06-06T10:37:49.722Z""",Gmail / Google Workspace,,,,,,,,,
,,jacob@stord.com,,,,,,,,Smartlead users sheet; SL users validated; campaign_leads_2026-03-23_20-27-04_results - campaign_leads_2026-03-23_20-27-04_results.csv; Imported Leads,Yes,deliverable,No,,,,,,,,,,,,,,,,,,,,,,,,,,,,,,,,,,,,,,,,,,,,,,,,,,,,,,,,,,,facebook.com/stordco,2015,Logistics And Supply Chain,North America,United States,Union City,Union City,"Union City, Georgia, United States",30291,Georgia,5195 Mason Road,Stord,1001-5000,Private,Email is valid.,Google Workspace,aspmx.l.google.com,FALSE,,,,,,,,,,,,,,,,,,,,,,,,,,,,No,,,,,,,,,,Smartlead users sheet; SL users validated; campaign_leads_2026-03-23_20-27-04_results - campaign_leads_2026-03-23_20-27-04_results.csv,,,,,,,,,,false,enrich,gmail,"""2026-06-06T10:37:49.685Z""",Gmail / Google Workspace,,,,,,,,,
,,greg@startproto.com,,,,,,,,Smartlead users sheet; SL users validated; campaign_leads_2026-03-23_20-27-04_results - campaign_leads_2026-03-23_20-27-04_results.csv; Imported Leads,Yes,deliverable,No,,,,,,,,,,,,,,,,,,,,,,,,,,,,,,,,,,,,,,,,,,,,,,,,,,,,,,,,,,,facebook.com/startproto,2020,Computer Software,North America,United States,Atlanta,Atlanta,"Atlanta, Georgia, United States",,Georgia,,Startproto,1-10,Private,Email is valid.,Google Workspace,aspmx.l.google.com,FALSE,,,,,,,,,,,,,,,,,,,,,,,,,,,,No,,,,,,,,,,Smartlead users sheet; SL users validated; campaign_leads_2026-03-23_20-27-04_results - campaign_leads_2026-03-23_20-27-04_results.csv,,,,,,,,,,false,enrich,gmail,"""2026-06-06T10:37:49.702Z""",Gmail / Google Workspace,,,,,,,,,
,,ryan.fochtman@weareatrium.com,,,,,,,,Smartlead users sheet; SL users validated; campaign_leads_2026-03-23_20-27-04_results - campaign_leads_2026-03-23_20-27-04_results.csv; Imported Leads,Yes,deliverable,No,,,,,,,,,,,,,,,,,,,,,,,,,,,,,,,,,,,,,,,,,,,,,,,,,,,,,,,,,,,,,,,,,,,,,,Atrium,11-50,Private,Email is valid.,Google Workspace,smtp.google.com,FALSE,,,,,,,,,,,,,,,,,,,,,,,,,,,,No,,,,,,,,,,Smartlead users sheet; SL users validated; campaign_leads_2026-03-23_20-27-04_results - campaign_leads_2026-03-23_20-27-04_results.csv,,,,,,,,,,false,enrich,gmail,"""2026-06-06T10:37:49.702Z""",Gmail / Google Workspace,,,,,,,,,
,,scott@scottrawcliffe.com,,,,,,,,Smartlead users sheet; SL users validated; campaign_leads_2026-03-23_20-27-04_results - campaign_leads_2026-03-23_20-27-04_results.csv; Imported Leads,Yes,deliverable,No,,,,,,,,,,,,,,,,,,,,,,,,,,,,,,,,,,,,,,,,,,,,,,,,,,,,,,,,,,,,,,,,,,,,,,,,,Email is valid.,Google Workspace,aspmx.l.google.com,FALSE,,,,,,,,,,,,,,,,,,,,,,,,,,,,No,,,,,,,,,,Smartlead users sheet; SL users validated; campaign_leads_2026-03-23_20-27-04_results - campaign_leads_2026-03-23_20-27-04_results.csv,,,,,,,,,,false,enrich,gmail,"""2026-06-06T10:37:49.690Z""",Gmail / Google Workspace,,,,,,,,,
,,melissa@wishpond.com,,,,,,,,Smartlead users sheet; SL users validated; campaign_leads_2026-03-23_20-27-04_results - campaign_leads_2026-03-23_20-27-04_results.csv; Imported Leads,Yes,deliverable,No,,,,,,,,,,,,,,,,,,,,,,,,,,,,,,,,,,,,,,,,,,,,,,,,,,,,,,,,,,,facebook.com/wishpond,2009,Internet,North America,Canada,Vancouver,Vancouver,"Vancouver, British Columbia, Canada",v6g 2z6,British Columbia,1500 West Georgia Street,Wishpond,201-500,Public,Email is valid.,Google Workspace,aspmx.l.google.com,FALSE,,,,,,,,,,,,,,,,,,,,,,,,,,,,No,,,,,,,,,,Smartlead users sheet; SL users validated; campaign_leads_2026-03-23_20-27-04_results - campaign_leads_2026-03-23_20-27-04_results.csv,,,,,,,,,,false,enrich,gmail,"""2026-06-06T10:37:49.732Z""",Gmail / Google Workspace,,,,,,,,,
,,matteo.cevolani@effettomarketing.info,,,,,,,,Smartlead users sheet; SL users validated; campaign_leads_2026-03-23_20-27-04_results - campaign_leads_2026-03-23_20-27-04_results.csv; Imported Leads,No,risky,No,,,,,,,,,,,,,,,,,,,,,,,,,,,,,,,,,,,,,,,,,,,,,,,,,,,,,,,,,,,,,,,,,,,,,,,,,Email is valid.,Google Workspace,aspmx.l.google.com,FALSE,,,,,,,,,,,,,,,,,,,,,,,,,,,,No,,,,,,,,,,Smartlead users sheet; SL users validated; campaign_leads_2026-03-23_20-27-04_results - campaign_leads_2026-03-23_20-27-04_results.csv,,,,,,,,,,false,enrich,gmail,"""2026-06-06T10:37:49.917Z""",Gmail / Google Workspace,,,,,,,,,
,,dpoupouliadis@noria.gr,,,,,,,,Smartlead users sheet; SL users validated; campaign_leads_2026-03-23_20-27-04_results - campaign_leads_2026-03-23_20-27-04_results.csv; Imported Leads,Yes,deliverable,No,,,,,,,,,,,,,,,,,,,,,,,,,,,,,,,,,,,,,,,,,,,,,,,,,,,,,,,,,,,,2018,Marketing And Advertising,Europe,Greece,Kastoriá,Kastoriá,"Kastoriá, Dytikí Makedonía, Greece",,Dytikí Makedonía,151 Grammou Kastoría,Noria,1-10,Private,Email is valid.,Google Workspace,SMTP.GOOGLE.COM,FALSE,,,,,,,,,,,,,,,,,,,,,,,,,,,,No,,,,,,,,,,Smartlead users sheet; SL users validated; campaign_leads_2026-03-23_20-27-04_results - campaign_leads_2026-03-23_20-27-04_results.csv,,,,,,,,,,false,enrich,gmail,"""2026-06-06T10:37:49.705Z""",Gmail / Google Workspace,,,,,,,,,
,,samuel.holston@sauce.app,,,,,,,,Smartlead users sheet; SL users validated; campaign_leads_2026-03-23_20-27-04_results - campaign_leads_2026-03-23_20-27-04_results.csv; Imported Leads,No,undeliverable,No,,,,,,,,,,,,,,,,,,,,,,,,,,,,,,,,,,,,,,,,,,,,,,,,,,,,,,,,,,,,2022,Computer Software,North America,United States,San Francisco,San Francisco,"San Francisco, California, United States",,California,,Sauce Ai,11-50,Private,Email is valid.,Google Workspace,aspmx.l.google.com,FALSE,,,,,,,,,,,,,,,,,,,,,,,,,,,,No,,,,,,,,,,Smartlead users sheet; SL users validated; campaign_leads_2026-03-23_20-27-04_results - campaign_leads_2026-03-23_20-27-04_results.csv,,,,,,,,,,false,enrich,other,"""2026-06-06T10:38:05.766Z""",Other,,,,,,,,,
,,stephen@outbound1.ai,,,,,,,,Smartlead users sheet; SL users validated; campaign_leads_2026-03-23_20-27-04_results - campaign_leads_2026-03-23_20-27-04_results.csv; Imported Leads,No,risky,No,,,,,,,,,,,,,,,,,,,,,,,,,,,,,,,,,,,,,,,,,,,,,,,,,,,,,,,,,,,,,,,,,,,,,,,,,Email is valid.,Google Workspace,aspmx.l.google.com,FALSE,,,,,,,,,,,,,,,,,,,,,,,,,,,,No,,,,,,,,,,Smartlead users sheet; SL users validated; campaign_leads_2026-03-23_20-27-04_results - campaign_leads_2026-03-23_20-27-04_results.csv,,,,,,,,,,false,enrich,gmail,"""2026-06-06T10:37:49.721Z""",Gmail / Google Workspace,,,,,,,,,
,,alan@bulkaggregatesupply.com,,,,,,,,Smartlead users sheet; SL users validated; campaign_leads_2026-03-23_20-27-04_results - campaign_leads_2026-03-23_20-27-04_results.csv; Imported Leads,Yes,deliverable,No,,,,,,,,,,,,,,,,,,,,,,,,,,,,,,,,,,,,,,,,,,,,,,,,,,,,,,,,,,,,2023,Transportation/trucking/railroad,North America,United States,New Orleans,New Orleans,"New Orleans, Louisiana, United States",70115,Louisiana,,Bulk Aggregate Supply,1-10,Private,Email is valid.,Google Workspace,aspmx.l.google.com,FALSE,,,,,,,,,,,,,,,,,,,,,,,,,,,,No,,,,,,,,,,Smartlead users sheet; SL users validated; campaign_leads_2026-03-23_20-27-04_results - campaign_leads_2026-03-23_20-27-04_results.csv,,,,,,,,,,false,enrich,gmail,"""2026-06-06T10:37:49.729Z""",Gmail / Google Workspace,,,,,,,,,
,,karina.birilo@cognidox.com,,,,,,,,Smartlead users sheet; SL users validated; campaign_leads_2026-03-23_20-27-04_results - campaign_leads_2026-03-23_20-27-04_results.csv; Imported Leads,Yes,deliverable,No,,,,,,,,,,,,,,,,,,,,,,,,,,,,,,,,,,,,,,,,,,,,,,,,,,,,,,,,,,,,2008,Computer Software,Europe,United Kingdom,Cambridge,Cambridge,"Cambridge, Cambridgeshire, United Kingdom",cb4 0ws,Cambridgeshire,,Cognidox Limited,11-50,Private,Email is valid.,Google Workspace,aspmx.l.google.com,FALSE,,,,,,,,,,,,,,,,,,,,,,,,,,,,No,,,,,,,,,,Smartlead users sheet; SL users validated; campaign_leads_2026-03-23_20-27-04_results - campaign_leads_2026-03-23_20-27-04_results.csv,,,,,,,,,,false,enrich,gmail,"""2026-06-06T10:37:49.772Z""",Gmail / Google Workspace,,,,,,,,,
,,studio@saturnwave.com,,,,,,,,Smartlead users sheet; SL users validated; campaign_leads_2026-03-23_20-27-04_results - campaign_leads_2026-03-23_20-27-04_results.csv; Imported Leads,No,risky,No,,,,,,,,,,,,,,,,,,,,,,,,,,,,,,,,,,,,,,,,,,,,,,,,,,,,,,,,,,,,,Information Technology And Services,Europe,Germany,Heidelberg,Heidelberg,"Heidelberg, Baden-wurttemberg, Germany",69123,Baden-wurttemberg,,Saturnwave,1-10,Private,Email is valid.,,mx01.ionos.de,FALSE,,,,,,,,,,,,,,,,,,,,,,,,,,,,No,,,,,,,,,,Smartlead users sheet; SL users validated; campaign_leads_2026-03-23_20-27-04_results - campaign_leads_2026-03-23_20-27-04_results.csv,,,,,,,,,,false,enrich,other,"""2026-06-06T10:37:49.855Z""",Other,,,,,,,,,
,,sebastian@taxrefund.support,,,,,,,,Smartlead users sheet; SL users validated; campaign_leads_2026-03-23_20-27-04_results - campaign_leads_2026-03-23_20-27-04_results.csv; Imported Leads,Yes,deliverable,No,,,,,,,,,,,,,,,,,,,,,,,,,,,,,,,,,,,,,,,,,,,,,,,,,,,,,,,,,,,,,,,,,,,,,,,,,Email is valid.,Google Workspace,smtp.google.com,FALSE,,,,,,,,,,,,,,,,,,,,,,,,,,,,No,,,,,,,,,,Smartlead users sheet; SL users validated; campaign_leads_2026-03-23_20-27-04_results - campaign_leads_2026-03-23_20-27-04_results.csv,,,,,,,,,,false,enrich,gmail,"""2026-06-06T10:37:49.710Z""",Gmail / Google Workspace,,,,,,,,,
,,eyal@forwrd.ai,,,,,,,,Smartlead users sheet; SL users validated; campaign_leads_2026-03-23_20-27-04_results - campaign_leads_2026-03-23_20-27-04_results.csv; Imported Leads,No,risky,No,,,,,,,,,,,,,,,,,,,,,,,,,,,,,,,,,,,,,,,,,,,,,,,,,,,,,,,,,,,facebook.com/forwrdai,2021,Computer Software,Asia,Israel,Tel Aviv-yafo,Tel Aviv-yafo,"Tel Aviv-yafo, Tel Aviv, Israel",,Tel Aviv,88 Hahashmonaim Street,Forwrd.ai,11-50,Private,Email is valid.,Google Workspace,aspmx.l.google.com,FALSE,,,,,,,,,,,,,,,,,,,,,,,,,,,,No,,,,,,,,,,Smartlead users sheet; SL users validated; campaign_leads_2026-03-23_20-27-04_results - campaign_leads_2026-03-23_20-27-04_results.csv,,,,,,,,,,false,enrich,gmail,"""2026-06-06T10:37:49.701Z""",Gmail / Google Workspace,,,,,,,,,
,,sean@70kaffiliates.com,,,,,,,,Smartlead users sheet; SL users validated; campaign_leads_2026-03-23_20-27-04_results - campaign_leads_2026-03-23_20-27-04_results.csv; Imported Leads,Yes,deliverable,No,,,,,,,,,,,,,,,,,,,,,,,,,,,,,,,,,,,,,,,,,,,,,,,,,,,,,,,,,,,,,,North America,United States,Sarasota,Sarasota,"Sarasota, Florida, United States",34247,Florida,,70k Affiliates,1-10,Private,Email is valid.,Google Workspace,smtp.google.com,FALSE,,,,,,,,,,,,,,,,,,,,,,,,,,,,No,,,,,,,,,,Smartlead users sheet; SL users validated; campaign_leads_2026-03-23_20-27-04_results - campaign_leads_2026-03-23_20-27-04_results.csv,,,,,,,,,,false,enrich,gmail,"""2026-06-06T10:37:49.763Z""",Gmail / Google Workspace,,,,,,,,,
,,aaron@storygroup.io,,,,,,,,Smartlead users sheet; SL users validated; campaign_leads_2026-03-23_20-27-04_results - campaign_leads_2026-03-23_20-27-04_results.csv; Imported Leads,Yes,deliverable,No,,,,,,,,,,,,,,,,,,,,,,,,,,,,,,,,,,,,,,,,,,,,,,,,,,,,,,,,,,,,,,,,,,,,,,,,,Email is valid.,Google Workspace,aspmx.l.google.com,FALSE,,,,,,,,,,,,,,,,,,,,,,,,,,,,No,,,,,,,,,,Smartlead users sheet; SL users validated; campaign_leads_2026-03-23_20-27-04_results - campaign_leads_2026-03-23_20-27-04_results.csv,,,,,,,,,,false,enrich,gmail,"""2026-06-06T10:37:49.698Z""",Gmail / Google Workspace,,,,,,,,,
,,saul@prospectrefinery.com,,,,,,,,Smartlead users sheet; SL users validated; campaign_leads_2026-03-23_20-27-04_results - campaign_leads_2026-03-23_20-27-04_results.csv; Imported Leads,Yes,deliverable,No,,,,,,,,,,,,,,,,,,,,,,,,,,,,,,,,,,,,,,,,,,,,,,,,,,,,,,,,,,,,,,,,,,,,,,,,,Email is valid.,Google Workspace,smtp.google.com,FALSE,,,,,,,,,,,,,,,,,,,,,,,,,,,,No,,,,,,,,,,Smartlead users sheet; SL users validated; campaign_leads_2026-03-23_20-27-04_results - campaign_leads_2026-03-23_20-27-04_results.csv,,,,,,,,,,false,enrich,gmail,"""2026-06-06T10:37:49.722Z""",Gmail / Google Workspace,,,,,,,,,
,,kelby@biltup.com,,,,,,,,Smartlead users sheet; SL users validated; campaign_leads_2026-03-23_20-27-04_results - campaign_leads_2026-03-23_20-27-04_results.csv; Imported Leads,Yes,deliverable,No,,,,,,,,,,,,,,,,,,,,,,,,,,,,,,,,,,,,,,,,,,,,,,,,,,,,,,,,,,,,,,,,,,,,,,,,,Email is valid.,Google Workspace,smtp.google.com,FALSE,,,,,,,,,,,,,,,,,,,,,,,,,,,,No,,,,,,,,,,Smartlead users sheet; SL users validated; campaign_leads_2026-03-23_20-27-04_results - campaign_leads_2026-03-23_20-27-04_results.csv,,,,,,,,,,false,enrich,gmail,"""2026-06-06T10:37:49.792Z""",Gmail / Google Workspace,,,,,,,,,
,,george@approvethis.com,,,,,,,,Smartlead users sheet; SL users validated; campaign_leads_2026-03-23_20-27-04_results - campaign_leads_2026-03-23_20-27-04_results.csv; Imported Leads,Yes,deliverable,No,,,,,,,,,,,,,,,,,,,,,,,,,,,,,,,,,,,,,,,,,,,,,,,,,,,,,,,,,,,facebook.com/approvethis,2023,Internet,,,,,,,,,Approvethis,1-10,Private,Email is valid.,Google Workspace,aspmx.l.google.com,FALSE,,,,,,,,,,,,,,,,,,,,,,,,,,,,No,,,,,,,,,,Smartlead users sheet; SL users validated; campaign_leads_2026-03-23_20-27-04_results - campaign_leads_2026-03-23_20-27-04_results.csv,,,,,,,,,,false,enrich,gmail,"""2026-06-06T10:37:49.707Z""",Gmail / Google Workspace,,,,,,,,,
,,mridul@altamount.partners,,,,,,,,Smartlead users sheet; SL users validated; campaign_leads_2026-03-23_20-27-04_results - campaign_leads_2026-03-23_20-27-04_results.csv; Imported Leads,Yes,deliverable,No,,,,,,,,,,,,,,,,,,,,,,,,,,,,,,,,,,,,,,,,,,,,,,,,,,,,,,,,,,,,,,,,,,,,,,,,,Email is valid.,Google Workspace,smtp.google.com,FALSE,,,,,,,,,,,,,,,,,,,,,,,,,,,,No,,,,,,,,,,Smartlead users sheet; SL users validated; campaign_leads_2026-03-23_20-27-04_results - campaign_leads_2026-03-23_20-27-04_results.csv,,,,,,,,,,false,enrich,gmail,"""2026-06-06T10:37:49.685Z""",Gmail / Google Workspace,,,,,,,,,
,,kay@hydeparkcapital.com,,,,,,,,Smartlead users sheet; SL users validated; campaign_leads_2026-03-23_20-27-04_results - campaign_leads_2026-03-23_20-27-04_results.csv; Imported Leads,Yes,deliverable,Yes,proofpoint,Proofpoint,,,,,,,,,,,,,,,,,,,,,,,,,,,,,,,,,,,,,,,,,,,,,,,,,,,,,,,,,,2000,Investment Banking,North America,United States,Tampa,Tampa,"Tampa, Florida, United States",33602,Florida,701 North Franklin Street,Hyde Park Capital,11-50,Private,Email is valid.,,mx1-us1.ppe-hosted.com,FALSE,,,,,,,,,,,,,,,,,,,,,,,,,,,,No,,,,,,,,,,Smartlead users sheet; SL users validated; campaign_leads_2026-03-23_20-27-04_results - campaign_leads_2026-03-23_20-27-04_results.csv,,,,,,,,,,false,enrich,outlook,"""2026-06-06T10:37:50.169Z""",Outlook / Microsoft 365,,,,,,,,,
,,jake@contentallies.co,,,,,,,,Smartlead users sheet; SL users validated; campaign_leads_2026-03-23_20-27-04_results - campaign_leads_2026-03-23_20-27-04_results.csv; Imported Leads,Yes,deliverable,No,,,,,,,,,,,,,,,,,,,,,,,,,,,,,,,,,,,,,,,,,,,,,,,,,,,,,,,,,,,,,,,,,,,,,,,,,Email is valid.,Google Workspace,aspmx.l.google.com,FALSE,,,,,,,,,,,,,,,,,,,,,,,,,,,,No,,,,,,,,,,Smartlead users sheet; SL users validated; campaign_leads_2026-03-23_20-27-04_results - campaign_leads_2026-03-23_20-27-04_results.csv,,,,,,,,,,false,enrich,gmail,"""2026-06-06T10:37:49.749Z""",Gmail / Google Workspace,,,,,,,,,
,,javier@brandify.io,,,,,,,,Smartlead users sheet; SL users validated; campaign_leads_2026-03-23_20-27-04_results - campaign_leads_2026-03-23_20-27-04_results.csv; Imported Leads,Yes,deliverable,No,,,,,,,,,,,,,,,,,,,,,,,,,,,,,,,,,,,,,,,,,,,,,,,,,,,,,,,,,,,,,Marketing And Advertising,North America,United States,Bradenton,Bradenton,"Bradenton, Florida, United States",34205,Florida,1201 6th Avenue West,Brandify.io,1-10,Private,Email is valid.,Google Workspace,aspmx.l.google.com,FALSE,,,,,,,,,,,,,,,,,,,,,,,,,,,,No,,,,,,,,,,Smartlead users sheet; SL users validated; campaign_leads_2026-03-23_20-27-04_results - campaign_leads_2026-03-23_20-27-04_results.csv,,,,,,,,,,false,enrich,,,,,,,,,,,,
,,stefan@sdrhire.com,,,,,,,,Smartlead users sheet; SL users validated; campaign_leads_2026-03-23_20-27-04_results - campaign_leads_2026-03-23_20-27-04_results.csv; Imported Leads,Yes,deliverable,No,,,,,,,,,,,,,,,,,,,,,,,,,,,,,,,,,,,,,,,,,,,,,,,,,,,,,,,,,,,,2022,Media Production,Europe,Serbia,Belgrade,Belgrade,"Belgrade, Central Serbia, Serbia",,Central Serbia,,Sdr Hire,1-10,Private,Email is valid.,Google Workspace,aspmx.l.google.com,FALSE,,,,,,,,,,,,,,,,,,,,,,,,,,,,No,,,,,,,,,,Smartlead users sheet; SL users validated; campaign_leads_2026-03-23_20-27-04_results - campaign_leads_2026-03-23_20-27-04_results.csv,,,,,,,,,,false,enrich,gmail,"""2026-06-06T10:37:49.743Z""",Gmail / Google Workspace,,,,,,,,,
,,tunahankorkmaz@verdexport.com,,,,,,,,Smartlead users sheet; SL users validated; campaign_leads_2026-03-23_20-27-04_results - campaign_leads_2026-03-23_20-27-04_results.csv; Imported Leads,Yes,deliverable,No,,,,,,,,,,,,,,,,,,,,,,,,,,,,,,,,,,,,,,,,,,,,,,,,,,,,,,,,,,,,,International Trade And Development,Asia,Turkey,,,,,Istanbul,,Verde Inc.,51-200,Private,Email is valid.,Google Workspace,aspmx.l.google.com,FALSE,,,,,,,,,,,,,,,,,,,,,,,,,,,,No,,,,,,,,,,Smartlead users sheet; SL users validated; campaign_leads_2026-03-23_20-27-04_results - campaign_leads_2026-03-23_20-27-04_results.csv,,,,,,,,,,false,enrich,gmail,"""2026-06-06T10:37:49.707Z""",Gmail / Google Workspace,,,,,,,,,
,,alvaro@withorb.com,,,,,,,,Smartlead users sheet; SL users validated; campaign_leads_2026-03-23_20-27-04_results - campaign_leads_2026-03-23_20-27-04_results.csv; Imported Leads,Yes,deliverable,No,,,,,,,,,,,,,,,,,,,,,,,,,,,,,,,,,,,,,,,,,,,,,,,,,,,,,,,,,,,,,Computer Software,,,,,,,,,Orb,11-50,Private,Email is valid.,Google Workspace,aspmx.l.google.com,FALSE,,,,,,,,,,,,,,,,,,,,,,,,,,,,No,,,,,,,,,,Smartlead users sheet; SL users validated; campaign_leads_2026-03-23_20-27-04_results - campaign_leads_2026-03-23_20-27-04_results.csv,,,,,,,,,,false,enrich,gmail,"""2026-06-06T10:37:49.685Z""",Gmail / Google Workspace,,,,,,,,,
,,zsconsultingb2b@gmail.com,,,,,,,,Smartlead users sheet; SL users validated; campaign_leads_2026-03-23_20-27-04_results - campaign_leads_2026-03-23_20-27-04_results.csv; Imported Leads,No,risky,No,,,,,,,,,,,,,,,,,,,,,,,,,,,,,,,,,,,,,,,,,,,,,,,,,,,,,,,,,,,,,,,,,,,,,,,,,Email is valid.,Google Workspace,gmail-smtp-in.l.google.com,FALSE,,,,,,,,,,,,,,,,,,,,,,,,,,,,No,,,,,,,,,,Smartlead users sheet; SL users validated; campaign_leads_2026-03-23_20-27-04_results - campaign_leads_2026-03-23_20-27-04_results.csv,,,,,,,,,,false,enrich,gmail,"""2026-06-06T10:37:49.559Z""",Gmail / Google Workspace,,,,,,,,,
,,asimmons@boon-health.com,,,,,,,,Smartlead users sheet; SL users validated; campaign_leads_2026-03-23_20-27-04_results - campaign_leads_2026-03-23_20-27-04_results.csv; Imported Leads,Yes,deliverable,No,,,,,,,,,,,,,,,,,,,,,,,,,,,,,,,,,,,,,,,,,,,,,,,,,,,,,,,,,,,facebook.com/joinboonhealth,2019,Professional Training & Coaching,North America,United States,Bingham Farms,Bingham Farms,"Bingham Farms, Michigan, United States",48025,Michigan,30100 Telegraph Road,Boon,51-200,Private,Email is valid.,Google Workspace,smtp.google.com,FALSE,,,,,,,,,,,,,,,,,,,,,,,,,,,,No,,,,,,,,,,Smartlead users sheet; SL users validated; campaign_leads_2026-03-23_20-27-04_results - campaign_leads_2026-03-23_20-27-04_results.csv,,,,,,,,,,false,enrich,gmail,"""2026-06-06T10:37:49.735Z""",Gmail / Google Workspace,,,,,,,,,
,,amandeep@uberremote.com,,,,,,,,Smartlead users sheet; SL users validated; campaign_leads_2026-03-23_20-27-04_results - campaign_leads_2026-03-23_20-27-04_results.csv; Imported Leads,Yes,deliverable,No,,,,,,,,,,,,,,,,,,,,,,,,,,,,,,,,,,,,,,,,,,,,,,,,,,,,,,,,,,,,,Staffing And Recruiting,Asia,India,Noida,Noida,"Noida, Uttar Pradesh, India",,Uttar Pradesh,,Uber Remote,11-50,Private,Email is valid.,Google Workspace,smtp.google.com,FALSE,,,,,,,,,,,,,,,,,,,,,,,,,,,,No,,,,,,,,,,Smartlead users sheet; SL users validated; campaign_leads_2026-03-23_20-27-04_results - campaign_leads_2026-03-23_20-27-04_results.csv,,,,,,,,,,false,enrich,gmail,"""2026-06-06T10:37:49.743Z""",Gmail / Google Workspace,,,,,,,,,
,,jeramee@teamhlx.com,,,,,,,,Smartlead users sheet; SL users validated; campaign_leads_2026-03-23_20-27-04_results - campaign_leads_2026-03-23_20-27-04_results.csv; Imported Leads,Yes,deliverable,No,,,,,,,,,,,,,,,,,,,,,,,,,,,,,,,,,,,,,,,,,,,,,,,,,,,,,,,,,,,,2023,Management Consulting,North America,United States,Irvine,Irvine,"Irvine, California, United States",92618,California,120 Progress,Hlx,11-50,Private,Email is valid.,Google Workspace,aspmx.l.google.com,FALSE,,,,,,,,,,,,,,,,,,,,,,,,,,,,No,,,,,,,,,,Smartlead users sheet; SL users validated; campaign_leads_2026-03-23_20-27-04_results - campaign_leads_2026-03-23_20-27-04_results.csv,,,,,,,,,,false,enrich,gmail,"""2026-06-06T10:37:49.711Z""",Gmail / Google Workspace,,,,,,,,,
,,admin@justgoingviral.com,,,,,,,,Smartlead users sheet; SL users validated; campaign_leads_2026-03-23_20-27-04_results - campaign_leads_2026-03-23_20-27-04_results.csv; Imported Leads,Yes,deliverable,No,,,,,,,,,,,,,,,,,,,,,,,,,,,,,,,,,,,,,,,,,,,,,,,,,,,,,,,,,,,,,,,,,,,,,,,,,Email is valid.,Google Workspace,aspmx.l.google.com,FALSE,,,,,,,,,,,,,,,,,,,,,,,,,,,,No,,,,,,,,,,Smartlead users sheet; SL users validated; campaign_leads_2026-03-23_20-27-04_results - campaign_leads_2026-03-23_20-27-04_results.csv,,,,,,,,,,false,enrich,gmail,"""2026-06-06T10:37:49.702Z""",Gmail / Google Workspace,,,,,,,,,
,,info@astuteadvisors.biz,,,,,,,,Smartlead users sheet; SL users validated; campaign_leads_2026-03-23_20-27-04_results - campaign_leads_2026-03-23_20-27-04_results.csv; Imported Leads,Yes,deliverable,No,,,,,,,,,,,,,,,,,,,,,,,,,,,,,,,,,,,,,,,,,,,,,,,,,,,,,,,,,,,,,,,,,,,,,,,,,Email is valid.,Google Workspace,aspmx.l.google.com,FALSE,,,,,,,,,,,,,,,,,,,,,,,,,,,,No,,,,,,,,,,Smartlead users sheet; SL users validated; campaign_leads_2026-03-23_20-27-04_results - campaign_leads_2026-03-23_20-27-04_results.csv,,,,,,,,,,false,enrich,gmail,"""2026-06-06T10:37:49.689Z""",Gmail / Google Workspace,,,,,,,,,
,,andrew@sycamorelocums.com,,,,,,,,Smartlead users sheet; SL users validated; campaign_leads_2026-03-23_20-27-04_results - campaign_leads_2026-03-23_20-27-04_results.csv; Imported Leads,Yes,deliverable,No,,,,,,,,,,,,,,,,,,,,,,,,,,,,,,,,,,,,,,,,,,,,,,,,,,,,,,,,,,,,,,,,,,,,,,,,,Email is valid.,Google Workspace,aspmx.l.google.com,FALSE,,,,,,,,,,,,,,,,,,,,,,,,,,,,No,,,,,,,,,,Smartlead users sheet; SL users validated; campaign_leads_2026-03-23_20-27-04_results - campaign_leads_2026-03-23_20-27-04_results.csv,,,,,,,,,,false,enrich,gmail,"""2026-06-06T10:37:49.753Z""",Gmail / Google Workspace,,,,,,,,,
,,info@a1mktg.com,,,,,,,,Smartlead users sheet; SL users validated; campaign_leads_2026-03-23_20-27-04_results - campaign_leads_2026-03-23_20-27-04_results.csv; Imported Leads,Yes,deliverable,No,,,,,,,,,,,,,,,,,,,,,,,,,,,,,,,,,,,,,,,,,,,,,,,,,,,,,,,,,,,,,,,,,,,,,,,,,Email is valid.,Google Workspace,smtp.google.com,FALSE,,,,,,,,,,,,,,,,,,,,,,,,,,,,No,,,,,,,,,,Smartlead users sheet; SL users validated; campaign_leads_2026-03-23_20-27-04_results - campaign_leads_2026-03-23_20-27-04_results.csv,,,,,,,,,,false,enrich,gmail,"""2026-06-06T10:37:49.709Z""",Gmail / Google Workspace,,,,,,,,,
,,devon@quotly.ai,,,,,,,,Smartlead users sheet; SL users validated; campaign_leads_2026-03-23_20-27-04_results - campaign_leads_2026-03-23_20-27-04_results.csv; Imported Leads,Yes,deliverable,No,,,,,,,,,,,,,,,,,,,,,,,,,,,,,,,,,,,,,,,,,,,,,,,,,,,,,,,,,,,,,,,,,,,,,,,,,Email is valid.,Google Workspace,aspmx.l.google.com,FALSE,,,,,,,,,,,,,,,,,,,,,,,,,,,,No,,,,,,,,,,Smartlead users sheet; SL users validated; campaign_leads_2026-03-23_20-27-04_results - campaign_leads_2026-03-23_20-27-04_results.csv,,,,,,,,,,false,enrich,gmail,"""2026-06-06T10:37:49.724Z""",Gmail / Google Workspace,,,,,,,,,
,,marketing@eventx.io,,,,,,,,Smartlead users sheet; SL users validated; campaign_leads_2026-03-23_20-27-04_results - campaign_leads_2026-03-23_20-27-04_results.csv; Imported Leads,Yes,deliverable,No,,,,,,,,,,,,,,,,,,,,,,,,,,,,,,,,,,,,,,,,,,,,,,,,,,,,,,,,,,,facebook.com/eventxtra,2012,Information Technology And Services,Asia,Hong Kong,Kowloon,Kowloon,"Kowloon, Kowloon City, Hong Kong",,Kowloon City,889 Cheung Sha Wan Road,Eventx,51-200,Private,Email is valid.,Google Workspace,aspmx.l.google.com,FALSE,,,,,,,,,,,,,,,,,,,,,,,,,,,,No,,,,,,,,,,Smartlead users sheet; SL users validated; campaign_leads_2026-03-23_20-27-04_results - campaign_leads_2026-03-23_20-27-04_results.csv,,,,,,,,,,false,enrich,gmail,"""2026-06-06T10:37:49.698Z""",Gmail / Google Workspace,,,,,,,,,
,,maximilian.zwisler@celljevity.life,,,,,,,,Smartlead users sheet; SL users validated; campaign_leads_2026-03-23_20-27-04_results - campaign_leads_2026-03-23_20-27-04_results.csv; Imported Leads,Yes,deliverable,No,,,,,,,,,,,,,,,,,,,,,,,,,,,,,,,,,,,,,,,,,,,,,,,,,,,,,,,,,,,,,,,,,,,,,,,,,Email is valid.,Google Workspace,smtp.google.com,FALSE,,,,,,,,,,,,,,,,,,,,,,,,,,,,No,,,,,,,,,,Smartlead users sheet; SL users validated; campaign_leads_2026-03-23_20-27-04_results - campaign_leads_2026-03-23_20-27-04_results.csv,,,,,,,,,,false,enrich,gmail,"""2026-06-06T10:37:49.722Z""",Gmail / Google Workspace,,,,,,,,,
,,outbound@brainyware.ai,,,,,,,,Smartlead users sheet; SL users validated; campaign_leads_2026-03-23_20-27-04_results - campaign_leads_2026-03-23_20-27-04_results.csv; Imported Leads,Yes,deliverable,No,,,,,,,,,,,,,,,,,,,,,,,,,,,,,,,,,,,,,,,,,,,,,,,,,,,,,,,,,,,,2023,Computer Software,Europe,Italy,Udine,Udine,"Udine, Friuli-venezia Giulia, Italy",33100,Friuli-venezia Giulia,200 Viale Tricesimo,Brainyware Srl,11-50,Private,Email is valid.,Google Workspace,aspmx.l.google.com,FALSE,,,,,,,,,,,,,,,,,,,,,,,,,,,,No,,,,,,,,,,Smartlead users sheet; SL users validated; campaign_leads_2026-03-23_20-27-04_results - campaign_leads_2026-03-23_20-27-04_results.csv,,,,,,,,,,false,enrich,gmail,"""2026-06-06T10:37:49.684Z""",Gmail / Google Workspace,,,,,,,,,
,,fernando@espressomatutino.org,,,,,,,,Smartlead users sheet; SL users validated; campaign_leads_2026-03-23_20-27-04_results - campaign_leads_2026-03-23_20-27-04_results.csv; Imported Leads,Yes,deliverable,No,,,,,,,,,,,,,,,,,,,,,,,,,,,,,,,,,,,,,,,,,,,,,,,,,,,,,,,,,,,,,,,,,,,,,,,,,Email is valid.,Google Workspace,aspmx.l.google.com,FALSE,,,,,,,,,,,,,,,,,,,,,,,,,,,,No,,,,,,,,,,Smartlead users sheet; SL users validated; campaign_leads_2026-03-23_20-27-04_results - campaign_leads_2026-03-23_20-27-04_results.csv,,,,,,,,,,false,enrich,gmail,"""2026-06-06T10:37:49.724Z""",Gmail / Google Workspace,,,,,,,,,
,,hasan@propulsiononline.co.uk,,,,,,,,Smartlead users sheet; SL users validated; campaign_leads_2026-03-23_20-27-04_results - campaign_leads_2026-03-23_20-27-04_results.csv; Imported Leads,Yes,deliverable,No,,,,,,,,,,,,,,,,,,,,,,,,,,,,,,,,,,,,,,,,,,,,,,,,,,,,,,,,,,,facebook.com/propulsiononline,,Marketing And Advertising,Europe,United Kingdom,Croydon,Croydon,"Croydon, England, United Kingdom",cr0 2ap,England,4 Bedford Park,Propulsion Online,1-10,Private,Email is valid.,Google Workspace,aspmx.l.google.com,FALSE,,,,,,,,,,,,,,,,,,,,,,,,,,,,No,,,,,,,,,,Smartlead users sheet; SL users validated; campaign_leads_2026-03-23_20-27-04_results - campaign_leads_2026-03-23_20-27-04_results.csv,,,,,,,,,,false,enrich,gmail,"""2026-06-06T10:37:49.728Z""",Gmail / Google Workspace,,,,,,,,,
,,bkompar@3aware.ai,,,,,,,,Smartlead users sheet; SL users validated; campaign_leads_2026-03-23_20-27-04_results - campaign_leads_2026-03-23_20-27-04_results.csv; Imported Leads,Yes,deliverable,No,,,,,,,,,,,,,,,,,,,,,,,,,,,,,,,,,,,,,,,,,,,,,,,,,,,,,,,,,,,facebook.com/3aware,2022,,North America,United States,Indianapolis,Indianapolis,"Indianapolis, Indiana, United States",46278,Indiana,6100 Technology Center Drive,3aware,11-50,Private,Email is valid.,Google Workspace,aspmx.l.google.com,FALSE,,,,,,,,,,,,,,,,,,,,,,,,,,,,No,,,,,,,,,,Smartlead users sheet; SL users validated; campaign_leads_2026-03-23_20-27-04_results - campaign_leads_2026-03-23_20-27-04_results.csv,,,,,,,,,,false,enrich,gmail,"""2026-06-06T10:37:49.694Z""",Gmail / Google Workspace,,,,,,,,,
,,arno@profresults.com,,,,,,,,Smartlead users sheet; SL users validated; campaign_leads_2026-03-23_20-27-04_results - campaign_leads_2026-03-23_20-27-04_results.csv; Imported Leads,Yes,deliverable,No,,,,,,,,,,,,,,,,,,,,,,,,,,,,,,,,,,,,,,,,,,,,,,,,,,,,,,,,,,,,,Marketing And Advertising,Europe,Netherlands,Amsterdam,Amsterdam,"Amsterdam, Noord-holland, Netherlands",,Noord-holland,,Prof Results,1-10,Private,Email is valid.,Google Workspace,aspmx.l.google.com,FALSE,,,,,,,,,,,,,,,,,,,,,,,,,,,,No,,,,,,,,,,Smartlead users sheet; SL users validated; campaign_leads_2026-03-23_20-27-04_results - campaign_leads_2026-03-23_20-27-04_results.csv,,,,,,,,,,false,enrich,gmail,"""2026-06-06T10:37:49.716Z""",Gmail / Google Workspace,,,,,,,,,
,,info@nocodecreations.com.au,,,,,,,,Smartlead users sheet; SL users validated; campaign_leads_2026-03-23_20-27-04_results - campaign_leads_2026-03-23_20-27-04_results.csv; Imported Leads,Yes,deliverable,No,,,,,,,,,,,,,,,,,,,,,,,,,,,,,,,,,,,,,,,,,,,,,,,,,,,,,,,,,,,,,,,,,,,,,,,,,Email is valid.,Google Workspace,SMTP.GOOGLE.COM,FALSE,,,,,,,,,,,,,,,,,,,,,,,,,,,,No,,,,,,,,,,Smartlead users sheet; SL users validated; campaign_leads_2026-03-23_20-27-04_results - campaign_leads_2026-03-23_20-27-04_results.csv,,,,,,,,,,false,enrich,gmail,"""2026-06-06T10:37:49.685Z""",Gmail / Google Workspace,,,,,,,,,
,,salesteam@wildsafariquest.com,,,,,,,,Smartlead users sheet; SL users validated; campaign_leads_2026-03-23_20-27-04_results - campaign_leads_2026-03-23_20-27-04_results.csv; Imported Leads,Yes,deliverable,No,,,,,,,,,,,,,,,,,,,,,,,,,,,,,,,,,,,,,,,,,,,,,,,,,,,,,,,,,,,,,,,,,,,,,,,,,Email is valid.,Google Workspace,SMTP.GOOGLE.com,FALSE,,,,,,,,,,,,,,,,,,,,,,,,,,,,No,,,,,,,,,,Smartlead users sheet; SL users validated; campaign_leads_2026-03-23_20-27-04_results - campaign_leads_2026-03-23_20-27-04_results.csv,,,,,,,,,,false,enrich,gmail,"""2026-06-06T10:37:49.701Z""",Gmail / Google Workspace,,,,,,,,,
,,eseymour@vadoanalytics.com,,,,,,,,Smartlead users sheet; SL users validated; campaign_leads_2026-03-23_20-27-04_results - campaign_leads_2026-03-23_20-27-04_results.csv; Imported Leads,Yes,deliverable,No,,,,,,,,,,,,,,,,,,,,,,,,,,,,,,,,,,,,,,,,,,,,,,,,,,,,,,,,,,,,,Information Technology And Services,North America,United States,Chicago,Chicago,"Chicago, Illinois, United States",,Illinois,,Vado Analytics.com,11-50,Private,Email is valid.,Google Workspace,smtp.google.com,FALSE,,,,,,,,,,,,,,,,,,,,,,,,,,,,No,,,,,,,,,,Smartlead users sheet; SL users validated; campaign_leads_2026-03-23_20-27-04_results - campaign_leads_2026-03-23_20-27-04_results.csv,,,,,,,,,,false,enrich,gmail,"""2026-06-06T10:37:49.729Z""",Gmail / Google Workspace,,,,,,,,,
,,devs@clay.run,,,,,,,,Smartlead users sheet; SL users validated; campaign_leads_2026-03-23_20-27-04_results - campaign_leads_2026-03-23_20-27-04_results.csv; Imported Leads,Yes,deliverable,No,,,,,,,,,,,,,,,,,,,,,,,,,,,,,,,,,,,,,,,,,,,,,,,,,,,,,,,,,,,,,Internet,North America,United States,Brooklyn,Brooklyn,"Brooklyn, New York, United States",11222,New York,,Clay,11-50,Private,Email is valid.,Google Workspace,aspmx.l.google.com,FALSE,,,,,,,,,,,,,,,,,,,,,,,,,,,,No,,,,,,,,,,Smartlead users sheet; SL users validated; campaign_leads_2026-03-23_20-27-04_results - campaign_leads_2026-03-23_20-27-04_results.csv,,,,,,,,,,false,enrich,gmail,"""2026-06-06T10:37:49.696Z""",Gmail / Google Workspace,,,,,,,,,
,,sean@ablgtm.com,,,,,,,,Smartlead users sheet; SL users validated; campaign_leads_2026-03-23_20-27-04_results - campaign_leads_2026-03-23_20-27-04_results.csv; Imported Leads,Yes,deliverable,No,,,,,,,,,,,,,,,,,,,,,,,,,,,,,,,,,,,,,,,,,,,,,,,,,,,,,,,,,,,,,,,,,,,,,,,,,Email is valid.,Google Workspace,aspmx.l.google.com,FALSE,,,,,,,,,,,,,,,,,,,,,,,,,,,,No,,,,,,,,,,Smartlead users sheet; SL users validated; campaign_leads_2026-03-23_20-27-04_results - campaign_leads_2026-03-23_20-27-04_results.csv,,,,,,,,,,false,enrich,gmail,"""2026-06-06T10:37:49.761Z""",Gmail / Google Workspace,,,,,,,,,
,,contact@leadamax.com,,,,,,,,Smartlead users sheet; SL users validated; campaign_leads_2026-03-23_20-27-04_results - campaign_leads_2026-03-23_20-27-04_results.csv; Imported Leads,Yes,deliverable,No,,,,,,,,,,,,,,,,,,,,,,,,,,,,,,,,,,,,,,,,,,,,,,,,,,,,,,,,,,,,,,,,,,,,,,,,,Email is valid.,Google Workspace,smtp.google.com,FALSE,,,,,,,,,,,,,,,,,,,,,,,,,,,,No,,,,,,,,,,Smartlead users sheet; SL users validated; campaign_leads_2026-03-23_20-27-04_results - campaign_leads_2026-03-23_20-27-04_results.csv,,,,,,,,,,false,enrich,gmail,"""2026-06-06T10:37:49.685Z""",Gmail / Google Workspace,,,,,,,,,
,,jolanta@marllm.io,,,,,,,,Smartlead users sheet; SL users validated; campaign_leads_2026-03-23_20-27-04_results - campaign_leads_2026-03-23_20-27-04_results.csv; Imported Leads,Yes,deliverable,No,,,,,,,,,,,,,,,,,,,,,,,,,,,,,,,,,,,,,,,,,,,,,,,,,,,,,,,,,,,,2023,Marketing And Advertising,Europe,United Kingdom,London,London,"London, England, United Kingdom",,England,,Marllm,1-10,Private,Email is valid.,Google Workspace,aspmx.l.google.com,FALSE,,,,,,,,,,,,,,,,,,,,,,,,,,,,No,,,,,,,,,,Smartlead users sheet; SL users validated; campaign_leads_2026-03-23_20-27-04_results - campaign_leads_2026-03-23_20-27-04_results.csv,,,,,,,,,,false,enrich,gmail,"""2026-06-06T10:37:49.700Z""",Gmail / Google Workspace,,,,,,,,,
,,jacqueline@artie.com,,,,,,,,Smartlead users sheet; SL users validated; campaign_leads_2026-03-23_20-27-04_results - campaign_leads_2026-03-23_20-27-04_results.csv; Imported Leads,Yes,deliverable,No,,,,,,,,,,,,,,,,,,,,,,,,,,,,,,,,,,,,,,,,,,,,,,,,,,,,,,,,,,,facebook.com/helloartie,2019,Entertainment,North America,United States,Los Angeles,Los Angeles,"Los Angeles, California, United States",90071,California,,Artie,11-50,Private,Email is valid.,Google Workspace,aspmx.l.google.com,FALSE,,,,,,,,,,,,,,,,,,,,,,,,,,,,No,,,,,,,,,,Smartlead users sheet; SL users validated; campaign_leads_2026-03-23_20-27-04_results - campaign_leads_2026-03-23_20-27-04_results.csv,,,,,,,,,,false,enrich,gmail,"""2026-06-06T10:37:49.702Z""",Gmail / Google Workspace,,,,,,,,,
,,ricardo.ruizmaza@helpwan.com,,,,,,,,Smartlead users sheet; SL users validated; campaign_leads_2026-03-23_20-27-04_results - campaign_leads_2026-03-23_20-27-04_results.csv; Imported Leads,Yes,deliverable,No,,,,,,,,,,,,,,,,,,,,,,,,,,,,,,,,,,,,,,,,,,,,,,,,,,,,,,,,,,,,,Information Technology And Services,,,,,,,,,Helpwan,1-10,Private,Email is valid.,Google Workspace,aspmx.l.google.com,FALSE,,,,,,,,,,,,,,,,,,,,,,,,,,,,No,,,,,,,,,,Smartlead users sheet; SL users validated; campaign_leads_2026-03-23_20-27-04_results - campaign_leads_2026-03-23_20-27-04_results.csv,,,,,,,,,,false,enrich,gmail,"""2026-06-06T10:37:49.727Z""",Gmail / Google Workspace,,,,,,,,,
,,aniket@crospiffy.com,,,,,,,,Smartlead users sheet; SL users validated; campaign_leads_2026-03-23_20-27-04_results - campaign_leads_2026-03-23_20-27-04_results.csv; Imported Leads,Yes,deliverable,No,,,,,,,,,,,,,,,,,,,,,,,,,,,,,,,,,,,,,,,,,,,,,,,,,,,,,,,,,,,,,,,,,,,,,,,,,Email is valid.,Google Workspace,aspmx.l.google.com,FALSE,,,,,,,,,,,,,,,,,,,,,,,,,,,,No,,,,,,,,,,Smartlead users sheet; SL users validated; campaign_leads_2026-03-23_20-27-04_results - campaign_leads_2026-03-23_20-27-04_results.csv,,,,,,,,,,false,enrich,gmail,"""2026-06-06T10:37:49.722Z""",Gmail / Google Workspace,,,,,,,,,
,,chris@engram.nexus,,,,,,,,Smartlead users sheet; SL users validated; campaign_leads_2026-03-23_20-27-04_results - campaign_leads_2026-03-23_20-27-04_results.csv; Imported Leads,Yes,deliverable,No,,,,,,,,,,,,,,,,,,,,,,,,,,,,,,,,,,,,,,,,,,,,,,,,,,,,,,,,,,,,,Management Consulting,North America,United States,Cambridge,Cambridge,"Cambridge, Massachusetts, United States",2142,Massachusetts,1 Broadway,Engram Nexus,1-10,Private,Email is valid.,Google Workspace,aspmx.l.google.com,FALSE,,,,,,,,,,,,,,,,,,,,,,,,,,,,No,,,,,,,,,,Smartlead users sheet; SL users validated; campaign_leads_2026-03-23_20-27-04_results - campaign_leads_2026-03-23_20-27-04_results.csv,,,,,,,,,,false,enrich,gmail,"""2026-06-06T10:37:49.708Z""",Gmail / Google Workspace,,,,,,,,,
,,hello@thestride.agency,,,,,,,,Smartlead users sheet; SL users validated; campaign_leads_2026-03-23_20-27-04_results - campaign_leads_2026-03-23_20-27-04_results.csv; Imported Leads,Yes,deliverable,No,,,,,,,,,,,,,,,,,,,,,,,,,,,,,,,,,,,,,,,,,,,,,,,,,,,,,,,,,,,,,,,,,,,,,,,,,Email is valid.,Google Workspace,smtp.google.com,FALSE,,,,,,,,,,,,,,,,,,,,,,,,,,,,No,,,,,,,,,,Smartlead users sheet; SL users validated; campaign_leads_2026-03-23_20-27-04_results - campaign_leads_2026-03-23_20-27-04_results.csv,,,,,,,,,,false,enrich,gmail,"""2026-06-06T10:37:49.904Z""",Gmail / Google Workspace,,,,,,,,,
,,fernando@meetthyme.com,,,,,,,,Smartlead users sheet; SL users validated; campaign_leads_2026-03-23_20-27-04_results - campaign_leads_2026-03-23_20-27-04_results.csv; Imported Leads,Yes,deliverable,No,,,,,,,,,,,,,,,,,,,,,,,,,,,,,,,,,,,,,,,,,,,,,,,,,,,,,,,,,,,,2024,Computer Software,,,,,,,,,Thyme (yc S24),1-10,Private,Email is valid.,Google Workspace,smtp.google.com,FALSE,,,,,,,,,,,,,,,,,,,,,,,,,,,,No,,,,,,,,,,Smartlead users sheet; SL users validated; campaign_leads_2026-03-23_20-27-04_results - campaign_leads_2026-03-23_20-27-04_results.csv,,,,,,,,,,false,enrich,gmail,"""2026-06-06T10:37:49.740Z""",Gmail / Google Workspace,,,,,,,,,
,,hr@odigotech.com,,,,,,,,Smartlead users sheet; SL users validated; campaign_leads_2026-03-23_20-27-04_results - campaign_leads_2026-03-23_20-27-04_results.csv; Imported Leads,Yes,deliverable,No,,,,,,,,,,,,,,,,,,,,,,,,,,,,,,,,,,,,,,,,,,,,,,,,,,,,,,,,,,,,2006,Information Technology And Services,Asia,India,Bengaluru,Bengaluru,"Bengaluru, Karnataka, India",,Karnataka,#65 2nd Floor 29th 'c' Cross 4th Block Jayanagar,Odigo Tech Solutions,51-200,Private,Email is valid.,Google Workspace,aspmx.l.google.com,FALSE,,,,,,,,,,,,,,,,,,,,,,,,,,,,No,,,,,,,,,,Smartlead users sheet; SL users validated; campaign_leads_2026-03-23_20-27-04_results - campaign_leads_2026-03-23_20-27-04_results.csv,,,,,,,,,,false,enrich,gmail,"""2026-06-06T10:37:49.922Z""",Gmail / Google Workspace,,,,,,,,,
,,carjvtproximityds@gmail.com,,,,,,,,Smartlead users sheet; SL users validated; campaign_leads_2026-03-23_20-27-04_results - campaign_leads_2026-03-23_20-27-04_results.csv; Imported Leads,No,risky,No,,,,,,,,,,,,,,,,,,,,,,,,,,,,,,,,,,,,,,,,,,,,,,,,,,,,,,,,,,,,,,,,,,,,,,,,,Email is valid.,Google Workspace,gmail-smtp-in.l.google.com,FALSE,,,,,,,,,,,,,,,,,,,,,,,,,,,,No,,,,,,,,,,Smartlead users sheet; SL users validated; campaign_leads_2026-03-23_20-27-04_results - campaign_leads_2026-03-23_20-27-04_results.csv,,,,,,,,,,false,enrich,gmail,"""2026-06-06T10:37:49.559Z""",Gmail / Google Workspace,,,,,,,,,
,,eugenekadzin@gmail.com,,,,,,,,Smartlead users sheet; SL users validated; campaign_leads_2026-03-23_20-27-04_results - campaign_leads_2026-03-23_20-27-04_results.csv; Imported Leads,No,risky,No,,,,,,,,,,,,,,,,,,,,,,,,,,,,,,,,,,,,,,,,,,,,,,,,,,,,,,,,,,,,,,,,,,,,,,,,,Email is valid.,Google Workspace,gmail-smtp-in.l.google.com,FALSE,,,,,,,,,,,,,,,,,,,,,,,,,,,,No,,,,,,,,,,Smartlead users sheet; SL users validated; campaign_leads_2026-03-23_20-27-04_results - campaign_leads_2026-03-23_20-27-04_results.csv,,,,,,,,,,false,enrich,gmail,"""2026-06-06T10:37:49.559Z""",Gmail / Google Workspace,,,,,,,,,
,,tarun.hygreev@gmail.com,,,,,,,,Smartlead users sheet; SL users validated; campaign_leads_2026-03-23_20-27-04_results - campaign_leads_2026-03-23_20-27-04_results.csv; Imported Leads,No,risky,No,,,,,,,,,,,,,,,,,,,,,,,,,,,,,,,,,,,,,,,,,,,,,,,,,,,,,,,,,,,,,,,,,,,,,,,,,Email is valid.,Google Workspace,gmail-smtp-in.l.google.com,FALSE,,,,,,,,,,,,,,,,,,,,,,,,,,,,No,,,,,,,,,,Smartlead users sheet; SL users validated; campaign_leads_2026-03-23_20-27-04_results - campaign_leads_2026-03-23_20-27-04_results.csv,,,,,,,,,,false,enrich,gmail,"""2026-06-06T10:37:49.559Z""",Gmail / Google Workspace,,,,,,,,,
,,mcowtan@rightsizemarketing.com,,,,,,,,Smartlead users sheet; SL users validated; campaign_leads_2026-03-23_20-27-04_results - campaign_leads_2026-03-23_20-27-04_results.csv; Imported Leads,Yes,deliverable,No,,,,,,,,,,,,,,,,,,,,,,,,,,,,,,,,,,,,,,,,,,,,,,,,,,,,,,,,,,,,,,,,,,,,,,,,,Email is valid.,Google Workspace,aspmx.l.google.com,FALSE,,,,,,,,,,,,,,,,,,,,,,,,,,,,No,,,,,,,,,,Smartlead users sheet; SL users validated; campaign_leads_2026-03-23_20-27-04_results - campaign_leads_2026-03-23_20-27-04_results.csv,,,,,,,,,,false,enrich,gmail,"""2026-06-06T10:37:49.731Z""",Gmail / Google Workspace,,,,,,,,,
,,team@recruitmentrevenue.com,,,,,,,,Smartlead users sheet; SL users validated; campaign_leads_2026-03-23_20-27-04_results - campaign_leads_2026-03-23_20-27-04_results.csv; Imported Leads,Yes,deliverable,No,,,,,,,,,,,,,,,,,,,,,,,,,,,,,,,,,,,,,,,,,,,,,,,,,,,,,,,,,,,,,,,,,,,,,,Recruitment Revenue,1-10,Private,Email is valid.,Google Workspace,aspmx.l.google.com,FALSE,,,,,,,,,,,,,,,,,,,,,,,,,,,,No,,,,,,,,,,Smartlead users sheet; SL users validated; campaign_leads_2026-03-23_20-27-04_results - campaign_leads_2026-03-23_20-27-04_results.csv,,,,,,,,,,false,enrich,gmail,"""2026-06-06T10:37:49.704Z""",Gmail / Google Workspace,,,,,,,,,
,,felix@onboarding-prozesse.de,,,,,,,,Smartlead users sheet; SL users validated; campaign_leads_2026-03-23_20-27-04_results - campaign_leads_2026-03-23_20-27-04_results.csv; Imported Leads,Yes,deliverable,No,,,,,,,,,,,,,,,,,,,,,,,,,,,,,,,,,,,,,,,,,,,,,,,,,,,,,,,,,,,,,,,,,,,,,,,,,Email is valid.,Google Workspace,SMTP.GOOGLE.COM,FALSE,,,,,,,,,,,,,,,,,,,,,,,,,,,,No,,,,,,,,,,Smartlead users sheet; SL users validated; campaign_leads_2026-03-23_20-27-04_results - campaign_leads_2026-03-23_20-27-04_results.csv,,,,,,,,,,false,enrich,gmail,"""2026-06-06T10:37:49.728Z""",Gmail / Google Workspace,,,,,,,,,
,,peter@2d3d.ai,,,,,,,,Smartlead users sheet; SL users validated; campaign_leads_2026-03-23_20-27-04_results - campaign_leads_2026-03-23_20-27-04_results.csv; Imported Leads,Yes,deliverable,No,,,,,,,,,,,,,,,,,,,,,,,,,,,,,,,,,,,,,,,,,,,,,,,,,,,,,,,,,,,,,,,,,,,,,,,,,Email is valid.,Google Workspace,aspmx.l.google.com,FALSE,,,,,,,,,,,,,,,,,,,,,,,,,,,,No,,,,,,,,,,Smartlead users sheet; SL users validated; campaign_leads_2026-03-23_20-27-04_results - campaign_leads_2026-03-23_20-27-04_results.csv,,,,,,,,,,false,enrich,gmail,"""2026-06-06T10:37:49.685Z""",Gmail / Google Workspace,,,,,,,,,
,,kevin@calibre2.com,,,,,,,,Smartlead users sheet; SL users validated; campaign_leads_2026-03-23_20-27-04_results - campaign_leads_2026-03-23_20-27-04_results.csv; Imported Leads,Yes,deliverable,No,,,,,,,,,,,,,,,,,,,,,,,,,,,,,,,,,,,,,,,,,,,,,,,,,,,,,,,,,,,,,,,,,,,,,,,,,Email is valid.,Google Workspace,aspmx.l.google.com,FALSE,,,,,,,,,,,,,,,,,,,,,,,,,,,,No,,,,,,,,,,Smartlead users sheet; SL users validated; campaign_leads_2026-03-23_20-27-04_results - campaign_leads_2026-03-23_20-27-04_results.csv,,,,,,,,,,false,enrich,gmail,"""2026-06-06T10:37:49.716Z""",Gmail / Google Workspace,,,,,,,,,
,,aaron@duckchem.com,,,,,,,,Smartlead users sheet; SL users validated; campaign_leads_2026-03-23_20-27-04_results - campaign_leads_2026-03-23_20-27-04_results.csv; Imported Leads,Yes,deliverable,No,,,,,,,,,,,,,,,,,,,,,,,,,,,,,,,,,,,,,,,,,,,,,,,,,,,,,,,,,,,,,,,,,,,,,,,,,Email is valid.,Google Workspace,aspmx.l.google.com,FALSE,,,,,,,,,,,,,,,,,,,,,,,,,,,,No,,,,,,,,,,Smartlead users sheet; SL users validated; campaign_leads_2026-03-23_20-27-04_results - campaign_leads_2026-03-23_20-27-04_results.csv,,,,,,,,,,false,enrich,gmail,"""2026-06-06T10:37:49.721Z""",Gmail / Google Workspace,,,,,,,,,
,,liam@tidyflow.com,,,,,,,,Smartlead users sheet; SL users validated; campaign_leads_2026-03-23_20-27-04_results - campaign_leads_2026-03-23_20-27-04_results.csv; Imported Leads,Yes,deliverable,No,,,,,,,,,,,,,,,,,,,,,,,,,,,,,,,,,,,,,,,,,,,,,,,,,,,,,,,,,,,facebook.com/tidyflowhq,2023,Computer Software,North America,United States,Sheridan,Sheridan,"Sheridan, Wyoming, United States",82801,Wyoming,,Tidyflow,1-10,Private,Email is valid.,Google Workspace,aspmx.l.google.com,FALSE,,,,,,,,,,,,,,,,,,,,,,,,,,,,No,,,,,,,,,,Smartlead users sheet; SL users validated; campaign_leads_2026-03-23_20-27-04_results - campaign_leads_2026-03-23_20-27-04_results.csv,,,,,,,,,,false,enrich,gmail,"""2026-06-06T10:37:49.739Z""",Gmail / Google Workspace,,,,,,,,,
,,amr@leaditstudio.com,,,,,,,,Smartlead users sheet; SL users validated; campaign_leads_2026-03-23_20-27-04_results - campaign_leads_2026-03-23_20-27-04_results.csv; Imported Leads,No,risky,No,,,,,,,,,,,,,,,,,,,,,,,,,,,,,,,,,,,,,,,,,,,,,,,,,,,,,,,,,,,,,,,,,,,,,,,,,Email is valid.,Google Workspace,smtp.google.com,FALSE,,,,,,,,,,,,,,,,,,,,,,,,,,,,No,,,,,,,,,,Smartlead users sheet; SL users validated; campaign_leads_2026-03-23_20-27-04_results - campaign_leads_2026-03-23_20-27-04_results.csv,,,,,,,,,,false,enrich,gmail,"""2026-06-06T10:37:49.764Z""",Gmail / Google Workspace,,,,,,,,,
,,jacob@tradiedigital.co,,,,,,,,Smartlead users sheet; SL users validated; campaign_leads_2026-03-23_20-27-04_results - campaign_leads_2026-03-23_20-27-04_results.csv; Imported Leads,Yes,deliverable,No,,,,,,,,,,,,,,,,,,,,,,,,,,,,,,,,,,,,,,,,,,,,,,,,,,,,,,,,,,,,,Internet,,,,,,,,,Tradie Digital,1-10,Private,Email is valid.,Google Workspace,aspmx.l.google.com,FALSE,,,,,,,,,,,,,,,,,,,,,,,,,,,,No,,,,,,,,,,Smartlead users sheet; SL users validated; campaign_leads_2026-03-23_20-27-04_results - campaign_leads_2026-03-23_20-27-04_results.csv,,,,,,,,,,false,enrich,gmail,"""2026-06-06T10:37:49.733Z""",Gmail / Google Workspace,,,,,,,,,
,,csaba@terrea.earth,,,,,,,,Smartlead users sheet; SL users validated; campaign_leads_2026-03-23_20-27-04_results - campaign_leads_2026-03-23_20-27-04_results.csv; Imported Leads,Yes,deliverable,No,,,,,,,,,,,,,,,,,,,,,,,,,,,,,,,,,,,,,,,,,,,,,,,,,,,,,,,,,,,,,,,,,,,,,,,,,Email is valid.,Google Workspace,smtp.google.com,FALSE,,,,,,,,,,,,,,,,,,,,,,,,,,,,No,,,,,,,,,,Smartlead users sheet; SL users validated; campaign_leads_2026-03-23_20-27-04_results - campaign_leads_2026-03-23_20-27-04_results.csv,,,,,,,,,,false,enrich,gmail,"""2026-06-06T10:37:49.715Z""",Gmail / Google Workspace,,,,,,,,,
,,john@siliconpartners.com,,,,,,,,Smartlead users sheet; SL users validated; campaign_leads_2026-03-23_20-27-04_results - campaign_leads_2026-03-23_20-27-04_results.csv; Imported Leads,Yes,deliverable,No,,,,,,,,,,,,,,,,,,,,,,,,,,,,,,,,,,,,,,,,,,,,,,,,,,,,,,,,,,,,2022,Staffing And Recruiting,North America,United States,San Mateo,San Mateo,"San Mateo, California, United States",94402,California,,Silicon Partners,1-10,Private,Email is valid.,Google Workspace,aspmx.l.google.com,FALSE,,,,,,,,,,,,,,,,,,,,,,,,,,,,No,,,,,,,,,,Smartlead users sheet; SL users validated; campaign_leads_2026-03-23_20-27-04_results - campaign_leads_2026-03-23_20-27-04_results.csv,,,,,,,,,,false,enrich,gmail,"""2026-06-06T10:37:49.711Z""",Gmail / Google Workspace,,,,,,,,,
,,ray@redwhalecapital.com,,,,,,,,Smartlead users sheet; SL users validated; campaign_leads_2026-03-23_20-27-04_results - campaign_leads_2026-03-23_20-27-04_results.csv; Imported Leads,Yes,deliverable,No,,,,,,,,,,,,,,,,,,,,,,,,,,,,,,,,,,,,,,,,,,,,,,,,,,,,,,,,,,,,,,,,,,,,,,,,,Email is valid.,Google Workspace,aspmx.l.google.com,FALSE,,,,,,,,,,,,,,,,,,,,,,,,,,,,No,,,,,,,,,,Smartlead users sheet; SL users validated; campaign_leads_2026-03-23_20-27-04_results - campaign_leads_2026-03-23_20-27-04_results.csv,,,,,,,,,,false,enrich,gmail,"""2026-06-06T10:37:49.744Z""",Gmail / Google Workspace,,,,,,,,,
,,glen@optimateai.com,,,,,,,,Smartlead users sheet; SL users validated; campaign_leads_2026-03-23_20-27-04_results - campaign_leads_2026-03-23_20-27-04_results.csv; Imported Leads,Yes,deliverable,No,,,,,,,,,,,,,,,,,,,,,,,,,,,,,,,,,,,,,,,,,,,,,,,,,,,,,,,,,,,,2021,Internet,,,,,,,,,Optimateai,1-10,Private,Email is valid.,Google Workspace,aspmx.l.google.com,FALSE,,,,,,,,,,,,,,,,,,,,,,,,,,,,No,,,,,,,,,,Smartlead users sheet; SL users validated; campaign_leads_2026-03-23_20-27-04_results - campaign_leads_2026-03-23_20-27-04_results.csv,,,,,,,,,,false,enrich,gmail,"""2026-06-06T10:37:49.700Z""",Gmail / Google Workspace,,,,,,,,,
,,adil.roslane@management-square.com,,,,,,,,Smartlead users sheet; SL users validated; campaign_leads_2026-03-23_20-27-04_results - campaign_leads_2026-03-23_20-27-04_results.csv; Imported Leads,Yes,deliverable,No,,,,,,,,,,,,,,,,,,,,,,,,,,,,,,,,,,,,,,,,,,,,,,,,,,,,,,,,,,,facebook.com/managementsquare,2015,Management Consulting,Europe,France,Montigny-le-bretonneux,Montigny-le-bretonneux,"Montigny-le-bretonneux, Île-de-france, France",78180,Île-de-france,6 Rue Jean Pierre Timbaud,Management Square,51-200,Private,Email is valid.,Google Workspace,aspmx.l.google.com,FALSE,,,,,,,,,,,,,,,,,,,,,,,,,,,,No,,,,,,,,,,Smartlead users sheet; SL users validated; campaign_leads_2026-03-23_20-27-04_results - campaign_leads_2026-03-23_20-27-04_results.csv,,,,,,,,,,false,enrich,gmail,"""2026-06-06T10:37:49.685Z""",Gmail / Google Workspace,,,,,,,,,
,,armaan@odore.com,,,,,,,,Smartlead users sheet; SL users validated; campaign_leads_2026-03-23_20-27-04_results - campaign_leads_2026-03-23_20-27-04_results.csv; Imported Leads,Yes,deliverable,No,,,,,,,,,,,,,,,,,,,,,,,,,,,,,,,,,,,,,,,,,,,,,,,,,,,,,,,,,,,facebook.com/odoreofficial,2018,Consumer Services,Europe,United Kingdom,City Of London,City Of London,"City Of London, England, United Kingdom",wc2a 1qs,England,53-64 Chancery Lane Chancery House,Odore,11-50,Private,Email is valid.,Google Workspace,aspmx.l.google.com,FALSE,,,,,,,,,,,,,,,,,,,,,,,,,,,,No,,,,,,,,,,Smartlead users sheet; SL users validated; campaign_leads_2026-03-23_20-27-04_results - campaign_leads_2026-03-23_20-27-04_results.csv,,,,,,,,,,false,enrich,gmail,"""2026-06-06T10:37:49.688Z""",Gmail / Google Workspace,,,,,,,,,
,,christineross@sourceeq.com,,,,,,,,Smartlead users sheet; SL users validated; campaign_leads_2026-03-23_20-27-04_results - campaign_leads_2026-03-23_20-27-04_results.csv; Imported Leads,Yes,deliverable,No,,,,,,,,,,,,,,,,,,,,,,,,,,,,,,,,,,,,,,,,,,,,,,,,,,,,,,,,,,,,2018,Staffing And Recruiting,Europe,United Kingdom,Hackney,Hackney,"Hackney, England, United Kingdom",ec1v 1jb,England,124 City Road,Source Eq,11-50,Private,Email is valid.,Google Workspace,ASPMX.L.GOOGLE.com,FALSE,,,,,,,,,,,,,,,,,,,,,,,,,,,,No,,,,,,,,,,Smartlead users sheet; SL users validated; campaign_leads_2026-03-23_20-27-04_results - campaign_leads_2026-03-23_20-27-04_results.csv,,,,,,,,,,false,enrich,gmail,"""2026-06-06T10:37:49.901Z""",Gmail / Google Workspace,,,,,,,,,
,,conor@growth-fuel.io,,,,,,,,Smartlead users sheet; SL users validated; campaign_leads_2026-03-23_20-27-04_results - campaign_leads_2026-03-23_20-27-04_results.csv; Imported Leads,Yes,deliverable,No,,,,,,,,,,,,,,,,,,,,,,,,,,,,,,,,,,,,,,,,,,,,,,,,,,,,,,,,,,,,,,,,,,,,,,,,,Email is valid.,Google Workspace,aspmx.l.google.com,FALSE,,,,,,,,,,,,,,,,,,,,,,,,,,,,No,,,,,,,,,,Smartlead users sheet; SL users validated; campaign_leads_2026-03-23_20-27-04_results - campaign_leads_2026-03-23_20-27-04_results.csv,,,,,,,,,,false,enrich,gmail,"""2026-06-06T10:37:49.685Z""",Gmail / Google Workspace,,,,,,,,,
,,client+easylife@buyingmachine.io,,,,,,,,Smartlead users sheet; SL users validated; campaign_leads_2026-03-23_20-27-04_results - campaign_leads_2026-03-23_20-27-04_results.csv; Imported Leads,No,undeliverable,No,,,,,,,,,,,,,,,,,,,,,,,,,,,,,,,,,,,,,,,,,,,,,,,,,,,,,,,,,,,,2022,Internet,,,,,,,,,Buyingmachine.io,1-10,Private,Email is valid.,Google Workspace,aspmx.l.google.com,FALSE,,,,,,,,,,,,,,,,,,,,,,,,,,,,No,,,,,,,,,,Smartlead users sheet; SL users validated; campaign_leads_2026-03-23_20-27-04_results - campaign_leads_2026-03-23_20-27-04_results.csv,,,,,,,,,,false,enrich,gmail,"""2026-06-06T10:37:49.667Z""",Gmail / Google Workspace,,,,,,,,,
,,hunter@think-board.com,,,,,,,,Smartlead users sheet; SL users validated; campaign_leads_2026-03-23_20-27-04_results - campaign_leads_2026-03-23_20-27-04_results.csv; Imported Leads,Yes,deliverable,No,,,,,,,,,,,,,,,,,,,,,,,,,,,,,,,,,,,,,,,,,,,,,,,,,,,,,,,,,,,facebook.com/thethinkboard,2014,Consumer Goods,North America,United States,Saratoga Springs,Saratoga Springs,"Saratoga Springs, New York, United States",12866,New York,610 Maple Avenue,Think Board,1-10,Private,Email is valid.,Google Workspace,aspmx.l.google.com,FALSE,,,,,,,,,,,,,,,,,,,,,,,,,,,,No,,,,,,,,,,Smartlead users sheet; SL users validated; campaign_leads_2026-03-23_20-27-04_results - campaign_leads_2026-03-23_20-27-04_results.csv,,,,,,,,,,false,enrich,gmail,"""2026-06-06T10:37:49.685Z""",Gmail / Google Workspace,,,,,,,,,
,,alex@mehrb2bkunden.de,,,,,,,,Smartlead users sheet; SL users validated; campaign_leads_2026-03-23_20-27-04_results - campaign_leads_2026-03-23_20-27-04_results.csv; Imported Leads,Yes,deliverable,No,,,,,,,,,,,,,,,,,,,,,,,,,,,,,,,,,,,,,,,,,,,,,,,,,,,,,,,,,,,facebook.com/mehrb2bkunden,,Marketing And Advertising,Europe,Germany,Cologne,Cologne,"Cologne, North Rhine-westphalia, Germany",50933,North Rhine-westphalia,313 Stolberger Street,Mehrb2bkunden.de,1-10,Private,Email is valid.,Google Workspace,aspmx.l.google.com,FALSE,,,,,,,,,,,,,,,,,,,,,,,,,,,,No,,,,,,,,,,Smartlead users sheet; SL users validated; campaign_leads_2026-03-23_20-27-04_results - campaign_leads_2026-03-23_20-27-04_results.csv,,,,,,,,,,false,enrich,gmail,"""2026-06-06T10:37:49.742Z""",Gmail / Google Workspace,,,,,,,,,
,,info@revu.zone,,,,,,,,Smartlead users sheet; SL users validated; campaign_leads_2026-03-23_20-27-04_results - campaign_leads_2026-03-23_20-27-04_results.csv; Imported Leads,No,risky,No,,,,,,,,,,,,,,,,,,,,,,,,,,,,,,,,,,,,,,,,,,,,,,,,,,,,,,,,,,,,,,,,,,,,,,,,,Email is valid.,Zoho Mail,mx.zoho.eu,FALSE,,,,,,,,,,,,,,,,,,,,,,,,,,,,No,,,,,,,,,,Smartlead users sheet; SL users validated; campaign_leads_2026-03-23_20-27-04_results - campaign_leads_2026-03-23_20-27-04_results.csv,,,,,,,,,,false,enrich,zoho,"""2026-06-06T10:37:49.685Z""",Zoho Mail,,,,,,,,,
,,philippe@neuraware.fr,,,,,,,,Smartlead users sheet; SL users validated; campaign_leads_2026-03-23_20-27-04_results - campaign_leads_2026-03-23_20-27-04_results.csv; Imported Leads,Yes,deliverable,No,,,,,,,,,,,,,,,,,,,,,,,,,,,,,,,,,,,,,,,,,,,,,,,,,,,,,,,,,,,,,,,,,,,,,,,,,Email is valid.,Google Workspace,SMTP.GOOGLE.COM,FALSE,,,,,,,,,,,,,,,,,,,,,,,,,,,,No,,,,,,,,,,Smartlead users sheet; SL users validated; campaign_leads_2026-03-23_20-27-04_results - campaign_leads_2026-03-23_20-27-04_results.csv,,,,,,,,,,false,enrich,gmail,"""2026-06-06T10:37:49.735Z""",Gmail / Google Workspace,,,,,,,,,
,,info@kingside.ai,,,,,,,,Smartlead users sheet; SL users validated; campaign_leads_2026-03-23_20-27-04_results - campaign_leads_2026-03-23_20-27-04_results.csv; Imported Leads,Yes,deliverable,No,,,,,,,,,,,,,,,,,,,,,,,,,,,,,,,,,,,,,,,,,,,,,,,,,,,,,,,,,,,,2017,Marketing And Advertising,North America,United States,Worcester,Worcester,"Worcester, Massachusetts, United States",1610,Massachusetts,5 Brussels Street 260 B,Kingside,1-10,Private,Email is valid.,Google Workspace,aspmx.l.google.com,FALSE,,,,,,,,,,,,,,,,,,,,,,,,,,,,No,,,,,,,,,,Smartlead users sheet; SL users validated; campaign_leads_2026-03-23_20-27-04_results - campaign_leads_2026-03-23_20-27-04_results.csv,,,,,,,,,,false,enrich,gmail,"""2026-06-06T10:37:49.722Z""",Gmail / Google Workspace,,,,,,,,,
,,james.dressing@motimatic.com,,,,,,,,Smartlead users sheet; SL users validated; campaign_leads_2026-03-23_20-27-04_results - campaign_leads_2026-03-23_20-27-04_results.csv; Imported Leads,Yes,deliverable,No,,,,,,,,,,,,,,,,,,,,,,,,,,,,,,,,,,,,,,,,,,,,,,,,,,,,,,,,,,,facebook.com/motimatic,2015,Internet,North America,United States,Oakland,Oakland,"Oakland, California, United States",94612,California,1939 Harrison Street,Motimatic,51-200,Private,Email is valid.,Google Workspace,aspmx.l.google.com,FALSE,,,,,,,,,,,,,,,,,,,,,,,,,,,,No,,,,,,,,,,Smartlead users sheet; SL users validated; campaign_leads_2026-03-23_20-27-04_results - campaign_leads_2026-03-23_20-27-04_results.csv,,,,,,,,,,false,enrich,gmail,"""2026-06-06T10:37:49.723Z""",Gmail / Google Workspace,,,,,,,,,
,,felix@firefly-growth.com,,,,,,,,Smartlead users sheet; SL users validated; campaign_leads_2026-03-23_20-27-04_results - campaign_leads_2026-03-23_20-27-04_results.csv; Imported Leads,Yes,deliverable,No,,,,,,,,,,,,,,,,,,,,,,,,,,,,,,,,,,,,,,,,,,,,,,,,,,,,,,,,,,,,2023,Information Technology And Services,,,,,,,,,Firefly Growth,1-10,Private,Email is valid.,Google Workspace,smtp.google.com,FALSE,,,,,,,,,,,,,,,,,,,,,,,,,,,,No,,,,,,,,,,Smartlead users sheet; SL users validated; campaign_leads_2026-03-23_20-27-04_results - campaign_leads_2026-03-23_20-27-04_results.csv,,,,,,,,,,false,enrich,gmail,"""2026-06-06T10:37:49.717Z""",Gmail / Google Workspace,,,,,,,,,
,,hello@screenbyai.com,,,,,,,,Smartlead users sheet; SL users validated; campaign_leads_2026-03-23_20-27-04_results - campaign_leads_2026-03-23_20-27-04_results.csv; Imported Leads,Yes,deliverable,No,,,,,,,,,,,,,,,,,,,,,,,,,,,,,,,,,,,,,,,,,,,,,,,,,,,,,,,,,,,,,Internet,,,,,,,,,Screen By Ai - Adaptive Ai Interviewer,1-10,Private,Email is valid.,Google Workspace,aspmx.l.google.com,FALSE,,,,,,,,,,,,,,,,,,,,,,,,,,,,No,,,,,,,,,,Smartlead users sheet; SL users validated; campaign_leads_2026-03-23_20-27-04_results - campaign_leads_2026-03-23_20-27-04_results.csv,,,,,,,,,,false,enrich,gmail,"""2026-06-06T10:37:49.706Z""",Gmail / Google Workspace,,,,,,,,,
,,remy@neople.io,,,,,,,,Smartlead users sheet; SL users validated; campaign_leads_2026-03-23_20-27-04_results - campaign_leads_2026-03-23_20-27-04_results.csv; Imported Leads,Yes,deliverable,No,,,,,,,,,,,,,,,,,,,,,,,,,,,,,,,,,,,,,,,,,,,,,,,,,,,,,,,,,,,,2023,Internet,Europe,Netherlands,Den Bosch,Den Bosch,"Den Bosch, Utrecht, Netherlands",,Utrecht,,Neople,11-50,Private,Email is valid.,Google Workspace,smtp.google.com,FALSE,,,,,,,,,,,,,,,,,,,,,,,,,,,,No,,,,,,,,,,Smartlead users sheet; SL users validated; campaign_leads_2026-03-23_20-27-04_results - campaign_leads_2026-03-23_20-27-04_results.csv,,,,,,,,,,false,enrich,gmail,"""2026-06-06T10:37:49.723Z""",Gmail / Google Workspace,,,,,,,,,
,,mohamad@scaleyoureels.com,,,,,,,,Smartlead users sheet; SL users validated; campaign_leads_2026-03-23_20-27-04_results - campaign_leads_2026-03-23_20-27-04_results.csv; Imported Leads,Yes,deliverable,No,,,,,,,,,,,,,,,,,,,,,,,,,,,,,,,,,,,,,,,,,,,,,,,,,,,,,,,,,,,,,,,,,,,,,,,,,Email is valid.,Google Workspace,aspmx.l.google.com,FALSE,,,,,,,,,,,,,,,,,,,,,,,,,,,,No,,,,,,,,,,Smartlead users sheet; SL users validated; campaign_leads_2026-03-23_20-27-04_results - campaign_leads_2026-03-23_20-27-04_results.csv,,,,,,,,,,false,enrich,gmail,"""2026-06-06T10:37:49.711Z""",Gmail / Google Workspace,,,,,,,,,
,,ali.chaddad@wydin.com,,,,,,,,Smartlead users sheet; SL users validated; campaign_leads_2026-03-23_20-27-04_results - campaign_leads_2026-03-23_20-27-04_results.csv; Imported Leads,No,risky,No,,,,,,,,,,,,,,,,,,,,,,,,,,,,,,,,,,,,,,,,,,,,,,,,,,,,,,,,,,,,,,Europe,France,Paris,Paris,"Paris, Ile-de-france, France",,Ile-de-france,,Wydin,1-10,Private,Email is valid.,Google Workspace,aspmx.l.google.com,FALSE,,,,,,,,,,,,,,,,,,,,,,,,,,,,No,,,,,,,,,,Smartlead users sheet; SL users validated; campaign_leads_2026-03-23_20-27-04_results - campaign_leads_2026-03-23_20-27-04_results.csv,,,,,,,,,,false,enrich,gmail,"""2026-06-06T10:37:49.694Z""",Gmail / Google Workspace,,,,,,,,,
,,service@changemastr.com,,,,,,,,Smartlead users sheet; SL users validated; campaign_leads_2026-03-23_20-27-04_results - campaign_leads_2026-03-23_20-27-04_results.csv; Imported Leads,Yes,deliverable,No,,,,,,,,,,,,,,,,,,,,,,,,,,,,,,,,,,,,,,,,,,,,,,,,,,,,,,,,,,,facebook.com/changemastr,2020,Management Consulting,Europe,Estonia,Tallinn,Tallinn,"Tallinn, Harjumaa, Estonia",,Harjumaa,,Changemastr,1-10,Private,Email is valid.,Google Workspace,aspmx.l.google.com,FALSE,,,,,,,,,,,,,,,,,,,,,,,,,,,,No,,,,,,,,,,Smartlead users sheet; SL users validated; campaign_leads_2026-03-23_20-27-04_results - campaign_leads_2026-03-23_20-27-04_results.csv,,,,,,,,,,false,enrich,gmail,"""2026-06-06T10:37:49.874Z""",Gmail / Google Workspace,,,,,,,,,
,,hello@10xgrow.io,,,,,,,,Smartlead users sheet; SL users validated; campaign_leads_2026-03-23_20-27-04_results - campaign_leads_2026-03-23_20-27-04_results.csv; Imported Leads,Yes,deliverable,No,,,,,,,,,,,,,,,,,,,,,,,,,,,,,,,,,,,,,,,,,,,,,,,,,,,,,,,,,,,,,,,,,,,,,,,,,Email is valid.,Google Workspace,SMTP.GOOGLE.COM,FALSE,,,,,,,,,,,,,,,,,,,,,,,,,,,,No,,,,,,,,,,Smartlead users sheet; SL users validated; campaign_leads_2026-03-23_20-27-04_results - campaign_leads_2026-03-23_20-27-04_results.csv,,,,,,,,,,false,enrich,gmail,"""2026-06-06T10:37:49.723Z""",Gmail / Google Workspace,,,,,,,,,
,,hello@lukasgriffin.com,,,,,,,,Smartlead users sheet; SL users validated; campaign_leads_2026-03-23_20-27-04_results - campaign_leads_2026-03-23_20-27-04_results.csv; Imported Leads,Yes,deliverable,No,,,,,,,,,,,,,,,,,,,,,,,,,,,,,,,,,,,,,,,,,,,,,,,,,,,,,,,,,,,,,,,,,,,,,,,,,Email is valid.,Google Workspace,aspmx.l.google.com,FALSE,,,,,,,,,,,,,,,,,,,,,,,,,,,,No,,,,,,,,,,Smartlead users sheet; SL users validated; campaign_leads_2026-03-23_20-27-04_results - campaign_leads_2026-03-23_20-27-04_results.csv,,,,,,,,,,false,enrich,gmail,"""2026-06-06T10:37:49.770Z""",Gmail / Google Workspace,,,,,,,,,
Himran,Zerhouni,himran.zerhouni@lead-hunterz.com,Lead Hunterz,Co-founder,,,,,,Smartlead users sheet; SL users validated; campaign_leads_2026-03-23_20-27-04_results - campaign_leads_2026-03-23_20-27-04_results.csv; Imported Leads,Yes,deliverable,No,,,,,https://lead-hunterz.com,,,,,,,,,,,,,,,,,,,,,"Dubai, Dubai, United Arab Emirates",https://media.licdn.com/dms/image/v2/D560BAQEZIfHAJCJfBw/company-logo_100_100/B56Z1DhqkeH8AQ-/0/1774954393548/lead_hunterz_logo?e=1776902400&v=beta&t=bltpkWOddKopaAsT0dZIHF10C1j5BHxNdjF8gO0gXDU,,,,,https://www.linkedin.com/company/99264399,,,,,,,3,,2026-04-01T11:44:00.872Z,,,,,,,,Business Consulting and Services,,,,,,,,,,,,,,,,,,,,,,,,,,,,"Dubai, United Arab Emirates",,,,,,,urn:li:member:568728319,false,,,,,,,,,,false,https://media.licdn.com/dms/image/v2/D4D03AQFKXL1u1YTtLQ/profile-displayphoto-shrink_100_100/B4DZW0wTHpHAAc-/0/1742494315589?e=1776902400&v=beta&t=uIbJUGZ-RyJTxqQj_ZBNzYBiXqGH9AZ-DZfly8kT_aI,https://www.linkedin.com/in/ACwAACHmGv8BgpqYVjHwhzP9xtOb70Wq5ucBDlU,,,,,false,,,,,,,Follows your company; Recently hired,,,,,,,,1 yr 8 mos,,,,,,,false,enrich,gmail,"""2026-06-06T10:37:49.688Z""",Gmail / Google Workspace,,,,,,,,,
,,elliottmurraycontact@gmail.com,,,,,,,,Smartlead users sheet; SL users validated; campaign_leads_2026-03-23_20-27-04_results - campaign_leads_2026-03-23_20-27-04_results.csv; Imported Leads,No,risky,No,,,,,,,,,,,,,,,,,,,,,,,,,,,,,,,,,,,,,,,,,,,,,,,,,,,,,,,,,,,,,,,,,,,,,,,,,Email is valid.,Google Workspace,gmail-smtp-in.l.google.com,FALSE,,,,,,,,,,,,,,,,,,,,,,,,,,,,No,,,,,,,,,,Smartlead users sheet; SL users validated; campaign_leads_2026-03-23_20-27-04_results - campaign_leads_2026-03-23_20-27-04_results.csv,,,,,,,,,,false,enrich,gmail,"""2026-06-06T10:37:49.559Z""",Gmail / Google Workspace,,,,,,,,,
,,akin@buzzfile.com,,,,,,,,Smartlead users sheet; SL users validated; campaign_leads_2026-03-23_20-27-04_results - campaign_leads_2026-03-23_20-27-04_results.csv; Imported Leads,Yes,deliverable,No,,,,,,,,,,,,,,,,,,,,,,,,,,,,,,,,,,,,,,,,,,,,,,,,,,,,,,,,,,,,2008,Computer & Network Security,North America,United States,Young Harris,Young Harris,"Young Harris, Georgia, United States",30582,Georgia,2325 Calvary School Road,Ms Computers,1-10,Private,Email is valid.,Google Workspace,alt1.aspmx.l.google.com,FALSE,,,,,,,,,,,,,,,,,,,,,,,,,,,,No,,,,,,,,,,Smartlead users sheet; SL users validated; campaign_leads_2026-03-23_20-27-04_results - campaign_leads_2026-03-23_20-27-04_results.csv,,,,,,,,,,false,enrich,gmail,"""2026-06-06T10:37:49.727Z""",Gmail / Google Workspace,,,,,,,,,
,,mvandooren@wx.agency,,,,,,,,Smartlead users sheet; SL users validated; campaign_leads_2026-03-23_20-27-04_results - campaign_leads_2026-03-23_20-27-04_results.csv; Imported Leads,Yes,deliverable,No,,,,,,,,,,,,,,,,,,,,,,,,,,,,,,,,,,,,,,,,,,,,,,,,,,,,,,,,,,,facebook.com/wx.agency,2014,Information Technology And Services,North America,Panama,Panama,Panama,"Panama, Panama, Panama",00-507,Panama,,Wx Digital Agency,11-50,Private,Email is valid.,Google Workspace,aspmx.l.google.com,FALSE,,,,,,,,,,,,,,,,,,,,,,,,,,,,No,,,,,,,,,,Smartlead users sheet; SL users validated; campaign_leads_2026-03-23_20-27-04_results - campaign_leads_2026-03-23_20-27-04_results.csv,,,,,,,,,,false,enrich,gmail,"""2026-06-06T10:37:49.702Z""",Gmail / Google Workspace,,,,,,,,,
,,sebastian@marketing-fundamentals.com,,,,,,,,Smartlead users sheet; SL users validated; campaign_leads_2026-03-23_20-27-04_results - campaign_leads_2026-03-23_20-27-04_results.csv; Imported Leads,Yes,deliverable,No,,,,,,,,,,,,,,,,,,,,,,,,,,,,,,,,,,,,,,,,,,,,,,,,,,,,,,,,,,,,2018,Marketing And Advertising,Europe,Germany,Augsburg,Augsburg,"Augsburg, Bavaria, Germany",,Bavaria,,⚡ Marketing Fundamentals - Serverside Tracking 2.0 & Performence Dashboards,1-10,Private,Email is valid.,Google Workspace,aspmx.l.google.com,FALSE,,,,,,,,,,,,,,,,,,,,,,,,,,,,No,,,,,,,,,,Smartlead users sheet; SL users validated; campaign_leads_2026-03-23_20-27-04_results - campaign_leads_2026-03-23_20-27-04_results.csv,,,,,,,,,,false,enrich,gmail,"""2026-06-06T10:37:49.753Z""",Gmail / Google Workspace,,,,,,,,,
,,maciej.ciesielski@imaggo.pl,,,,,,,,Smartlead users sheet; SL users validated; campaign_leads_2026-03-23_20-27-04_results - campaign_leads_2026-03-23_20-27-04_results.csv; Imported Leads,Yes,deliverable,No,,,,,,,,,,,,,,,,,,,,,,,,,,,,,,,,,,,,,,,,,,,,,,,,,,,,,,,,,,,facebook.com/imaggopl,2014,Marketing And Advertising,Europe,Poland,Pomorskie,Pomorskie,"Pomorskie, West Pomerania, Poland",,West Pomerania,,Imaggo,11-50,Private,Email is valid.,Google Workspace,alt3.aspmx.l.google.com,FALSE,,,,,,,,,,,,,,,,,,,,,,,,,,,,No,,,,,,,,,,Smartlead users sheet; SL users validated; campaign_leads_2026-03-23_20-27-04_results - campaign_leads_2026-03-23_20-27-04_results.csv,,,,,,,,,,false,enrich,gmail,"""2026-06-06T10:37:49.724Z""",Gmail / Google Workspace,,,,,,,,,
,,adrien@intuitionlabs.ai,,,,,,,,Smartlead users sheet; SL users validated; campaign_leads_2026-03-23_20-27-04_results - campaign_leads_2026-03-23_20-27-04_results.csv; Imported Leads,Yes,deliverable,No,,,,,,,,,,,,,,,,,,,,,,,,,,,,,,,,,,,,,,,,,,,,,,,,,,,,,,,,,,,,2023,Computer Software,North America,United States,San Jose,San Jose,"San Jose, California, United States",95008,California,,Intuitionlabs,1-10,Private,Email is valid.,Google Workspace,aspmx.l.google.com,FALSE,,,,,,,,,,,,,,,,,,,,,,,,,,,,No,,,,,,,,,,Smartlead users sheet; SL users validated; campaign_leads_2026-03-23_20-27-04_results - campaign_leads_2026-03-23_20-27-04_results.csv,,,,,,,,,,false,enrich,gmail,"""2026-06-06T10:37:49.703Z""",Gmail / Google Workspace,,,,,,,,,
,,ir@venturebridgeadvisors.com,,,,,,,,Smartlead users sheet; SL users validated; campaign_leads_2026-03-23_20-27-04_results - campaign_leads_2026-03-23_20-27-04_results.csv; Imported Leads,Yes,deliverable,No,,,,,,,,,,,,,,,,,,,,,,,,,,,,,,,,,,,,,,,,,,,,,,,,,,,,,,,,,,,,,,,,,,,,,,,,,Email is valid.,Google Workspace,smtp.google.com,FALSE,,,,,,,,,,,,,,,,,,,,,,,,,,,,No,,,,,,,,,,Smartlead users sheet; SL users validated; campaign_leads_2026-03-23_20-27-04_results - campaign_leads_2026-03-23_20-27-04_results.csv,,,,,,,,,,false,enrich,gmail,"""2026-06-06T10:37:49.737Z""",Gmail / Google Workspace,,,,,,,,,
,,philippine@ze-wall.com,,,,,,,,Smartlead users sheet; SL users validated; campaign_leads_2026-03-23_20-27-04_results - campaign_leads_2026-03-23_20-27-04_results.csv; Imported Leads,No,risky,No,,,,,,,,,,,,,,,,,,,,,,,,,,,,,,,,,,,,,,,,,,,,,,,,,,,,,,,,,,,,,Events Services,,,,,,,,,Le Mur Interactif By Digi-sports,1-10,Private,Email is valid.,,mx00.ionos.fr,FALSE,,,,,,,,,,,,,,,,,,,,,,,,,,,,No,,,,,,,,,,Smartlead users sheet; SL users validated; campaign_leads_2026-03-23_20-27-04_results - campaign_leads_2026-03-23_20-27-04_results.csv,,,,,,,,,,false,enrich,other,"""2026-06-06T10:37:49.952Z""",Other,,,,,,,,,
,,thibault@agenceclic.com,,,,,,,,Smartlead users sheet; SL users validated; campaign_leads_2026-03-23_20-27-04_results - campaign_leads_2026-03-23_20-27-04_results.csv; Imported Leads,No,undeliverable,No,,,,,,,,,,,,,,,,,,,,,,,,,,,,,,,,,,,,,,,,,,,,,,,,,,,,,,,,,,,facebook.com/formatch1,2019,Internet,Europe,France,Bordeaux,Bordeaux,"Bordeaux, Nouvelle-aquitaine, France",,Nouvelle-aquitaine,,Clic,1-10,Private,Email is valid.,Google Workspace,aspmx.l.google.com,FALSE,,,,,,,,,,,,,,,,,,,,,,,,,,,,No,,,,,,,,,,Smartlead users sheet; SL users validated; campaign_leads_2026-03-23_20-27-04_results - campaign_leads_2026-03-23_20-27-04_results.csv,,,,,,,,,,false,enrich,gmail,"""2026-06-06T10:37:49.698Z""",Gmail / Google Workspace,,,,,,,,,
,,system@amzallstars.ph,,,,,,,,Smartlead users sheet; SL users validated; campaign_leads_2026-03-23_20-27-04_results - campaign_leads_2026-03-23_20-27-04_results.csv; Imported Leads,Yes,deliverable,No,,,,,,,,,,,,,,,,,,,,,,,,,,,,,,,,,,,,,,,,,,,,,,,,,,,,,,,,,,,,2018,Internet,Asia,Philippines,Capital,Capital,"Capital, Quezon City, Philippines",,Quezon City,,Amz-allstars,201-500,Private,Email is valid.,Google Workspace,aspmx.l.google.com,FALSE,,,,,,,,,,,,,,,,,,,,,,,,,,,,No,,,,,,,,,,Smartlead users sheet; SL users validated; campaign_leads_2026-03-23_20-27-04_results - campaign_leads_2026-03-23_20-27-04_results.csv,,,,,,,,,,false,enrich,gmail,"""2026-06-06T10:37:49.736Z""",Gmail / Google Workspace,,,,,,,,,
,,admin@amun.consulting,,,,,,,,Smartlead users sheet; SL users validated; campaign_leads_2026-03-23_20-27-04_results - campaign_leads_2026-03-23_20-27-04_results.csv; Imported Leads,Yes,deliverable,No,,,,,,,,,,,,,,,,,,,,,,,,,,,,,,,,,,,,,,,,,,,,,,,,,,,,,,,,,,,,,,,,,,,,,,,,,Email is valid.,Google Workspace,aspmx.l.google.com,FALSE,,,,,,,,,,,,,,,,,,,,,,,,,,,,No,,,,,,,,,,Smartlead users sheet; SL users validated; campaign_leads_2026-03-23_20-27-04_results - campaign_leads_2026-03-23_20-27-04_results.csv,,,,,,,,,,false,enrich,gmail,"""2026-06-06T10:37:49.701Z""",Gmail / Google Workspace,,,,,,,,,
,,menno@wingm.io,,,,,,,,Smartlead users sheet; SL users validated; campaign_leads_2026-03-23_20-27-04_results - campaign_leads_2026-03-23_20-27-04_results.csv; Imported Leads,Yes,deliverable,No,,,,,,,,,,,,,,,,,,,,,,,,,,,,,,,,,,,,,,,,,,,,,,,,,,,,,,,,,,,,2023,Marketing And Advertising,Europe,Netherlands,Amsterdam,Amsterdam,"Amsterdam, North Holland, Netherlands",1012 nx,North Holland,2 Gapersteeg,Wingm,11-50,Private,Email is valid.,Google Workspace,aspmx.l.google.com,FALSE,,,,,,,,,,,,,,,,,,,,,,,,,,,,No,,,,,,,,,,Smartlead users sheet; SL users validated; campaign_leads_2026-03-23_20-27-04_results - campaign_leads_2026-03-23_20-27-04_results.csv,,,,,,,,,,false,enrich,gmail,"""2026-06-06T10:37:49.723Z""",Gmail / Google Workspace,,,,,,,,,
,,dexter@mindset.ai,,,,,,,,Smartlead users sheet; SL users validated; campaign_leads_2026-03-23_20-27-04_results - campaign_leads_2026-03-23_20-27-04_results.csv; Imported Leads,No,undeliverable,No,,,,,,,,,,,,,,,,,,,,,,,,,,,,,,,,,,,,,,,,,,,,,,,,,,,,,,,,,,,,2020,Computer Software,Europe,United Kingdom,London,London,"London, England, United Kingdom",,England,,Mindset Ai,11-50,Private,Email is valid.,Google Workspace,aspmx.l.google.com,FALSE,,,,,,,,,,,,,,,,,,,,,,,,,,,,No,,,,,,,,,,Smartlead users sheet; SL users validated; campaign_leads_2026-03-23_20-27-04_results - campaign_leads_2026-03-23_20-27-04_results.csv,,,,,,,,,,false,enrich,gmail,"""2026-06-06T10:37:49.722Z""",Gmail / Google Workspace,,,,,,,,,
,,kenclarkson@komodoleads.com,,,,,,,,Smartlead users sheet; SL users validated; campaign_leads_2026-03-23_20-27-04_results - campaign_leads_2026-03-23_20-27-04_results.csv; Imported Leads,Yes,deliverable,No,,,,,,,,,,,,,,,,,,,,,,,,,,,,,,,,,,,,,,,,,,,,,,,,,,,,,,,,,,,,,,,,,,,,,,,,,Email is valid.,Google Workspace,aspmx.l.google.com,FALSE,,,,,,,,,,,,,,,,,,,,,,,,,,,,No,,,,,,,,,,Smartlead users sheet; SL users validated; campaign_leads_2026-03-23_20-27-04_results - campaign_leads_2026-03-23_20-27-04_results.csv,,,,,,,,,,false,enrich,gmail,"""2026-06-06T10:37:49.685Z""",Gmail / Google Workspace,,,,,,,,,
,,matt@forcatechagency.com,,,,,,,,Smartlead users sheet; SL users validated; campaign_leads_2026-03-23_20-27-04_results - campaign_leads_2026-03-23_20-27-04_results.csv; Imported Leads,Yes,deliverable,No,,,,,,,,,,,,,,,,,,,,,,,,,,,,,,,,,,,,,,,,,,,,,,,,,,,,,,,,,,,,,,,,,,,,,,,,,Email is valid.,Google Workspace,smtp.google.com,FALSE,,,,,,,,,,,,,,,,,,,,,,,,,,,,No,,,,,,,,,,Smartlead users sheet; SL users validated; campaign_leads_2026-03-23_20-27-04_results - campaign_leads_2026-03-23_20-27-04_results.csv,,,,,,,,,,false,enrich,gmail,"""2026-06-06T10:37:49.758Z""",Gmail / Google Workspace,,,,,,,,,
,,anas@mynd.app,,,,,,,,Smartlead users sheet; SL users validated; campaign_leads_2026-03-23_20-27-04_results - campaign_leads_2026-03-23_20-27-04_results.csv; Imported Leads,Yes,deliverable,No,,,,,,,,,,,,,,,,,,,,,,,,,,,,,,,,,,,,,,,,,,,,,,,,,,,,,,,,,,,,,Computer Software,,,,,,,,,Mynd,1-10,Private,Email is valid.,Google Workspace,aspmx.l.google.com,FALSE,,,,,,,,,,,,,,,,,,,,,,,,,,,,No,,,,,,,,,,Smartlead users sheet; SL users validated; campaign_leads_2026-03-23_20-27-04_results - campaign_leads_2026-03-23_20-27-04_results.csv,,,,,,,,,,false,enrich,gmail,"""2026-06-06T10:37:49.707Z""",Gmail / Google Workspace,,,,,,,,,
,,henry@recursoftware.com,,,,,,,,Smartlead users sheet; SL users validated; campaign_leads_2026-03-23_20-27-04_results - campaign_leads_2026-03-23_20-27-04_results.csv; Imported Leads,Yes,deliverable,No,,,,,10,,117.31,,,,,,,,,,,,,,,,,,,,,,,,,,,,,,,,,,,30,,,,,2026-01,0.00,,0.00,,,,,,,,,,,Computer Software,,,,,,,,,Recur Software,1-10,Private,Email is valid.,Google Workspace,aspmx.l.google.com,FALSE,,,,,,5,,,,,,,,,,,none,none,,,,,,,,,,No,,,,,,,,0.00,,Smartlead users sheet; SL users validated; campaign_leads_2026-03-23_20-27-04_results - campaign_leads_2026-03-23_20-27-04_results.csv,,Nano Star,,9,0.00,586.53,,586.53,0.00,false,enrich,gmail,"""2026-06-06T10:37:49.733Z""",Gmail / Google Workspace,,,,,,,,,
,,info@practiceboost.com.au,,,,,,,,Smartlead users sheet; SL users validated; campaign_leads_2026-03-23_20-27-04_results - campaign_leads_2026-03-23_20-27-04_results.csv; Imported Leads,Yes,deliverable,No,,,,,,,,,,,,,,,,,,,,,,,,,,,,,,,,,,,,,,,,,,,,,,,,,,,,,,,,,,,,,Marketing And Advertising,Oceania,Australia,Sydney,Sydney,"Sydney, New South Wales, Australia",,New South Wales,,Practice Boost,1-10,Private,Email is valid.,Google Workspace,aspmx.l.google.com,FALSE,,,,,,,,,,,,,,,,,,,,,,,,,,,,No,,,,,,,,,,Smartlead users sheet; SL users validated; campaign_leads_2026-03-23_20-27-04_results - campaign_leads_2026-03-23_20-27-04_results.csv,,,,,,,,,,false,enrich,gmail,"""2026-06-06T10:37:49.883Z""",Gmail / Google Workspace,,,,,,,,,
,,devtools@postsunday.com,,,,,,,,Smartlead users sheet; SL users validated; campaign_leads_2026-03-23_20-27-04_results - campaign_leads_2026-03-23_20-27-04_results.csv; Imported Leads,Yes,deliverable,No,,,,,,,,,,,,,,,,,,,,,,,,,,,,,,,,,,,,,,,,,,,,,,,,,,,,,,,,,,,,,,,,,,,,,,,,,Email is valid.,Google Workspace,aspmx.l.google.com,FALSE,,,,,,,,,,,,,,,,,,,,,,,,,,,,No,,,,,,,,,,Smartlead users sheet; SL users validated; campaign_leads_2026-03-23_20-27-04_results - campaign_leads_2026-03-23_20-27-04_results.csv,,,,,,,,,,false,enrich,gmail,"""2026-06-06T10:37:49.685Z""",Gmail / Google Workspace,,,,,,,,,
,,kathryn.porritt@iconicinfluencers.com,,,,,,,,Smartlead users sheet; SL users validated; campaign_leads_2026-03-23_20-27-04_results - campaign_leads_2026-03-23_20-27-04_results.csv; Imported Leads,Yes,deliverable,No,,,,,,,,,,,,,,,,,,,,,,,,,,,,,,,,,,,,,,,,,,,,,,,,,,,,,,,,,,,,,Marketing And Advertising,,,,,,,,,Iconic Influencers,11-50,Private,Email is valid.,Google Workspace,aspmx.l.google.com,FALSE,,,,,,,,,,,,,,,,,,,,,,,,,,,,No,,,,,,,,,,Smartlead users sheet; SL users validated; campaign_leads_2026-03-23_20-27-04_results - campaign_leads_2026-03-23_20-27-04_results.csv,,,,,,,,,,false,enrich,gmail,"""2026-06-06T10:37:49.713Z""",Gmail / Google Workspace,,,,,,,,,
Clance,Hoskin,clance@developerlabs.ai,Developer Labs AI,Founder,,Bellevue,Washington,United States,https://www.linkedin.com/in/clance-hoskin-340386161/,Smartlead users sheet; SL users validated; campaign_leads_2026-03-23_20-27-04_results - campaign_leads_2026-03-23_20-27-04_results.csv; Imported Leads,Yes,deliverable,No,,,,,developerlabs.ai,,,,,,,,,,,,,,,,,,,,,,,,,,,,,,,,,,,,,,,,,,,,,,,,,,,,,,,,,,,,,,,,,,,,,,,,"Bellevue, Washington, United States",gmail,"""2026-03-31T21:06:36.418Z""",Google Workspace,,,,,,,,,,,,,,,,,,,,,,,,No,No,,,,,,,,,Smartlead users sheet; SL users validated; campaign_leads_2026-03-23_20-27-04_results - campaign_leads_2026-03-23_20-27-04_results.csv; Imported Leads,instantly userbase- enriched from enrich.so; AI SDR; Imported Leads; SL Users,,,,,,,,,false,enrich,gmail,"""2026-06-06T10:37:49.700Z""",Gmail / Google Workspace,,,,,,,,,
,,simeonvkm@prospectlab.nl,,,,,,,,Smartlead users sheet; SL users validated; campaign_leads_2026-03-23_20-27-04_results - campaign_leads_2026-03-23_20-27-04_results.csv; Imported Leads,Yes,deliverable,No,,,,,,,,,,,,,,,,,,,,,,,,,,,,,,,,,,,,,,,,,,,,,,,,,,,,,,,,,,,,,,,,,,,,,,,,,Email is valid.,Google Workspace,smtp.google.com,FALSE,,,,,,,,,,,,,,,,,,,,,,,,,,,,No,,,,,,,,,,Smartlead users sheet; SL users validated; campaign_leads_2026-03-23_20-27-04_results - campaign_leads_2026-03-23_20-27-04_results.csv,,,,,,,,,,false,enrich,gmail,"""2026-06-06T10:37:49.905Z""",Gmail / Google Workspace,,,,,,,,,
,,sean@exec.com,,,,,,,,Smartlead users sheet; SL users validated; campaign_leads_2026-03-23_20-27-04_results - campaign_leads_2026-03-23_20-27-04_results.csv; Imported Leads,Yes,deliverable,No,,,,,,,,,,,,,,,,,,,,,,,,,,,,,,,,,,,,,,,,,,,,,,,,,,,,,,,,,,,,2019,Internet,North America,United States,San Francisco,San Francisco,"San Francisco, California, United States",94133,California,90 Gold Street,Exec,11-50,Private,Email is valid.,Google Workspace,aspmx.l.google.com,FALSE,,,,,,,,,,,,,,,,,,,,,,,,,,,,No,,,,,,,,,,Smartlead users sheet; SL users validated; campaign_leads_2026-03-23_20-27-04_results - campaign_leads_2026-03-23_20-27-04_results.csv,,,,,,,,,,false,enrich,gmail,"""2026-06-06T10:37:49.884Z""",Gmail / Google Workspace,,,,,,,,,
,,sarah.li@centurioncreativetalent.com,,,,,,,,Smartlead users sheet; SL users validated; campaign_leads_2026-03-23_20-27-04_results - campaign_leads_2026-03-23_20-27-04_results.csv; Imported Leads,Yes,deliverable,No,,,,,,,,,,,,,,,,,,,,,,,,,,,,,,,,,,,,,,,,,,,,,,,,,,,,,,,,,,,,,,,,,,,,,,,,,Email is valid.,Google Workspace,aspmx.l.google.com,FALSE,,,,,,,,,,,,,,,,,,,,,,,,,,,,No,,,,,,,,,,Smartlead users sheet; SL users validated; campaign_leads_2026-03-23_20-27-04_results - campaign_leads_2026-03-23_20-27-04_results.csv,,,,,,,,,,false,enrich,gmail,"""2026-06-06T10:37:49.701Z""",Gmail / Google Workspace,,,,,,,,,
,,towel@wring.co,,,,,,,,Smartlead users sheet; SL users validated; campaign_leads_2026-03-23_20-27-04_results - campaign_leads_2026-03-23_20-27-04_results.csv; Imported Leads,Yes,deliverable,No,,,,,,,,,,,,,,,,,,,,,,,,,,,,,,,,,,,,,,,,,,,,,,,,,,,,,,,,,,,,,,,,,,,,,,,,,Email is valid.,Google Workspace,aspmx.l.google.com,FALSE,,,,,,,,,,,,,,,,,,,,,,,,,,,,No,,,,,,,,,,Smartlead users sheet; SL users validated; campaign_leads_2026-03-23_20-27-04_results - campaign_leads_2026-03-23_20-27-04_results.csv,,,,,,,,,,false,enrich,gmail,"""2026-06-06T10:37:49.743Z""",Gmail / Google Workspace,,,,,,,,,
,,stan@prismaticsoftware.com,,,,,,,,Smartlead users sheet; SL users validated; campaign_leads_2026-03-23_20-27-04_results - campaign_leads_2026-03-23_20-27-04_results.csv; Imported Leads,Yes,deliverable,No,,,,,,,,,,,,,,,,,,,,,,,,,,,,,,,,,,,,,,,,,,,,,,,,,,,,,,,,,,,,,Computer Software,North America,United States,New York,New York,"New York, New York, United States",,New York,,Prismatic,11-50,Private,Email is valid.,Google Workspace,smtp.google.com,FALSE,,,,,,,,,,,,,,,,,,,,,,,,,,,,No,,,,,,,,,,Smartlead users sheet; SL users validated; campaign_leads_2026-03-23_20-27-04_results - campaign_leads_2026-03-23_20-27-04_results.csv,,,,,,,,,,false,enrich,gmail,"""2026-06-06T10:37:49.684Z""",Gmail / Google Workspace,,,,,,,,,
,,admin@zoeeventsdmv.com,,,,,,,,Smartlead users sheet; SL users validated; campaign_leads_2026-03-23_20-27-04_results - campaign_leads_2026-03-23_20-27-04_results.csv; Imported Leads,Yes,deliverable,No,,,,,,,,,,,,,,,,,,,,,,,,,,,,,,,,,,,,,,,,,,,,,,,,,,,,,,,,,,,,,,,,,,,,,,,,,Email is valid.,Google Workspace,aspmx.l.google.com,FALSE,,,,,,,,,,,,,,,,,,,,,,,,,,,,No,,,,,,,,,,Smartlead users sheet; SL users validated; campaign_leads_2026-03-23_20-27-04_results - campaign_leads_2026-03-23_20-27-04_results.csv,,,,,,,,,,false,enrich,gmail,"""2026-06-06T10:37:49.705Z""",Gmail / Google Workspace,,,,,,,,,
,,jill@cherrypickedwebco.com,,,,,,,,Smartlead users sheet; SL users validated; campaign_leads_2026-03-23_20-27-04_results - campaign_leads_2026-03-23_20-27-04_results.csv; Imported Leads,Yes,deliverable,No,,,,,,,,,,,,,,,,,,,,,,,,,,,,,,,,,,,,,,,,,,,,,,,,,,,,,,,,,,,,,,,,,,,,,,,,,Email is valid.,Google Workspace,aspmx.l.google.com,FALSE,,,,,,,,,,,,,,,,,,,,,,,,,,,,No,,,,,,,,,,Smartlead users sheet; SL users validated; campaign_leads_2026-03-23_20-27-04_results - campaign_leads_2026-03-23_20-27-04_results.csv,,,,,,,,,,false,enrich,gmail,"""2026-06-06T10:37:49.719Z""",Gmail / Google Workspace,,,,,,,,,
,,nikolaos.ntemos@gmail.com,,,,,,,,Smartlead users sheet; SL users validated; campaign_leads_2026-03-23_20-27-04_results - campaign_leads_2026-03-23_20-27-04_results.csv; Imported Leads,No,risky,No,,,,,,,,,,,,,,,,,,,,,,,,,,,,,,,,,,,,,,,,,,,,,,,,,,,,,,,,,,,,,,,,,,,,,,,,,Email is valid.,Google Workspace,gmail-smtp-in.l.google.com,FALSE,,,,,,,,,,,,,,,,,,,,,,,,,,,,No,,,,,,,,,,Smartlead users sheet; SL users validated; campaign_leads_2026-03-23_20-27-04_results - campaign_leads_2026-03-23_20-27-04_results.csv,,,,,,,,,,false,enrich,gmail,"""2026-06-06T10:37:49.559Z""",Gmail / Google Workspace,,,,,,,,,
,,info@risereignrule.com,,,,,,,,Smartlead users sheet; SL users validated; campaign_leads_2026-03-23_20-27-04_results - campaign_leads_2026-03-23_20-27-04_results.csv; Imported Leads,Yes,deliverable,No,,,,,,,,,,,,,,,,,,,,,,,,,,,,,,,,,,,,,,,,,,,,,,,,,,,,,,,,,,,,2019,Professional Training & Coaching,,,,,,,,,Rise Reign Rule,1-10,Private,Email is valid.,Google Workspace,aspmx.l.google.com,FALSE,,,,,,,,,,,,,,,,,,,,,,,,,,,,No,,,,,,,,,,Smartlead users sheet; SL users validated; campaign_leads_2026-03-23_20-27-04_results - campaign_leads_2026-03-23_20-27-04_results.csv,,,,,,,,,,false,enrich,gmail,"""2026-06-06T10:37:49.732Z""",Gmail / Google Workspace,,,,,,,,,
,,accounting@leadcookie.com,,,,,,,,Smartlead users sheet; SL users validated; campaign_leads_2026-03-23_20-27-04_results - campaign_leads_2026-03-23_20-27-04_results.csv; Imported Leads,Yes,deliverable,No,,,,,,,,,,,,,,,,,,,,,,,,,,,,,,,,,,,,,,,,,,,,,,,,,,,,,,,,,,,facebook.com/leadcookie,2017,Marketing And Advertising,North America,United States,Colorado Springs,Colorado Springs,"Colorado Springs, Colorado, United States",80920,Colorado,3472 Research Parkway,Lead Cookie,11-50,Private,Email is valid.,Google Workspace,aspmx.l.google.com,FALSE,,,,,,,,,,,,,,,,,,,,,,,,,,,,No,,,,,,,,,,Smartlead users sheet; SL users validated; campaign_leads_2026-03-23_20-27-04_results - campaign_leads_2026-03-23_20-27-04_results.csv,,,,,,,,,,false,enrich,gmail,"""2026-06-06T10:37:49.700Z""",Gmail / Google Workspace,,,,,,,,,
Adam,Brochetti,adam@spartanendeavors.com,,,,,,,https://www.linkedin.com/in/adam-brochetti/,Smartlead users sheet; SL users validated; campaign_leads_2026-03-23_20-27-04_results - campaign_leads_2026-03-23_20-27-04_results.csv; Imported Leads,No,risky,No,,,,,,,,,,,,,,,,,,,,,,,,,,,,,,,,,,,,,,,,,,,,,,,,,,,,,,,,,,,,2012,Marketing And Advertising,North America,United States,Bedford,Bedford,"Bedford, Texas, United States",76021,Texas,1901 Central Drive,"Spartan Endeavors, Inc.",11-50,Private,Email is valid.,Google Workspace,aspmx.l.google.com,FALSE,,gmail,"""2026-03-31T21:06:52.559Z""",Google Workspace,,,,,,,,,,,,,,,,,,,,,,,,No,No,,,,,,,,,Smartlead users sheet; SL users validated; campaign_leads_2026-03-23_20-27-04_results - campaign_leads_2026-03-23_20-27-04_results.csv; Imported Leads,Smartlead users sheet; SL users validated; campaign_leads_2026-03-23_20-27-04_results - campaign_leads_2026-03-23_20-27-04_results.csv,,,,,,,,,false,enrich,gmail,"""2026-06-06T10:37:49.688Z""",Gmail / Google Workspace,,,,,,,,,
,,collin@fastmarkit.com,,,,,,,,Smartlead users sheet; SL users validated; campaign_leads_2026-03-23_20-27-04_results - campaign_leads_2026-03-23_20-27-04_results.csv; Imported Leads,Yes,deliverable,No,,,,,,,,,,,,,,,,,,,,,,,,,,,,,,,,,,,,,,,,,,,,,,,,,,,,,,,,,,,facebook.com/fastmarkit,2011,Marketing And Advertising,North America,United States,Boulder,Boulder,"Boulder, Colorado, United States",80302,Colorado,1919 14th Street,Fastmarkit,1-10,Private,Email is valid.,Google Workspace,aspmx.l.google.com,FALSE,,,,,,,,,,,,,,,,,,,,,,,,,,,,No,,,,,,,,,,Smartlead users sheet; SL users validated; campaign_leads_2026-03-23_20-27-04_results - campaign_leads_2026-03-23_20-27-04_results.csv,,,,,,,,,,false,enrich,gmail,"""2026-06-06T10:37:49.711Z""",Gmail / Google Workspace,,,,,,,,,
,,kelly@leadcookie.com,,,,,,,,Smartlead users sheet; SL users validated; campaign_leads_2026-03-23_20-27-04_results - campaign_leads_2026-03-23_20-27-04_results.csv; Imported Leads,Yes,deliverable,No,,,,,,,,,,,,,,,,,,,,,,,,,,,,,,,,,,,,,,,,,,,,,,,,,,,,,,,,,,,facebook.com/leadcookie,2017,Marketing And Advertising,North America,United States,Colorado Springs,Colorado Springs,"Colorado Springs, Colorado, United States",80920,Colorado,3472 Research Parkway,Lead Cookie,11-50,Private,Email is valid.,Google Workspace,aspmx.l.google.com,FALSE,,,,,,,,,,,,,,,,,,,,,,,,,,,,No,,,,,,,,,,Smartlead users sheet; SL users validated; campaign_leads_2026-03-23_20-27-04_results - campaign_leads_2026-03-23_20-27-04_results.csv,,,,,,,,,,false,enrich,gmail,"""2026-06-06T10:37:49.700Z""",Gmail / Google Workspace,,,,,,,,,
,,olivia.mariani@saltbox.com,,,,,,,,Smartlead users sheet; SL users validated; campaign_leads_2026-03-23_20-27-04_results - campaign_leads_2026-03-23_20-27-04_results.csv; Imported Leads,Yes,deliverable,No,,,,,,,,,,,,,,,,,,,,,,,,,,,,,,,,,,,,,,,,,,,,,,,,,,,,,,,,,,,facebook.com/joinsaltbox,2019,Warehousing,North America,United States,Atlanta,Atlanta,"Atlanta, Georgia, United States",30318,Georgia,1345 Seaboard Industrial Boulevard Northwest,Saltbox,51-200,Private,Email is valid.,Google Workspace,aspmx.l.google.com,FALSE,,,,,,,,,,,,,,,,,,,,,,,,,,,,No,,,,,,,,,,Smartlead users sheet; SL users validated; campaign_leads_2026-03-23_20-27-04_results - campaign_leads_2026-03-23_20-27-04_results.csv,,,,,,,,,,false,enrich,gmail,"""2026-06-06T10:37:49.730Z""",Gmail / Google Workspace,,,,,,,,,
,,aidan@lead-spot.net,,,,,,,,Smartlead users sheet; SL users validated; campaign_leads_2026-03-23_20-27-04_results - campaign_leads_2026-03-23_20-27-04_results.csv; Imported Leads,Yes,deliverable,No,,,,,,,,,,,,,,,,,,,,,,,,,,,,,,,,,,,,,,,,,,,,,,,,,,,,,,,,,,,,2023,Marketing And Advertising,North America,United States,Quincy,Quincy,"Quincy, Massachusetts, United States",2171,Massachusetts,,Leadspot,1-10,Private,Email is valid.,Google Workspace,aspmx.l.google.com,FALSE,,,,,,,,,,,,,,,,,,,,,,,,,,,,No,,,,,,,,,,Smartlead users sheet; SL users validated; campaign_leads_2026-03-23_20-27-04_results - campaign_leads_2026-03-23_20-27-04_results.csv,,,,,,,,,,false,enrich,gmail,"""2026-06-06T10:37:49.720Z""",Gmail / Google Workspace,,,,,,,,,
,,alice@merchpier.com,,,,,,,,Smartlead users sheet; SL users validated; campaign_leads_2026-03-23_20-27-04_results - campaign_leads_2026-03-23_20-27-04_results.csv; Imported Leads,Yes,deliverable,No,,,,,,,,,,,,,,,,,,,,,,,,,,,,,,,,,,,,,,,,,,,,,,,,,,,,,,,,,,,,,Apparel & Fashion,North America,United States,Boston,Boston,"Boston, Massachusetts, United States",,Massachusetts,,Merch Pier,1-10,Private,Email is valid.,Google Workspace,aspmx.l.google.com,FALSE,,,,,,,,,,,,,,,,,,,,,,,,,,,,No,,,,,,,,,,Smartlead users sheet; SL users validated; campaign_leads_2026-03-23_20-27-04_results - campaign_leads_2026-03-23_20-27-04_results.csv,,,,,,,,,,false,enrich,gmail,"""2026-06-06T10:37:49.768Z""",Gmail / Google Workspace,,,,,,,,,
,,mike.evans@fixify.com,,,,,,,,Smartlead users sheet; SL users validated; campaign_leads_2026-03-23_20-27-04_results - campaign_leads_2026-03-23_20-27-04_results.csv; Imported Leads,Yes,deliverable,No,,,,,,,,,,,,,,,,,,,,,,,,,,,,,,,,,,,,,,,,,,,,,,,,,,,,,,,,,,,,2023,Information Technology And Services,North America,United States,Arlington,Arlington,"Arlington, Virginia, United States",,Virginia,,Fixify,11-50,Private,Email is valid.,Google Workspace,smtp.google.com,FALSE,,,,,,,,,,,,,,,,,,,,,,,,,,,,No,,,,,,,,,,Smartlead users sheet; SL users validated; campaign_leads_2026-03-23_20-27-04_results - campaign_leads_2026-03-23_20-27-04_results.csv,,,,,,,,,,false,enrich,gmail,"""2026-06-06T10:37:49.689Z""",Gmail / Google Workspace,,,,,,,,,
,,hello@antoineguine.fr,,,,,,,,Smartlead users sheet; SL users validated; campaign_leads_2026-03-23_20-27-04_results - campaign_leads_2026-03-23_20-27-04_results.csv; Imported Leads,No,risky,No,,,,,,,,,,,,,,,,,,,,,,,,,,,,,,,,,,,,,,,,,,,,,,,,,,,,,,,,,,,,2021,Management Consulting,Europe,France,Nantes,Nantes,"Nantes, Pays De La Loire, France",,Pays De La Loire,,Prospbetter,1-10,Private,Email is valid.,,mx00.ionos.fr,FALSE,,,,,,,,,,,,,,,,,,,,,,,,,,,,No,,,,,,,,,,Smartlead users sheet; SL users validated; campaign_leads_2026-03-23_20-27-04_results - campaign_leads_2026-03-23_20-27-04_results.csv,,,,,,,,,,false,enrich,other,"""2026-06-06T10:37:49.934Z""",Other,,,,,,,,,
,,hola@felixfernandez.co,,,,,,,,Smartlead users sheet; SL users validated; campaign_leads_2026-03-23_20-27-04_results - campaign_leads_2026-03-23_20-27-04_results.csv; Imported Leads,No,risky,No,,,,,,,,,,,,,,,,,,,,,,,,,,,,,,,,,,,,,,,,,,,,,,,,,,,,,,,,,,,,,,,,,,,,,,,,,Email is valid.,Godaddy,smtp.secureserver.net,TRUE,,,,,,,,,,,,,,,,,,,,,,,,,,,,No,,,,,,,,,,Smartlead users sheet; SL users validated; campaign_leads_2026-03-23_20-27-04_results - campaign_leads_2026-03-23_20-27-04_results.csv,,,,,,,,,,false,enrich,other,"""2026-06-06T10:37:49.874Z""",Other,,,,,,,,,
,,alex@pre-dicta.com,,,,,,,,Smartlead users sheet; SL users validated; campaign_leads_2026-03-23_20-27-04_results - campaign_leads_2026-03-23_20-27-04_results.csv; Imported Leads,Yes,deliverable,No,,,,,,,,,,,,,,,,,,,,,,,,,,,,,,,,,,,,,,,,,,,,,,,,,,,,,,,,,,,,2020,Legal Services,North America,United States,,,,,Maryland,,Pre/dicta,11-50,Private,Email is valid.,Google Workspace,aspmx.l.google.com,FALSE,,,,,,,,,,,,,,,,,,,,,,,,,,,,No,,,,,,,,,,Smartlead users sheet; SL users validated; campaign_leads_2026-03-23_20-27-04_results - campaign_leads_2026-03-23_20-27-04_results.csv,,,,,,,,,,false,enrich,gmail,"""2026-06-06T10:37:49.767Z""",Gmail / Google Workspace,,,,,,,,,
,,hamza@naktublak.com,,,,,,,,Smartlead users sheet; SL users validated; campaign_leads_2026-03-23_20-27-04_results - campaign_leads_2026-03-23_20-27-04_results.csv; Imported Leads,Yes,deliverable,No,,,,,,,,,,,,,,,,,,,,,,,,,,,,,,,,,,,,,,,,,,,,,,,,,,,,,,,,,,,,2016,Writing And Editing,Asia,Saudi Arabia,Riyadh,Riyadh,"Riyadh, Ar Riyāḑ, Saudi Arabia",12252,Ar Riyāḑ,,Naktublak - نكتب لك,1-10,Private,Email is valid.,Google Workspace,aspmx.l.google.com,FALSE,,,,,,,,,,,,,,,,,,,,,,,,,,,,No,,,,,,,,,,Smartlead users sheet; SL users validated; campaign_leads_2026-03-23_20-27-04_results - campaign_leads_2026-03-23_20-27-04_results.csv,,,,,,,,,,false,enrich,gmail,"""2026-06-06T10:37:49.710Z""",Gmail / Google Workspace,,,,,,,,,
,,rahul.joshua@warmfunelo.com,,,,,,,,Smartlead users sheet; SL users validated; campaign_leads_2026-03-23_20-27-04_results - campaign_leads_2026-03-23_20-27-04_results.csv; Imported Leads,Yes,deliverable,No,,,,,,,,,,,,,,,,,,,,,,,,,,,,,,,,,,,,,,,,,,,,,,,,,,,,,,,,,,,,,,Asia,India,,,,,Karnataka,,Warmfunelo,1-10,Private,Email is valid.,Google Workspace,smtp.google.com,FALSE,,,,,,,,,,,,,,,,,,,,,,,,,,,,No,,,,,,,,,,Smartlead users sheet; SL users validated; campaign_leads_2026-03-23_20-27-04_results - campaign_leads_2026-03-23_20-27-04_results.csv,,,,,,,,,,false,enrich,gmail,"""2026-06-06T10:37:49.757Z""",Gmail / Google Workspace,,,,,,,,,
,,growth@ayomi.fr,,,,,,,,Smartlead users sheet; SL users validated; campaign_leads_2026-03-23_20-27-04_results - campaign_leads_2026-03-23_20-27-04_results.csv; Imported Leads,No,risky,No,,,,,,,,,,,,,,,,,,,,,,,,,,,,,,,,,,,,,,,,,,,,,,,,,,,,,,,,,,,,2018,Investment Banking,Europe,France,Paris,Paris,"Paris, Île-de-france, France",75008,Île-de-france,35 Rue De La Bienfaisance,Ayomi.fr,11-50,Private,Email is valid.,,mx1.mail.ovh.net,FALSE,,,,,,,,,,,,,,,,,,,,,,,,,,,,No,,,,,,,,,,Smartlead users sheet; SL users validated; campaign_leads_2026-03-23_20-27-04_results - campaign_leads_2026-03-23_20-27-04_results.csv,,,,,,,,,,false,enrich,other,"""2026-06-06T10:37:49.874Z""",Other,,,,,,,,,
,,sales-tech@topfleet.de,,,,,,,,Smartlead users sheet; SL users validated; campaign_leads_2026-03-23_20-27-04_results - campaign_leads_2026-03-23_20-27-04_results.csv; Imported Leads,No,risky,No,,,,,,,,,,,,,,,,,,,,,,,,,,,,,,,,,,,,,,,,,,,,,,,,,,,,,,,,,,,,,,,,,,,,,,,,,Email is valid.,,w01f51e8.kasserver.com,FALSE,,,,,,,,,,,,,,,,,,,,,,,,,,,,No,,,,,,,,,,Smartlead users sheet; SL users validated; campaign_leads_2026-03-23_20-27-04_results - campaign_leads_2026-03-23_20-27-04_results.csv,,,,,,,,,,false,enrich,other,"""2026-06-06T10:37:49.884Z""",Other,,,,,,,,,
,,maya@growthengin.com,,,,,,,,Smartlead users sheet; SL users validated; campaign_leads_2026-03-23_20-27-04_results - campaign_leads_2026-03-23_20-27-04_results.csv; Imported Leads,Yes,deliverable,No,,,,,,,,,,,,,,,,,,,,,,,,,,,,,,,,,,,,,,,,,,,,,,,,,,,,,,,,,,,,,Marketing And Advertising,North America,United States,,,,,New York,,Growth Engine,11-50,Private,Email is valid.,Google Workspace,smtp.google.com,FALSE,,,,,,,,,,,,,,,,,,,,,,,,,,,,No,,,,,,,,,,Smartlead users sheet; SL users validated; campaign_leads_2026-03-23_20-27-04_results - campaign_leads_2026-03-23_20-27-04_results.csv,,,,,,,,,,false,enrich,gmail,"""2026-06-06T10:37:49.736Z""",Gmail / Google Workspace,,,,,,,,,
,,outbound@dualentry.com,,,,,,,,Smartlead users sheet; SL users validated; campaign_leads_2026-03-23_20-27-04_results - campaign_leads_2026-03-23_20-27-04_results.csv; Imported Leads,Yes,deliverable,No,,,,,,,,,,,,,,,,,,,,,,,,,,,,,,,,,,,,,,,,,,,,,,,,,,,,,,,,,,,,2024,Computer Software,,,,,,,,,Dualentry,11-50,Private,Email is valid.,Google Workspace,aspmx.l.google.com,FALSE,,,,,,,,,,,,,,,,,,,,,,,,,,,,No,,,,,,,,,,Smartlead users sheet; SL users validated; campaign_leads_2026-03-23_20-27-04_results - campaign_leads_2026-03-23_20-27-04_results.csv,,,,,,,,,,false,enrich,gmail,"""2026-06-06T10:37:49.685Z""",Gmail / Google Workspace,,,,,,,,,
,,contact@dancingchickenmedia.com,,,,,,,,Smartlead users sheet; SL users validated; campaign_leads_2026-03-23_20-27-04_results - campaign_leads_2026-03-23_20-27-04_results.csv; Imported Leads,Yes,deliverable,No,,,,,,,,,,,,,,,,,,,,,,,,,,,,,,,,,,,,,,,,,,,,,,,,,,,,,,,,,,,,2022,Marketing And Advertising,North America,United States,Los Angeles,Los Angeles,"Los Angeles, California, United States",,California,,Dancing Chicken Media,1-10,Private,Email is valid.,Google Workspace,aspmx.l.google.com,FALSE,,,,,,,,,,,,,,,,,,,,,,,,,,,,No,,,,,,,,,,Smartlead users sheet; SL users validated; campaign_leads_2026-03-23_20-27-04_results - campaign_leads_2026-03-23_20-27-04_results.csv,,,,,,,,,,false,enrich,gmail,"""2026-06-06T10:37:49.708Z""",Gmail / Google Workspace,,,,,,,,,
,,client+allaroundexpress@buyingmachine.io,,,,,,,,Smartlead users sheet; SL users validated; campaign_leads_2026-03-23_20-27-04_results - campaign_leads_2026-03-23_20-27-04_results.csv; Imported Leads,No,undeliverable,No,,,,,,,,,,,,,,,,,,,,,,,,,,,,,,,,,,,,,,,,,,,,,,,,,,,,,,,,,,,,2022,Internet,,,,,,,,,Buyingmachine.io,1-10,Private,Email is valid.,Google Workspace,aspmx.l.google.com,FALSE,,,,,,,,,,,,,,,,,,,,,,,,,,,,No,,,,,,,,,,Smartlead users sheet; SL users validated; campaign_leads_2026-03-23_20-27-04_results - campaign_leads_2026-03-23_20-27-04_results.csv,,,,,,,,,,false,enrich,gmail,"""2026-06-06T10:37:49.667Z""",Gmail / Google Workspace,,,,,,,,,
,,miro@mailmoo.io,,,,,,,,Smartlead users sheet; SL users validated; campaign_leads_2026-03-23_20-27-04_results - campaign_leads_2026-03-23_20-27-04_results.csv; Imported Leads,Yes,deliverable,No,,,,,,,,,,,,,,,,,,,,,,,,,,,,,,,,,,,,,,,,,,,,,,,,,,,,,,,,,,,,,Computer Software,,,,,,,,,Mailmoo,1-10,Private,Email is valid.,Google Workspace,aspmx.l.google.com,FALSE,,,,,,,,,,,,,,,,,,,,,,,,,,,,No,,,,,,,,,,Smartlead users sheet; SL users validated; campaign_leads_2026-03-23_20-27-04_results - campaign_leads_2026-03-23_20-27-04_results.csv,,,,,,,,,,false,enrich,gmail,"""2026-06-06T10:37:49.685Z""",Gmail / Google Workspace,,,,,,,,,
,,contact@utikgroup.com,,,,,,,,Smartlead users sheet; SL users validated; campaign_leads_2026-03-23_20-27-04_results - campaign_leads_2026-03-23_20-27-04_results.csv; Imported Leads,No,risky,No,,,,,,,,,,,,,,,,,,,,,,,,,,,,,,,,,,,,,,,,,,,,,,,,,,,,,,,,,,,,,Insurance,,,,,,,,,Utik Group,11-50,Private,Email is valid.,,mx1.hostinger.com,FALSE,,,,,,,,,,,,,,,,,,,,,,,,,,,,No,,,,,,,,,,Smartlead users sheet; SL users validated; campaign_leads_2026-03-23_20-27-04_results - campaign_leads_2026-03-23_20-27-04_results.csv,,,,,,,,,,false,enrich,other,"""2026-06-06T10:37:49.757Z""",Other,,,,,,,,,
,,sandeep.saxena@postboxservices.com,,,,,,,,Smartlead users sheet; SL users validated; campaign_leads_2026-03-23_20-27-04_results - campaign_leads_2026-03-23_20-27-04_results.csv; Imported Leads,Yes,deliverable,No,,,,,,,,,,,,,,,,,,,,,,,,,,,,,,,,,,,,,,,,,,,,,,,,,,,,,,,,,,,facebook.com/postbox-services-1949441038663997,2019,Computer Software,Asia,India,Bhopal,Bhopal,"Bhopal, Madhya Pradesh, India",,Madhya Pradesh,5 Ibd Emporia Kolar Road,Postbox Consultancy Services,1-10,Private,Email is valid.,Google Workspace,aspmx.l.google.com,FALSE,,,,,,,,,,,,,,,,,,,,,,,,,,,,No,,,,,,,,,,Smartlead users sheet; SL users validated; campaign_leads_2026-03-23_20-27-04_results - campaign_leads_2026-03-23_20-27-04_results.csv,,,,,,,,,,false,enrich,gmail,"""2026-06-06T10:37:49.690Z""",Gmail / Google Workspace,,,,,,,,,
,,adam@chestnutfi.com,,,,,,,,Smartlead users sheet; SL users validated; campaign_leads_2026-03-23_20-27-04_results - campaign_leads_2026-03-23_20-27-04_results.csv; Imported Leads,Yes,deliverable,No,,,,,,,,,,,,,,,,,,,,,,,,,,,,,,,,,,,,,,,,,,,,,,,,,,,,,,,,,,,,,Computer Software,,,,,,,,,Chestnut,11-50,Private,Email is valid.,Google Workspace,aspmx.l.google.com,FALSE,,,,,,,,,,,,,,,,,,,,,,,,,,,,No,,,,,,,,,,Smartlead users sheet; SL users validated; campaign_leads_2026-03-23_20-27-04_results - campaign_leads_2026-03-23_20-27-04_results.csv,,,,,,,,,,false,enrich,gmail,"""2026-06-06T10:37:49.688Z""",Gmail / Google Workspace,,,,,,,,,
,,info@effydesk.com,,,,,,,,Smartlead users sheet; SL users validated; campaign_leads_2026-03-23_20-27-04_results - campaign_leads_2026-03-23_20-27-04_results.csv; Imported Leads,Yes,deliverable,No,,,,,,,,,,,,,,,,,,,,,,,,,,,,,,,,,,,,,,,,,,,,,,,,,,,,,,,,,,,facebook.com/effydesk,2018,Retail,North America,Canada,Coquitlam,Coquitlam,"Coquitlam, British Columbia, Canada",v3k 6c2,British Columbia,2440 Canoe Avenue 110,Effydesk,1-10,Private,Email is valid.,Google Workspace,aspmx.l.google.com,FALSE,,,,,,,,,,,,,,,,,,,,,,,,,,,,No,,,,,,,,,,Smartlead users sheet; SL users validated; campaign_leads_2026-03-23_20-27-04_results - campaign_leads_2026-03-23_20-27-04_results.csv,,,,,,,,,,false,enrich,gmail,"""2026-06-06T10:37:49.705Z""",Gmail / Google Workspace,,,,,,,,,
,,ratul@gramcorporation.com,,,,,,,,Smartlead users sheet; SL users validated; campaign_leads_2026-03-23_20-27-04_results - campaign_leads_2026-03-23_20-27-04_results.csv; Imported Leads,Yes,deliverable,No,,,,,,,,,,,,,,,,,,,,,,,,,,,,,,,,,,,,,,,,,,,,,,,,,,,,,,,,,,,,,,,,,,,,,,,,,Email is valid.,Google Workspace,aspmx.l.google.com,FALSE,,,,,,,,,,,,,,,,,,,,,,,,,,,,No,,,,,,,,,,Smartlead users sheet; SL users validated; campaign_leads_2026-03-23_20-27-04_results - campaign_leads_2026-03-23_20-27-04_results.csv,,,,,,,,,,false,enrich,gmail,"""2026-06-06T10:37:49.792Z""",Gmail / Google Workspace,,,,,,,,,
,,eric@helloretriever.com,,,,,,,,Smartlead users sheet; SL users validated; campaign_leads_2026-03-23_20-27-04_results - campaign_leads_2026-03-23_20-27-04_results.csv; Imported Leads,Yes,deliverable,No,,,,,,,,,,,,,,,,,,,,,,,,,,,,,,,,,,,,,,,,,,,,,,,,,,,,,,,,,,,,2021,Information Technology And Services,,,,,,,,,Retriever,11-50,Private,Email is valid.,Google Workspace,aspmx.l.google.com,FALSE,,,,,,,,,,,,,,,,,,,,,,,,,,,,No,,,,,,,,,,Smartlead users sheet; SL users validated; campaign_leads_2026-03-23_20-27-04_results - campaign_leads_2026-03-23_20-27-04_results.csv,,,,,,,,,,false,enrich,gmail,"""2026-06-06T10:37:49.685Z""",Gmail / Google Workspace,,,,,,,,,
,,andrew@colnedataai.com,,,,,,,,Smartlead users sheet; SL users validated; campaign_leads_2026-03-23_20-27-04_results - campaign_leads_2026-03-23_20-27-04_results.csv; Imported Leads,Yes,deliverable,No,,,,,,,,,,,,,,,,,,,,,,,,,,,,,,,,,,,,,,,,,,,,,,,,,,,,,,,,,,,,,,,,,,,,,,,,,Email is valid.,Google Workspace,aspmx.l.google.com,FALSE,,,,,,,,,,,,,,,,,,,,,,,,,,,,No,,,,,,,,,,Smartlead users sheet; SL users validated; campaign_leads_2026-03-23_20-27-04_results - campaign_leads_2026-03-23_20-27-04_results.csv,,,,,,,,,,false,enrich,gmail,"""2026-06-06T10:37:49.684Z""",Gmail / Google Workspace,,,,,,,,,
,,dtheek@senteredmedia.com,,,,,,,,Smartlead users sheet; SL users validated; campaign_leads_2026-03-23_20-27-04_results - campaign_leads_2026-03-23_20-27-04_results.csv; Imported Leads,Yes,deliverable,No,,,,,,,,,,,,,,,,,,,,,,,,,,,,,,,,,,,,,,,,,,,,,,,,,,,,,,,,,,,,,Marketing And Advertising,,,,,,,,,Sentered Media,1-10,Private,Email is valid.,Google Workspace,aspmx.l.google.com,FALSE,,,,,,,,,,,,,,,,,,,,,,,,,,,,No,,,,,,,,,,Smartlead users sheet; SL users validated; campaign_leads_2026-03-23_20-27-04_results - campaign_leads_2026-03-23_20-27-04_results.csv,,,,,,,,,,false,enrich,gmail,"""2026-06-06T10:37:49.689Z""",Gmail / Google Workspace,,,,,,,,,
,,donny@nocodedigital.nl,,,,,,,,Smartlead users sheet; SL users validated; campaign_leads_2026-03-23_20-27-04_results - campaign_leads_2026-03-23_20-27-04_results.csv; Imported Leads,Yes,deliverable,No,,,,,,,,,,,,,,,,,,,,,,,,,,,,,,,,,,,,,,,,,,,,,,,,,,,,,,,,,,,,2020,Computer Software,Europe,Netherlands,Amsterdam,Amsterdam,"Amsterdam, North Holland, Netherlands",1022 wv,North Holland,14 A Johan Van Hasseltweg,No Code Digital,1-10,Private,Email is valid.,Google Workspace,aspmx.l.google.com,FALSE,,,,,,,,,,,,,,,,,,,,,,,,,,,,No,,,,,,,,,,Smartlead users sheet; SL users validated; campaign_leads_2026-03-23_20-27-04_results - campaign_leads_2026-03-23_20-27-04_results.csv,,,,,,,,,,false,enrich,gmail,"""2026-06-06T10:37:49.685Z""",Gmail / Google Workspace,,,,,,,,,
,,eric.sherman2@gmail.com,,,,,,,,SMartlead inboxkit users; SL users validated; campaign_leads_2026-03-23_20-27-04_results - campaign_leads_2026-03-23_20-27-04_results.csv; Imported Leads,No,risky,No,,,,,28,,278.10,,,,,,,,,,,,,,,,,,,,,,,,,,,,,,,,,,,70,,,,,2026-03,0.00,,0.00,,,,,,,,,,,,,,,,,,,,,,,Email is valid.,Google Workspace,gmail-smtp-in.l.google.com,FALSE,,,,,,3,,,,,,,,,,,none,none,,,,,,,,,,No,,,,,,,,0.00,,SMartlead inboxkit users; SL users validated; campaign_leads_2026-03-23_20-27-04_results - campaign_leads_2026-03-23_20-27-04_results.csv,,Beta Framework,,4,0.00,834.30,,834.30,0.00,false,enrich,gmail,"""2026-06-06T10:37:49.559Z""",Gmail / Google Workspace,,,,,,,,,
,,999aniruddhgupta@gmail.com,,,,,,,,SMartlead inboxkit users; SL users validated; campaign_leads_2026-03-23_20-27-04_results - campaign_leads_2026-03-23_20-27-04_results.csv; Imported Leads,No,risky,No,,,,,,,,,,,,,,,,,,,,,,,,,,,,,,,,,,,,,,,,,,,,,,,,,,,,,,,,,,,,,,,,,,,,,,,,,Email is valid.,Google Workspace,gmail-smtp-in.l.google.com,FALSE,,,,,,,,,,,,,,,,,,,,,,,,,,,,No,,,,,,,,,,SMartlead inboxkit users; SL users validated; campaign_leads_2026-03-23_20-27-04_results - campaign_leads_2026-03-23_20-27-04_results.csv,,,,,,,,,,false,enrich,gmail,"""2026-06-06T10:37:49.559Z""",Gmail / Google Workspace,,,,,,,,,
,,keith@meetmadison.ai,,,,,,,,SMartlead inboxkit users; SL users validated; campaign_leads_2026-03-23_20-27-04_results - campaign_leads_2026-03-23_20-27-04_results.csv; Imported Leads,Yes,deliverable,No,,,,,151,,2001.00,,,,,,,,,,,,,,,,,,,,,,,,,,,,,,,,,,,740,,,,,2026-01,0.00,,15.00,,,,,,,,,,,,,,,,,,,,,,,Email is valid.,Google Workspace,aspmx.l.google.com,FALSE,,,,,,5,,,,,,,,,,,none,none,,,,,,,,,,No,,,,,,,,0.00,,SMartlead inboxkit users; SL users validated; campaign_leads_2026-03-23_20-27-04_results - campaign_leads_2026-03-23_20-27-04_results.csv,,Madison,,6,15.00,10005.00,,10005.00,0.00,false,enrich,gmail,"""2026-06-06T10:37:49.700Z""",Gmail / Google Workspace,,,,,,,,,
,,siva@progrowth.services,,,,,,,,SMartlead inboxkit users; SL users validated; campaign_leads_2026-03-23_20-27-04_results - campaign_leads_2026-03-23_20-27-04_results.csv; Imported Leads,Yes,deliverable,No,,,,,6,,70.50,,,,,,,,,,,,,,,,,,,,,,,,,,,,,,,,,,,9,,,,,2026-01,0.00,,0.00,,,,,,,,,,2023,Marketing And Advertising,North America,United States,Keller,Keller,"Keller, Texas, United States",,Texas,1710 Keller Parkway 9876 Keller,Progrowth Marketing Services,1-10,Private,Email is valid.,Google Workspace,smtp.google.com,FALSE,,,,,,4,,,,,,,,,,,monthly,professional,,,,,,,,,,No,,,,,,,,156.00,,SMartlead inboxkit users; SL users validated; campaign_leads_2026-03-23_20-27-04_results - campaign_leads_2026-03-23_20-27-04_results.csv,,Progrowth Technologies Inc,,7,0.00,282.00,,126.00,0.00,false,enrich,gmail,"""2026-06-06T10:37:49.685Z""",Gmail / Google Workspace,,,,,,,,,
,,mertcinar@weec.com.tr,,,,,,,,SMartlead inboxkit users; SL users validated; campaign_leads_2026-03-23_20-27-04_results - campaign_leads_2026-03-23_20-27-04_results.csv; Imported Leads,Yes,deliverable,No,,,,,6,,47.88,,,,,,,,,,,,,,,,,,,,,,,,,,,,,,,,,,,12,,,,,2026-01,0.00,,0.00,,,,,,,,,,2023,Computer Software,Asia,Turkey,,,,,Elazığ,,Weec,11-50,Private,Email is valid.,Google Workspace,SMTP.GOOGLE.COM,FALSE,,,,,,4,,,,,,,,,,,none,none,,,,,,,,,,No,,,,,,,,0.00,,SMartlead inboxkit users; SL users validated; campaign_leads_2026-03-23_20-27-04_results - campaign_leads_2026-03-23_20-27-04_results.csv,,Mega Cheetah,,7,0.00,191.52,,191.52,0.00,false,enrich,gmail,"""2026-06-06T10:37:49.787Z""",Gmail / Google Workspace,,,,,,,,,
,,aditya.k@irage.in,,,,,,,,SMartlead inboxkit users; SL users validated; campaign_leads_2026-03-23_20-27-04_results - campaign_leads_2026-03-23_20-27-04_results.csv; Imported Leads,Yes,deliverable,No,,,,,,,,,,,,,,,,,,,,,,,,,,,,,,,,,,,,,,,,,,,,,,,,,,,,,,,,,,,facebook.com/iragecapital,2009,Capital Markets,Asia,India,Mumbai,Mumbai,"Mumbai, Maharashtra, India",,Maharashtra,,Irage,51-200,Private,Email is valid.,Google Workspace,aspmx.l.google.com,FALSE,,,,,,,,,,,,,,,,,,,,,,,,,,,,No,,,,,,,,,,SMartlead inboxkit users; SL users validated; campaign_leads_2026-03-23_20-27-04_results - campaign_leads_2026-03-23_20-27-04_results.csv,,,,,,,,,,false,enrich,gmail,"""2026-06-06T10:37:49.748Z""",Gmail / Google Workspace,,,,,,,,,
Subhendu,J Shawn,shawn@b2bxclusive.com,B2BX-clusive,CEO & Founder,,,,,,SMartlead inboxkit users; SL users validated; campaign_leads_2026-03-23_20-27-04_results - campaign_leads_2026-03-23_20-27-04_results.csv; Imported Leads,Yes,deliverable,No,,,,,76,,313.55,,,,,,,,,,,,,,,,,,,"Oswego, Illinois, United States",https://media.licdn.com/dms/image/v2/D560BAQES1XUOoceiBQ/company-logo_200_200/B56ZmAECRAI4AI-/0/1758790166077/b2bx_clusive_logo?e=1776902400&v=beta&t=nlvtubNaifDswQPlr46RerjtHSgLzMkX82zceMzDMuw,,,,,https://www.linkedin.com/company/101279623,,,,,,,2,,2026-04-01T11:42:17.746Z,15,,,,,2026-01,10.25,Marketing Services,0.00,,,,,,,,,,,,,,,,,,,,,,,,,,,United States,,,,,5,,urn:li:member:814478500,true,,,,,,,,none,none,true,https://media.licdn.com/dms/image/v2/D5603AQERoLGMG1D56g/profile-displayphoto-scale_200_200/B56Zs471hJGsAY-/0/1766186772828?e=1776902400&v=beta&t=lpivaC_X7P_mHjznsuLBiXQsyg3uF5t1YGQOy0tjrK8,https://www.linkedin.com/in/ACwAADCL9KQB7Rff2goP_wK0AxFBkhx2AHliHJg,,,,,false,,,,,,,Follows your company; 2 mutual connections; 2 recent posts on Linkedin,,,0.00,"I’m Shawn J (Subhendu Jain) — Founder & CEO at B2BXCLUSIVE.

I build multi-channel lead generation engines and architect GTM systems that move the only metric that matters: revenue.

In a world where inboxes are flooded, ad costs are bloated, and most “agencies” push recycled playbooks, we operate differently:

✅ Cold email + LinkedIn + cold calling + retargeting — integrated, not siloed
✅ Deliverability-obsessed systems (Smartlead, Instantly, Clay, ZoomInfo, Apollo)
✅ Account-based, intent-aligned outreach
✅ GTM engineering to align product, sales & messaging under one roof

At B2BXCLUSIVE, we’ve helped 50+ clients across SaaS, IT, AI, EdTech, and BFSI move from random outreach → consistent pipeline → closed revenue, often delivering 4X+ ROI within the first quarter.

💥 We don’t sell “leads”. We build machines that deliver:

SQLs worth showing up for

Outbound that earns attention

GTM strategies that scale with you

I started in the trenches—door-to-door sales, credit cards, Radisson Hotel pitches in 2004. Then came American Express, Amazon, and a run of early-stage startups that scaled from $0 to $5M+ under my GTM leadership.

That journey forged B2BXCLUSIVE: a hybrid US-India team obsessed with pipeline, precision, and performance.

💬 Let’s talk if:

You’re a founder building a new revenue engine

A CRO/CMO tired of fake leads that don’t convert

An agency that wants to white-label proven GTM execution

📩 DM me or reach out: shawn@b2bxclusive.com
🌐 Learn more: https://b2bxclusive.com/",,,Noble Zenith,1 yr 11 mos,9,10.25,1567.75,,1567.75,0.00,false,enrich,gmail,"""2026-06-06T10:37:49.735Z""",Gmail / Google Workspace,,,,,,,,,
,,costsegoperations@gmail.com,,,,,,,,SMartlead inboxkit users; SL users validated; campaign_leads_2026-03-23_20-27-04_results - campaign_leads_2026-03-23_20-27-04_results.csv; Imported Leads,No,risky,No,,,,,5,,42.50,,,,,,,,,,,,,,,,,,,,,,,,,,,,,,,,,,,3,,,,,2026-01,0.00,,0.00,,,,,,,,,,,,,,,,,,,,,,,Email is valid.,Google Workspace,gmail-smtp-in.l.google.com,FALSE,,,,,,5,,,,,,,,,,,monthly,professional,,,,,,,,,,No,,,,,,,,195.00,,SMartlead inboxkit users; SL users validated; campaign_leads_2026-03-23_20-27-04_results - campaign_leads_2026-03-23_20-27-04_results.csv,,Professional Rocket,,10,0.00,212.50,,17.50,0.00,false,enrich,gmail,"""2026-06-06T10:37:49.559Z""",Gmail / Google Workspace,,,,,,,,,
,,kamil@sunbay.io,,,,,,,,SMartlead inboxkit users; SL users validated; campaign_leads_2026-03-23_20-27-04_results - campaign_leads_2026-03-23_20-27-04_results.csv; Imported Leads,Yes,deliverable,No,,,,,10,,121.47,,,,,,,,,,,,,,,,,,,,,,,,,,,,,,,,,,,20,,,,,2026-03,0.00,,0.00,,,,,,,,,,,,,,,,,,,,,,,Email is valid.,Google Workspace,aspmx.l.google.com,FALSE,,,,,,3,,,,,,,,,,,none,none,,,,,,,,,,No,,,,,,,,0.00,,SMartlead inboxkit users; SL users validated; campaign_leads_2026-03-23_20-27-04_results - campaign_leads_2026-03-23_20-27-04_results.csv,,Sunbay Sp. z.o.o. NIP5253039578,,4,0.00,364.40,,364.40,0.00,false,enrich,gmail,"""2026-06-06T10:37:49.685Z""",Gmail / Google Workspace,,,,,,,,,
,,abdulrhmamessam@gmail.com,,,,,,,,SMartlead inboxkit users; SL users validated; campaign_leads_2026-03-23_20-27-04_results - campaign_leads_2026-03-23_20-27-04_results.csv; Imported Leads,No,risky,No,,,,,2,,6.65,,,,,,,,,,,,,,,,,,,,,,,,,,,,,,,,,,,1,,,,,2026-03,0.00,,0.00,,,,,,,,,,,,,,,,,,,,,,,Email is valid.,Google Workspace,gmail-smtp-in.l.google.com,FALSE,,,,,,3,,,,,,,,,,,none,none,,,,,,,,,,No,,,,,,,,0.00,,SMartlead inboxkit users; SL users validated; campaign_leads_2026-03-23_20-27-04_results - campaign_leads_2026-03-23_20-27-04_results.csv,,Mountain Lion,,4,0.00,19.95,,19.95,0.00,false,enrich,gmail,"""2026-06-06T10:37:49.559Z""",Gmail / Google Workspace,,,,,,,,,
,,aheath@covr.care,,,,,,,,SMartlead inboxkit users; SL users validated; campaign_leads_2026-03-23_20-27-04_results - campaign_leads_2026-03-23_20-27-04_results.csv; Imported Leads,Yes,deliverable,No,,,,,7,,105.25,,,,,,,,,,,,,,,,,,,,,,,,,,,,,,,,,,,16,,,,,2026-03,0.75,,0.00,,,,,,,,,,2015,Hospital & Health Care,North America,United States,Springville,Springville,"Springville, Utah, United States",84663,Utah,15 East 200 South,Covr,11-50,Private,Email is valid.,Google Workspace,aspmx.l.google.com,FALSE,,,,,,3,,,,,,,,,,,monthly,agency,,,,,,,,,,No,,,,,,,,297.00,,SMartlead inboxkit users; SL users validated; campaign_leads_2026-03-23_20-27-04_results - campaign_leads_2026-03-23_20-27-04_results.csv,,Covr,,4,0.75,315.75,,18.75,0.00,false,enrich,gmail,"""2026-06-06T10:37:49.698Z""",Gmail / Google Workspace,,,,,,,,,
,,zeeshanhaider6236@gmail.com,,,,,,,,SMartlead inboxkit users; SL users validated; campaign_leads_2026-03-23_20-27-04_results - campaign_leads_2026-03-23_20-27-04_results.csv; Imported Leads,No,risky,No,,,,,2,,39.00,,,,,,,,,,,,,,,,,,,,,,,,,,,,,,,,,,,10,,,,,2026-03,0.00,,0.00,,,,,,,,,,,,,,,,,,,,,,,Email is valid.,Google Workspace,gmail-smtp-in.l.google.com,FALSE,,,,,,3,,,,,,,,,,,monthly,professional,,,,,,,,,,No,,,,,,,,117.00,,SMartlead inboxkit users; SL users validated; campaign_leads_2026-03-23_20-27-04_results - campaign_leads_2026-03-23_20-27-04_results.csv,,Bold Viper,,4,0.00,117.00,,0.00,0.00,false,enrich,gmail,"""2026-06-06T10:37:49.559Z""",Gmail / Google Workspace,,,,,,,,,
,,dimitar+globental@leadhaste.com,,,,,,,,SMartlead inboxkit users; SL users validated; campaign_leads_2026-03-23_20-27-04_results - campaign_leads_2026-03-23_20-27-04_results.csv; Imported Leads,No,undeliverable,No,,,,,50,,507.33,,,,,,,,,,,,,,,,,,,,,,,,,,,,,,,,,,,100,,,,,2026-03,0.00,,0.00,,,,,,,,,,,,,,,,,,,,,,,Email is valid.,Google Workspace,aspmx.l.google.com,FALSE,,,,,,3,,,,,,,,,,,monthly,enterprise,,,,,,,,,,No,,,,,,,,897.00,,SMartlead inboxkit users; SL users validated; campaign_leads_2026-03-23_20-27-04_results - campaign_leads_2026-03-23_20-27-04_results.csv,,Digital Horizon,,4,0.00,1522.00,,625.00,0.00,false,enrich,gmail,"""2026-06-06T10:37:49.678Z""",Gmail / Google Workspace,,,,,,,,,
,,robin@artie.com,,,,,,,,SMartlead inboxkit users; SL users validated; campaign_leads_2026-03-23_20-27-04_results - campaign_leads_2026-03-23_20-27-04_results.csv; Imported Leads,No,risky,No,,,,,74,,704.16,,,,,,,,,,,,,,,,,,,,,,,,,,,,,,,,,,,220,,,,,2026-03,0.00,,0.00,,,,,,,,,facebook.com/helloartie,2019,Entertainment,North America,United States,Los Angeles,Los Angeles,"Los Angeles, California, United States",90071,California,,Artie,11-50,Private,Email is valid.,Google Workspace,aspmx.l.google.com,FALSE,,,,,,3,,,,,,,,,,,none,none,,,,,,,,,,No,,,,,,,,0.00,,SMartlead inboxkit users; SL users validated; campaign_leads_2026-03-23_20-27-04_results - campaign_leads_2026-03-23_20-27-04_results.csv,,Fresh Meteor,,4,0.00,2112.48,,2112.48,0.00,false,enrich,gmail,"""2026-06-06T10:37:49.702Z""",Gmail / Google Workspace,,,,,,,,,
,,yash.vats@agentic.it,,,,,,,,SMartlead inboxkit users; SL users validated; campaign_leads_2026-03-23_20-27-04_results - campaign_leads_2026-03-23_20-27-04_results.csv; Imported Leads,Yes,deliverable,No,,,,,10,,224.00,,,,,,,,,,,,,,,,,,,,,,,,,,,,,,,,,,,0,,,,,2026-03,0.00,,0.00,,,,,,,,,,,,,,,,,,,,,,,Email is valid.,Google Workspace,smtp.google.com,FALSE,,,,,,1,,,,,,,,,,,none,none,,,,,,,,,,No,,,,,,,,99.00,,SMartlead inboxkit users; SL users validated; campaign_leads_2026-03-23_20-27-04_results - campaign_leads_2026-03-23_20-27-04_results.csv,,Jade Jaguar,,4,0.00,224.00,,125.00,0.00,false,enrich,gmail,"""2026-06-06T10:37:49.794Z""",Gmail / Google Workspace,,,,,,,,,
,,eitan@clearsignalgrowth.com,,,,,,,,SMartlead inboxkit users; SL users validated; campaign_leads_2026-03-23_20-27-04_results - campaign_leads_2026-03-23_20-27-04_results.csv; Imported Leads,Yes,deliverable,No,,,,,74,,518.75,,,,,,,,,,,,,,,,,,,,,,,,,,,,,,,,,,,136,,,,,2026-03,0.00,,0.00,,,,,,,,,,,,,,,,,,,,,,,Email is valid.,Google Workspace,smtp.google.com,FALSE,,,,,,2,,,,,,,,,,,none,none,,,,,,,,,,No,,,,,,,,0.00,,SMartlead inboxkit users; SL users validated; campaign_leads_2026-03-23_20-27-04_results - campaign_leads_2026-03-23_20-27-04_results.csv,,Desert Planet,,4,0.00,1037.50,,1037.50,0.00,false,enrich,gmail,"""2026-06-06T10:37:49.711Z""",Gmail / Google Workspace,,,,,,,,,
,,chris@unloopa.com,,,,,,,,SMartlead inboxkit users; SL users validated; campaign_leads_2026-03-23_20-27-04_results - campaign_leads_2026-03-23_20-27-04_results.csv; Imported Leads,Yes,deliverable,No,,,,,1,,22.50,,,,,,,,,,,,,,,,,,,,,,,,,,,,,,,,,,,0,,,,,2026-03,0.00,,0.00,,,,,,,,,,,,,,,,,,,,,,,Email is valid.,Google Workspace,aspmx.l.google.com,FALSE,,,,,,2,,,,,,,,,,,none,none,,,,,,,,,,No,,,,,,,,0.00,,SMartlead inboxkit users; SL users validated; campaign_leads_2026-03-23_20-27-04_results - campaign_leads_2026-03-23_20-27-04_results.csv,,Great Initiative,,4,45.00,45.00,,45.00,12.00,false,enrich,gmail,"""2026-06-06T10:37:49.727Z""",Gmail / Google Workspace,,,,,,,,,
,,wouter@prospectifysalessolutions.com,,,,,,,,SMartlead inboxkit users; SL users validated; campaign_leads_2026-03-23_20-27-04_results - campaign_leads_2026-03-23_20-27-04_results.csv; Imported Leads,Yes,deliverable,No,,,,,220,,918.04,,,,,,,,,,,,,,,,,,,,,,,,,,,,,,,,,,,389,,,,,2026-03,0.00,,0.00,,,,,,,,,,,,,,,,,,,,,,,Email is valid.,Google Workspace,SMTP.GOOGLE.com,FALSE,,,,,,3,,,,,,,,,,,monthly,enterprise,,,,,,,,,,No,,,,,,,,697.00,,SMartlead inboxkit users; SL users validated; campaign_leads_2026-03-23_20-27-04_results - campaign_leads_2026-03-23_20-27-04_results.csv,,"Prospectify Sales Solutions, SL",,4,0.00,2754.12,,2057.12,0.00,false,enrich,gmail,"""2026-06-06T10:37:49.695Z""",Gmail / Google Workspace,,,,,,,,,
,,aykansoftwaremangalore@gmail.com,,,,,,,,SMartlead inboxkit users; SL users validated; campaign_leads_2026-03-23_20-27-04_results - campaign_leads_2026-03-23_20-27-04_results.csv; Imported Leads,No,risky,No,,,,,0,,39.00,,,,,,,,,,,,,,,,,,,,,,,,,,,,,,,,,,,10,,,,,2026-02,0.00,,0.00,,,,,,,,,,,,,,,,,,,,,,,Email is valid.,Google Workspace,gmail-smtp-in.l.google.com,FALSE,,,,,,3,,,,,,,,,,,monthly,professional,,,,,,,,,,No,,,,,,,,117.00,,SMartlead inboxkit users; SL users validated; campaign_leads_2026-03-23_20-27-04_results - campaign_leads_2026-03-23_20-27-04_results.csv,,Emerald Strategy,,4,0.00,117.00,,0.00,0.00,false,enrich,gmail,"""2026-06-06T10:37:49.559Z""",Gmail / Google Workspace,,,,,,,,,
,,dineshaga19@gmail.com,,,,,,,,SMartlead inboxkit users; SL users validated; campaign_leads_2026-03-23_20-27-04_results - campaign_leads_2026-03-23_20-27-04_results.csv; Imported Leads,No,risky,No,,,,,3,,39.00,,,,,,,,,,,,,,,,,,,,,,,,,,,,,,,,,,,0,,,,,2026-02,0.00,,0.00,,,,,,,,,,,,,,,,,,,,,,,Email is valid.,Google Workspace,gmail-smtp-in.l.google.com,FALSE,,,,,,2,,,,,,,,,,,none,none,,,,,,,,,,No,,,,,,,,78.00,,SMartlead inboxkit users; SL users validated; campaign_leads_2026-03-23_20-27-04_results - campaign_leads_2026-03-23_20-27-04_results.csv,,Meta Engine,,4,0.00,78.00,,0.00,0.00,false,enrich,gmail,"""2026-06-06T10:37:49.559Z""",Gmail / Google Workspace,,,,,,,,,
,,hello@revivedai.com,,,,,,,,SMartlead inboxkit users; SL users validated; campaign_leads_2026-03-23_20-27-04_results - campaign_leads_2026-03-23_20-27-04_results.csv; Imported Leads,No,risky,No,,,,,6,,57.00,,,,,,,,,,,,,,,,,,,,,,,,,,,,,,,,,,,10,,,,,2026-02,0.00,,0.00,,,,,,,,,,,,,,,,,,,,,,,Email is valid.,Google Workspace,smtp.google.com,FALSE,,,,,,2,,,,,,,,,,,monthly,professional,,,,,,,,,,No,,,,,,,,39.00,,SMartlead inboxkit users; SL users validated; campaign_leads_2026-03-23_20-27-04_results - campaign_leads_2026-03-23_20-27-04_results.csv,,revivedai,,4,0.00,114.00,,75.00,0.00,false,enrich,gmail,"""2026-06-06T10:37:49.738Z""",Gmail / Google Workspace,,,,,,,,,
,,pedro@metaoriginal.com,,,,,,,,SMartlead inboxkit users; SL users validated; campaign_leads_2026-03-23_20-27-04_results - campaign_leads_2026-03-23_20-27-04_results.csv; Imported Leads,Yes,deliverable,No,,,,,3,,50.94,,,,,,,,,,,,,,,,,,,,,,,,,,,,,,,,,,,3,,,,,2026-02,0.00,,0.00,,,,,,,,,,,Construction,,,,,,,,,Metaoriginal,51-200,Private,Email is valid.,Google Workspace,aspmx.l.google.com,FALSE,,,,,,1,,,,,,,,,,,none,none,,,,,,,,,,No,,,,,,,,0.00,,SMartlead inboxkit users; SL users validated; campaign_leads_2026-03-23_20-27-04_results - campaign_leads_2026-03-23_20-27-04_results.csv,,MetaOriginal,,4,0.00,50.94,,50.94,0.00,false,enrich,gmail,"""2026-06-06T10:37:49.736Z""",Gmail / Google Workspace,,,,,,,,,
,,abhishekfb960@gmail.com,,,,,,,,SMartlead inboxkit users; SL users validated; campaign_leads_2026-03-23_20-27-04_results - campaign_leads_2026-03-23_20-27-04_results.csv; Imported Leads,No,risky,No,,,,,6,,97.50,,,,,,,,,,,,,,,,,,,,,,,,,,,,,,,,,,,30,,,,,2026-02,0.00,,0.00,,,,,,,,,,,,,,,,,,,,,,,Email is valid.,Google Workspace,gmail-smtp-in.l.google.com,FALSE,,,,,,3,,,,,,,,,,,none,none,,,,,,,,,,No,,,,,,,,0.00,,SMartlead inboxkit users; SL users validated; campaign_leads_2026-03-23_20-27-04_results - campaign_leads_2026-03-23_20-27-04_results.csv,,Nesitfydata,,4,0.00,292.50,,292.50,0.00,false,enrich,gmail,"""2026-06-06T10:37:49.559Z""",Gmail / Google Workspace,,,,,,,,,
,,luc.habrich@gmail.com,,,,,,,,SMartlead inboxkit users; SL users validated; campaign_leads_2026-03-23_20-27-04_results - campaign_leads_2026-03-23_20-27-04_results.csv; Imported Leads,No,risky,No,,,,,6,,80.05,,,,,,,,,,,,,,,,,,,,,,,,,,,,,,,,,,,14,,,,,2026-02,1.00,,12.00,,,,,,,,,,,,,,,,,,,,,,,Email is valid.,Google Workspace,gmail-smtp-in.l.google.com,FALSE,,,,,,3,,,,,,,,,,,none,none,,,,,,,,,,No,,,,,,,,0.00,,SMartlead inboxkit users; SL users validated; campaign_leads_2026-03-23_20-27-04_results - campaign_leads_2026-03-23_20-27-04_results.csv,,TAP.now,,4,13.00,240.16,,240.16,0.00,false,enrich,gmail,"""2026-06-06T10:37:49.559Z""",Gmail / Google Workspace,,,,,,,,,
,,oleg@goextrovert.com,,,,,,,,SMartlead inboxkit users; SL users validated; campaign_leads_2026-03-23_20-27-04_results - campaign_leads_2026-03-23_20-27-04_results.csv; Imported Leads,Yes,deliverable,No,,,,,7,,231.00,,,,,,,,,,,,,,,,,,,,,,,,,,,,,,,,,,,0,,,,,2026-02,0.00,,0.00,,,,,,,,,,2024,Information Technology And Services,North America,United States,Wilmington,Wilmington,"Wilmington, Delaware, United States",19801,Delaware,,Extrovert,11-50,Private,Email is valid.,Google Workspace,smtp.google.com,FALSE,,,,,,1,,,,,,,,,,,none,none,,,,,,,,,,No,,,,,,,,0.00,,SMartlead inboxkit users; SL users validated; campaign_leads_2026-03-23_20-27-04_results - campaign_leads_2026-03-23_20-27-04_results.csv,,Tropical Vector,,4,231.00,231.00,,231.00,0.00,false,enrich,gmail,"""2026-06-06T10:37:49.743Z""",Gmail / Google Workspace,,,,,,,,,
,,info@stackedmarketing.co.uk,,,,,,,,SMartlead inboxkit users; SL users validated; campaign_leads_2026-03-23_20-27-04_results - campaign_leads_2026-03-23_20-27-04_results.csv; Imported Leads,No,risky,No,,,,,77,,505.24,,,,,,,,,,,,,,,,,,,,,,,,,,,,,,,,,,,154,,,,,2026-02,0.00,,0.00,,,,,,,,,,,,,,,,,,,,,,,Email is valid.,Google Workspace,aspmx.l.google.com,FALSE,,,,,,4,,,,,,,,,,,monthly,enterprise,,,,,,,,,,No,,,,,,,,897.00,,SMartlead inboxkit users; SL users validated; campaign_leads_2026-03-23_20-27-04_results - campaign_leads_2026-03-23_20-27-04_results.csv,,Harry Maule,,4,0.00,2020.96,,1123.96,0.00,false,enrich,gmail,"""2026-06-06T10:37:49.773Z""",Gmail / Google Workspace,,,,,,,,,
,,hardware@insart.com,,,,,,,,SMartlead inboxkit users; SL users validated; campaign_leads_2026-03-23_20-27-04_results - campaign_leads_2026-03-23_20-27-04_results.csv; Imported Leads,Yes,deliverable,No,,,,,6,,82.67,,,,,,,,,,,,,,,,,,,,,,,,,,,,,,,,,,,0,,,,,2026-02,0.00,,0.00,,,,,,,,,,1993,Computer Software,North America,United States,Boca Raton,Boca Raton,"Boca Raton, Florida, United States",33433,Florida,7284 West Palmetto Park Road,Insart,51-200,Private,Email is valid.,Google Workspace,aspmx.l.google.com,FALSE,,,,,,3,,,,,,,,,,,none,none,,,,,,,,,,No,,,,,,,,198.00,,SMartlead inboxkit users; SL users validated; campaign_leads_2026-03-23_20-27-04_results - campaign_leads_2026-03-23_20-27-04_results.csv,,INSART SOFTWARE LLC,,4,0.00,248.00,,50.00,0.00,false,enrich,gmail,"""2026-06-06T10:37:49.678Z""",Gmail / Google Workspace,,,,,,,,,
,,david.t.2931@gmail.com,,,,,,,,SMartlead inboxkit users; SL users validated; campaign_leads_2026-03-23_20-27-04_results - campaign_leads_2026-03-23_20-27-04_results.csv; Imported Leads,No,risky,No,,,,,10,,99.00,,,,,,,,,,,,,,,,,,,,,,,,,,,,,,,,,,,0,,,,,2026-02,0.00,,0.00,,,,,,,,,,,,,,,,,,,,,,,Email is valid.,Google Workspace,gmail-smtp-in.l.google.com,FALSE,,,,,,2,,,,,,,,,,,none,none,,,,,,,,,,No,,,,,,,,198.00,,SMartlead inboxkit users; SL users validated; campaign_leads_2026-03-23_20-27-04_results - campaign_leads_2026-03-23_20-27-04_results.csv,,Lunar Shark,,4,0.00,198.00,,0.00,0.00,false,enrich,gmail,"""2026-06-06T10:37:49.559Z""",Gmail / Google Workspace,,,,,,,,,
,,bigdatatrunk76@gmail.com,,,,,,,,SMartlead inboxkit users; SL users validated; campaign_leads_2026-03-23_20-27-04_results - campaign_leads_2026-03-23_20-27-04_results.csv; Imported Leads,No,risky,No,,,,,10,,99.00,,,,,,,,,,,,,,,,,,,,,,,,,,,,,,,,,,,30,,,,,2026-02,0.00,,0.00,,,,,,,,,,,,,,,,,,,,,,,Email is valid.,Google Workspace,gmail-smtp-in.l.google.com,FALSE,,,,,,3,,,,,,,,,,,monthly,agency,,,,,,,,,,No,,,,,,,,297.00,,SMartlead inboxkit users; SL users validated; campaign_leads_2026-03-23_20-27-04_results - campaign_leads_2026-03-23_20-27-04_results.csv,,Big Data Trunk,,4,0.00,297.00,,0.00,0.00,false,enrich,gmail,"""2026-06-06T10:37:49.559Z""",Gmail / Google Workspace,,,,,,,,,
,,marketing.aicera@gmail.com,,,,,,,,SMartlead inboxkit users; SL users validated; campaign_leads_2026-03-23_20-27-04_results - campaign_leads_2026-03-23_20-27-04_results.csv; Imported Leads,No,risky,No,,,,,3,,58.50,,,,,,,,,,,,,,,,,,,,,,,,,,,,,,,,,,,10,,,,,2026-02,0.00,,0.00,,,,,,,,,,,,,,,,,,,,,,,Email is valid.,Google Workspace,gmail-smtp-in.l.google.com,FALSE,,,,,,2,,,,,,,,,,,monthly,professional,,,,,,,,,,No,,,,,,,,117.00,,SMartlead inboxkit users; SL users validated; campaign_leads_2026-03-23_20-27-04_results - campaign_leads_2026-03-23_20-27-04_results.csv,,Aicera,,4,0.00,117.00,,0.00,0.00,false,enrich,gmail,"""2026-06-06T10:37:49.559Z""",Gmail / Google Workspace,,,,,,,,,
,,cptconnate@gmail.com,,,,,,,,SMartlead inboxkit users; SL users validated; campaign_leads_2026-03-23_20-27-04_results - campaign_leads_2026-03-23_20-27-04_results.csv; Imported Leads,No,risky,No,,,,,3,,58.50,,,,,,,,,,,,,,,,,,,,,,,,,,,,,,,,,,,10,,,,,2026-02,0.00,,0.00,,,,,,,,,,,,,,,,,,,,,,,Email is valid.,Google Workspace,gmail-smtp-in.l.google.com,FALSE,,,,,,2,,,,,,,,,,,monthly,professional,,,,,,,,,,No,,,,,,,,117.00,,SMartlead inboxkit users; SL users validated; campaign_leads_2026-03-23_20-27-04_results - campaign_leads_2026-03-23_20-27-04_results.csv,,Connate People Technology,,4,0.00,117.00,,0.00,0.00,false,enrich,gmail,"""2026-06-06T10:37:49.559Z""",Gmail / Google Workspace,,,,,,,,,
,,palash@testrigtech.com,,,,,,,,SMartlead inboxkit users; SL users validated; campaign_leads_2026-03-23_20-27-04_results - campaign_leads_2026-03-23_20-27-04_results.csv; Imported Leads,Yes,deliverable,No,,,,,3,,58.50,,,,,,,,,,,,,,,,,,,,,,,,,,,,,,,,,,,10,,,,,2026-02,0.00,,0.00,,,,,,,,,,,,,,,,,,,,,,,Email is valid.,Google Workspace,aspmx.l.google.com,FALSE,,,,,,2,,,,,,,,,,,monthly,professional,,,,,,,,,,No,,,,,,,,117.00,,SMartlead inboxkit users; SL users validated; campaign_leads_2026-03-23_20-27-04_results - campaign_leads_2026-03-23_20-27-04_results.csv,,Testrig,,4,0.00,117.00,,0.00,0.00,false,enrich,gmail,"""2026-06-06T10:37:49.732Z""",Gmail / Google Workspace,,,,,,,,,
,,profitexpertabhi@gmail.com,,,,,,,,SMartlead inboxkit users; SL users validated; campaign_leads_2026-03-23_20-27-04_results - campaign_leads_2026-03-23_20-27-04_results.csv; Imported Leads,No,risky,No,,,,,6,,107.33,,,,,,,,,,,,,,,,,,,,,,,,,,,,,,,,,,,30,,,,,2026-02,0.00,,0.00,,,,,,,,,,,,,,,,,,,,,,,Email is valid.,Google Workspace,gmail-smtp-in.l.google.com,FALSE,,,,,,3,,,,,,,,,,,monthly,agency,,,,,,,,,,No,,,,,,,,297.00,,SMartlead inboxkit users; SL users validated; campaign_leads_2026-03-23_20-27-04_results - campaign_leads_2026-03-23_20-27-04_results.csv,,Grux Digital,,4,0.00,322.00,,25.00,0.00,false,enrich,gmail,"""2026-06-06T10:37:49.559Z""",Gmail / Google Workspace,,,,,,,,,
,,fadi@happyopenhouse.com,,,,,,,,SMartlead inboxkit users; SL users validated; campaign_leads_2026-03-23_20-27-04_results - campaign_leads_2026-03-23_20-27-04_results.csv; Imported Leads,Yes,deliverable,No,,,,,10,,99.00,,,,,,,,,,,,,,,,,,,,,,,,,,,,,,,,,,,30,,,,,2026-02,0.00,,0.00,,,,,,,,,facebook.com/happyopenhouse,,Computer Software,,,,,,,,,Happy Open House,1-10,Private,Email is valid.,Google Workspace,aspmx.l.google.com,FALSE,,,,,,3,,,,,,,,,,,monthly,agency,,,,,,,,,,No,,,,,,,,297.00,,SMartlead inboxkit users; SL users validated; campaign_leads_2026-03-23_20-27-04_results - campaign_leads_2026-03-23_20-27-04_results.csv,,Happy Open House,,4,0.00,297.00,,0.00,0.00,false,enrich,gmail,"""2026-06-06T10:37:49.702Z""",Gmail / Google Workspace,,,,,,,,,
,,contact@genevogrowth.com,,,,,,,,SMartlead inboxkit users; SL users validated; campaign_leads_2026-03-23_20-27-04_results - campaign_leads_2026-03-23_20-27-04_results.csv; Imported Leads,Yes,deliverable,No,,,,,130,,355.40,,,,,,,,,,,,,,,,,,,,,,,,,,,,,,,,,,,130,,,,,2026-02,0.00,,0.00,,,,,,,,,,,,,,,,,,,,,,,Email is valid.,Google Workspace,aspmx.l.google.com,FALSE,,,,,,4,,,,,,,,,,,monthly,enterprise,,,,,,,,,,No,,,,,,,,637.00,,SMartlead inboxkit users; SL users validated; campaign_leads_2026-03-23_20-27-04_results - campaign_leads_2026-03-23_20-27-04_results.csv,,Genevo Growth,,4,0.00,1421.60,,784.60,0.00,false,enrich,gmail,"""2026-06-06T10:37:49.690Z""",Gmail / Google Workspace,,,,,,,,,
,,jared@sleevefm.com,,,,,,,,SMartlead inboxkit users; SL users validated; campaign_leads_2026-03-23_20-27-04_results - campaign_leads_2026-03-23_20-27-04_results.csv; Imported Leads,Yes,deliverable,No,,,,,3,,31.32,,,,,,,,,,,,,,,,,,,,,,,,,,,,,,,,,,,5,,,,,2026-02,0.00,,0.00,,,,,,,,,,,,,,,,,,,,,,,Email is valid.,Google Workspace,smtp.google.com,FALSE,,,,,,4,,,,,,,,,,,none,none,,,,,,,,,,No,,,,,,,,0.00,,SMartlead inboxkit users; SL users validated; campaign_leads_2026-03-23_20-27-04_results - campaign_leads_2026-03-23_20-27-04_results.csv,,Macro Binary,,4,0.00,125.28,,125.28,0.00,false,enrich,gmail,"""2026-06-06T10:37:49.744Z""",Gmail / Google Workspace,,,,,,,,,
,,setup@upscaleb2b.com,,,,,,,,SMartlead inboxkit users; SL users validated; campaign_leads_2026-03-23_20-27-04_results - campaign_leads_2026-03-23_20-27-04_results.csv; Imported Leads,Yes,deliverable,No,,,,,83,,402.50,,,,,,,,,,,,,,,,,,,,,,,,,,,,,,,,,,,2665,,,,,2026-02,0.00,,0.00,,,,,,,,,,,Marketing And Advertising,Asia,United Arab Emirates,Dubai,Dubai,"Dubai, Dubayy, United Arab Emirates",,Dubayy,,Upscale B2b,1-10,Private,Email is valid.,Google Workspace,aspmx.l.google.com,FALSE,,,,,,4,,,,,,,,,,,none,none,,,,,,,,,,No,,,,,,,,0.00,,SMartlead inboxkit users; SL users validated; campaign_leads_2026-03-23_20-27-04_results - campaign_leads_2026-03-23_20-27-04_results.csv,,Upscale,,4,0.00,1610.00,,1610.00,0.00,false,enrich,gmail,"""2026-06-06T10:37:49.718Z""",Gmail / Google Workspace,,,,,,,,,
,,juan@letgrowth.com,,,,,,,,SMartlead inboxkit users; SL users validated; campaign_leads_2026-03-23_20-27-04_results - campaign_leads_2026-03-23_20-27-04_results.csv; Imported Leads,Yes,deliverable,No,,,,,39,,274.70,,,,,,,,,,,,,,,,,,,,,,,,,,,,,,,,,,,90,,,,,2026-02,0.00,,0.00,,,,,,,,,,,Computer Software,North America,United States,Miami,Miami,"Miami, Florida, United States",33133,Florida,,Let Growth | Generating B2b Leads,1-10,Private,Email is valid.,Google Workspace,aspmx.l.google.com,FALSE,,,,,,4,,,,,,,,,,,monthly,enterprise,,,,,,,,,,No,,,,,,,,1035.00,,SMartlead inboxkit users; SL users validated; campaign_leads_2026-03-23_20-27-04_results - campaign_leads_2026-03-23_20-27-04_results.csv,,Let Growth,,4,0.00,1098.81,,63.81,0.00,false,enrich,gmail,"""2026-06-06T10:37:49.931Z""",Gmail / Google Workspace,,,,,,,,,
Tyler,Marsh,tyler@scalableintent.com,"Scalable Intent, LLC",Co-Founder,,Southsea,England,United Kingdom,https://www.linkedin.com/in/tyler-marsh/,SMartlead inboxkit users; SL users validated; campaign_leads_2026-03-23_20-27-04_results - campaign_leads_2026-03-23_20-27-04_results.csv; Imported Leads,Yes,deliverable,No,,,,,10,,99.00,,,,,,,,,,,,,,,,,,,,,,,,,,,,,,,,,,,0,,,,,2026-02,0.00,,0.00,,,,,,,,,,,,,,,,,,,,,,,,,,,"Southsea, England, United Kingdom",gmail,"""2026-03-31T21:06:52.541Z""",Google Workspace,,3,,,,,,,,,,,none,none,,,,,,,,,,No,No,,,,,,,297.00,,SMartlead inboxkit users; SL users validated; campaign_leads_2026-03-23_20-27-04_results - campaign_leads_2026-03-23_20-27-04_results.csv; Imported Leads,Imported Leads; SL Users,Scalable Intent LLC,,4,0.00,297.00,,0.00,0.00,false,enrich,gmail,"""2026-06-06T10:37:49.715Z""",Gmail / Google Workspace,,,,,,,,,
,,javierschvindlerman@gmail.com,,,,,,,,SMartlead inboxkit users; SL users validated; campaign_leads_2026-03-23_20-27-04_results - campaign_leads_2026-03-23_20-27-04_results.csv; Imported Leads,No,risky,No,,,,,18,,125.00,,,,,,,,,,,,,,,,,,,,,,,,,,,,,,,,,,,54,,,,,2026-02,0.00,,0.00,,,,,,,,,,,,,,,,,,,,,,,Email is valid.,Google Workspace,gmail-smtp-in.l.google.com,FALSE,,,,,,3,,,,,,,,,,,monthly,agency,,,,,,,,,,No,,,,,,,,297.00,,SMartlead inboxkit users; SL users validated; campaign_leads_2026-03-23_20-27-04_results - campaign_leads_2026-03-23_20-27-04_results.csv,,And Then Agency,,4,0.00,375.00,,78.00,0.00,false,enrich,gmail,"""2026-06-06T10:37:49.559Z""",Gmail / Google Workspace,,,,,,,,,
Ben,Soulaimane,benbouker@nerasventurex.com,NerasVenture,Co-Founder,,Paris,Île-de-France,France,https://www.linkedin.com/in/ben-bouker-soulaimane/,SMartlead inboxkit users; Smartlead users sheet; SL users validated; campaign_leads_2026-03-23_20-27-04_results - campaign_leads_2026-03-23_20-27-04_results.csv; Imported Leads,Yes,deliverable,No,,,,,28,,640.00,,,,,,,,,,,,,,,,,,,,,,,,,,,,,,,,,,,325,,,,,2026-02,0.00,,0.00,,,,,,,,,,,,,,,,,,,,,,,,,,,"Greater Paris Metropolitan Region, France",gmail,"""2026-03-31T21:05:09.308Z""",Google Workspace,,3,,,,,,,,,,,none,none,,,,,,,,,,No,No,,,,,,,0.00,,SMartlead inboxkit users; Smartlead users sheet; SL users validated; campaign_leads_2026-03-23_20-27-04_results - campaign_leads_2026-03-23_20-27-04_results.csv; Imported Leads,Smartlead_Followers_Relevant_ICP; Smartlead-Followers-Relevant; Tier 1 & 2; Imported Leads; SL Users,Ultra Thunder,,4,0.00,1920.00,,1920.00,0.00,false,enrich,gmail,"""2026-06-06T10:37:49.700Z""",Gmail / Google Workspace,,,,,,,,,
,,luke@dealspark.io,,,,,,,,SMartlead inboxkit users; SL users validated; campaign_leads_2026-03-23_20-27-04_results - campaign_leads_2026-03-23_20-27-04_results.csv; Imported Leads,Yes,deliverable,No,,,,,1,,66.25,,,,,,,,,,,,,,,,,,,,,,,,,,,,,,,,,,,11,,,,,2026-02,0.00,,0.00,,,,,,,,,,,,,,,,,,,,,,,Email is valid.,Google Workspace,aspmx.l.google.com,FALSE,,,,,,4,,,,,,,,,,,monthly,professional,,,,,,,,,,No,,,,,,,,117.00,,SMartlead inboxkit users; SL users validated; campaign_leads_2026-03-23_20-27-04_results - campaign_leads_2026-03-23_20-27-04_results.csv,,Deal Spark Ltd,,4,0.00,265.00,,148.00,0.00,false,enrich,gmail,"""2026-06-06T10:37:49.724Z""",Gmail / Google Workspace,,,,,,,,,
,,arthur@ring-flow.com,,,,,,,,SMartlead inboxkit users; SL users validated; campaign_leads_2026-03-23_20-27-04_results - campaign_leads_2026-03-23_20-27-04_results.csv; Imported Leads,Yes,deliverable,No,,,,,4,,39.00,,,,,,,,,,,,,,,,,,,,,,,,,,,,,,,,,,,0,,,,,2026-02,0.00,,0.00,,,,,,,,,,,,,,,,,,,,Ringflow Consulting,1-10,Private,Email is valid.,Google Workspace,aspmx.l.google.com,FALSE,,,,,,1,,,,,,,,,,,none,none,,,,,,,,,,No,,,,,,,,39.00,,SMartlead inboxkit users; SL users validated; campaign_leads_2026-03-23_20-27-04_results - campaign_leads_2026-03-23_20-27-04_results.csv,,RingFlow Consulting,,5,0.00,39.00,,0.00,0.00,false,enrich,gmail,"""2026-06-06T10:37:49.704Z""",Gmail / Google Workspace,,,,,,,,,
,,paul@proven-concept.com,,,,,,,,SMartlead inboxkit users; Smartlead users sheet; SL users validated; campaign_leads_2026-03-23_20-27-04_results - campaign_leads_2026-03-23_20-27-04_results.csv; Imported Leads,Yes,deliverable,No,,,,,16,,159.25,,,,,,,,,,,,,,,,,,,,,,,,,,,,,,,,,,,50,,,,,2026-02,0.00,,0.00,,,,,,,,,facebook.com/provenconcept,2012,Marketing And Advertising,Europe,United Kingdom,Portsmouth,Portsmouth,"Portsmouth, Portsmouth, United Kingdom",po6 3ez,Portsmouth,1000 Western Road,Proven Concept,1-10,Private,Email is valid.,Google Workspace,aspmx.l.google.com,FALSE,,,,,,4,,,,,,,,,,,monthly,agency,,,,,,,,,,No,,,,,,,,177.00,,SMartlead inboxkit users; Smartlead users sheet; SL users validated; campaign_leads_2026-03-23_20-27-04_results - campaign_leads_2026-03-23_20-27-04_results.csv,,Rapid Framework,,5,0.00,637.00,,460.00,0.00,false,enrich,gmail,"""2026-06-06T10:37:49.722Z""",Gmail / Google Workspace,,,,,,,,,
,,akram.miladi.private@gmail.com,,,,,,,,SMartlead inboxkit users; SL users validated; campaign_leads_2026-03-23_20-27-04_results - campaign_leads_2026-03-23_20-27-04_results.csv; Imported Leads,No,risky,No,,,,,2,,36.97,,,,,,,,,,,,,,,,,,,,,,,,,,,,,,,,,,,4,,,,,2026-02,0.00,,0.00,,,,,,,,,,,,,,,,,,,,,,,Email is valid.,Google Workspace,gmail-smtp-in.l.google.com,FALSE,,,,,,1,,,,,,,,,,,none,none,,,,,,,,,,No,,,,,,,,0.00,,SMartlead inboxkit users; SL users validated; campaign_leads_2026-03-23_20-27-04_results - campaign_leads_2026-03-23_20-27-04_results.csv,,Direct Path,,5,0.00,36.97,,36.97,0.00,false,enrich,gmail,"""2026-06-06T10:37:49.559Z""",Gmail / Google Workspace,,,,,,,,,
,,jason.herrera@icloud.com,,,,,,,,SMartlead inboxkit users; SL users validated; campaign_leads_2026-03-23_20-27-04_results - campaign_leads_2026-03-23_20-27-04_results.csv; Imported Leads,Yes,deliverable,No,,,,,71,,136.25,,,,,,,,,,,,,,,,,,,,,,,,,,,,,,,,,,,64,,,,,2026-02,0.00,,0.00,,,,,,,,,,2004,Performing Arts,North America,Canada,,,,,,,Envirozone Design Inc.,1-10,Private,Email is valid.,,mx01.mail.icloud.com,FALSE,,,,,,4,,,,,,,,,,,monthly,agency,,,,,,,,,,No,,,,,,,,0.00,,SMartlead inboxkit users; SL users validated; campaign_leads_2026-03-23_20-27-04_results - campaign_leads_2026-03-23_20-27-04_results.csv,,Quantum Viper,,5,9.00,545.02,,545.02,9.00,false,enrich,apple,"""2026-06-06T10:37:49.559Z""",Apple iCloud,,,,,,,,,
,,qasim.javed@clearpathortho.com,,,,,,,,SMartlead inboxkit users; SL users validated; campaign_leads_2026-03-23_20-27-04_results - campaign_leads_2026-03-23_20-27-04_results.csv; Imported Leads,Yes,deliverable,No,,,,,10,,99.00,,,,,,,,,,,,,,,,,,,,,,,,,,,,,,,,,,,30,,,,,2026-02,0.00,,0.00,,,,,,,,,facebook.com/clearpathorthodontics,2007,Hospital & Health Care,Asia,Pakistan,Lahore,Lahore,"Lahore, Punjab, Pakistan",54000,Punjab,6-n Main Boulevard Block North Phase 2 Johar Town,Clearpath Orthodontics (pvt) Ltd,501-1000,Private,Email is valid.,Google Workspace,aspmx.l.google.com,FALSE,,,,,,4,,,,,,,,,,,monthly,agency,,,,,,,,,,No,,,,,,,,396.00,,SMartlead inboxkit users; SL users validated; campaign_leads_2026-03-23_20-27-04_results - campaign_leads_2026-03-23_20-27-04_results.csv,,ClearPath Orthodontics,,5,0.00,396.00,,0.00,0.00,false,enrich,gmail,"""2026-06-06T10:37:49.707Z""",Gmail / Google Workspace,,,,,,,,,
,,ashley.e@naset.org,,,,,,,,SMartlead inboxkit users; SL users validated; campaign_leads_2026-03-23_20-27-04_results - campaign_leads_2026-03-23_20-27-04_results.csv; Imported Leads,Yes,deliverable,No,,,,,4,,47.75,,,,,,,,,,,,,,,,,,,,,,,,,,,,,,,,,,,4,,,,,2026-02,0.00,,0.00,,,,,,,,,facebook.com/nasetmembers,,E-learning,North America,United States,Washington,Washington,"Washington, District Of Columbia, United States",20036,District Of Columbia,1250 Connecticut Avenue,National Association Of Special Education Teachers,11-50,Private,Email is valid.,Google Workspace,aspmx.l.google.com,FALSE,,,,,,2,,,,,,,,,,,monthly,professional,,,,,,,,,,No,,,,,,,,78.00,,SMartlead inboxkit users; SL users validated; campaign_leads_2026-03-23_20-27-04_results - campaign_leads_2026-03-23_20-27-04_results.csv,,Naset,,5,0.00,95.50,,17.50,0.00,false,enrich,gmail,"""2026-06-06T10:37:49.874Z""",Gmail / Google Workspace,,,,,,,,,
,,shaan@coldorange.co,,,,,,,,SMartlead inboxkit users; SL users validated; campaign_leads_2026-03-23_20-27-04_results - campaign_leads_2026-03-23_20-27-04_results.csv; Imported Leads,Yes,deliverable,No,,,,,5,,39.00,,,,,,,,,,,,,,,,,,,,,,,,,,,,,,,,,,,0,,,,,2026-02,0.00,,0.00,,,,,,,,,,,,,,,,,,,,,,,Email is valid.,Google Workspace,smtp.google.com,FALSE,,,,,,2,,,,,,,,,,,none,none,,,,,,,,,,No,,,,,,,,78.00,,SMartlead inboxkit users; SL users validated; campaign_leads_2026-03-23_20-27-04_results - campaign_leads_2026-03-23_20-27-04_results.csv,,Cold Orange,,5,0.00,78.00,,0.00,0.00,false,enrich,gmail,"""2026-06-06T10:37:49.922Z""",Gmail / Google Workspace,,,,,,,,,
,,red@bizbeefunding.com,,,,,,,,SMartlead inboxkit users; SL users validated; campaign_leads_2026-03-23_20-27-04_results - campaign_leads_2026-03-23_20-27-04_results.csv; Imported Leads,Yes,deliverable,No,,,,,13,,113.62,,,,,,,,,,,,,,,,,,,,,,,,,,,,,,,,,,,39,,,,,2026-02,0.00,,0.00,,,,,,,,,,,,,,,,,,,,,,,Email is valid.,Google Workspace,aspmx.l.google.com,FALSE,,,,,,2,,,,,,,,,,,monthly,agency,,,,,,,,,,No,,,,,,,,198.00,,SMartlead inboxkit users; SL users validated; campaign_leads_2026-03-23_20-27-04_results - campaign_leads_2026-03-23_20-27-04_results.csv,,BizBee Funding,,5,0.00,227.25,,29.25,0.00,false,enrich,gmail,"""2026-06-06T10:37:49.950Z""",Gmail / Google Workspace,,,,,,,,,
,,luisjohnson379@gmail.com,,,,,,,,SMartlead inboxkit users; SL users validated; campaign_leads_2026-03-23_20-27-04_results - campaign_leads_2026-03-23_20-27-04_results.csv; Imported Leads,No,risky,No,,,,,15,,46.75,,,,,,,,,,,,,,,,,,,,,,,,,,,,,,,,,,,15,,,,,2026-02,0.00,,0.00,,,,,,,,,,,,,,,,,,,,,,,Email is valid.,Google Workspace,gmail-smtp-in.l.google.com,FALSE,,,,,,4,,,,,,,,,,,monthly,professional,,,,,,,,,,No,,,,,,,,117.00,,SMartlead inboxkit users; SL users validated; campaign_leads_2026-03-23_20-27-04_results - campaign_leads_2026-03-23_20-27-04_results.csv,,Lunar Edge,,5,0.00,187.00,,70.00,0.00,false,enrich,gmail,"""2026-06-06T10:37:49.559Z""",Gmail / Google Workspace,,,,,,,,,
,,panos@autoroofscale.com,,,,,,,,SMartlead inboxkit users; SL users validated; campaign_leads_2026-03-23_20-27-04_results - campaign_leads_2026-03-23_20-27-04_results.csv; Imported Leads,Yes,deliverable,No,,,,,86,,271.32,,,,,,,,,,,,,,,,,,,,,,,,,,,,,,,,,,,0,,,,,2026-02,0.00,,0.00,,,,,,,,,,,,,,,,,,,,,,,Email is valid.,Google Workspace,smtp.google.com,FALSE,,,,,,2,,,,,,,,,,,none,none,,,,,,,,,,No,,,,,,,,0.00,,SMartlead inboxkit users; SL users validated; campaign_leads_2026-03-23_20-27-04_results - campaign_leads_2026-03-23_20-27-04_results.csv,,Tropical Falcon,,5,0.00,542.64,,542.64,0.00,false,enrich,gmail,"""2026-06-06T10:37:49.931Z""",Gmail / Google Workspace,,,,,,,,,
,,oliver@propelr.studio,,,,,,,,SMartlead inboxkit users; SL users validated; campaign_leads_2026-03-23_20-27-04_results - campaign_leads_2026-03-23_20-27-04_results.csv; Imported Leads,Yes,deliverable,No,,,,,16,,419.50,,,,,,,,,,,,,,,,,,,,,,,,,,,,,,,,,,,28,,,,,2026-01,0.00,,0.00,,,,,,,,,,,,,,,,,,,,,,,Email is valid.,Google Workspace,aspmx.l.google.com,FALSE,,,,,,3,,,,,,,,,,,monthly,enterprise,,,,,,,,,,No,,,,,,,,1196.00,,SMartlead inboxkit users; SL users validated; campaign_leads_2026-03-23_20-27-04_results - campaign_leads_2026-03-23_20-27-04_results.csv,,Ocean Falcon,,5,0.00,1258.50,,62.50,0.00,false,enrich,gmail,"""2026-06-06T10:37:49.910Z""",Gmail / Google Workspace,,,,,,,,,
Sebastian,Calder,seb@scalerev.ai,ScaleRev,Founder,,,,,https://www.linkedin.com/in/sebastian-calder-2942a8280/,SMartlead inboxkit users; SL users validated; campaign_leads_2026-03-23_20-27-04_results - campaign_leads_2026-03-23_20-27-04_results.csv; Imported Leads,Yes,deliverable,No,,,,,5,,42.12,,,,,,,,,,,,,,,,,,,,,,,,,,,,,,,,,,,9,,,,,2026-01,0.00,,0.00,,,,,,,,,,,,,,,,,,,,,,,,,,,"United Kingdom, United Kingdom",gmail,"""2026-03-31T21:06:07.201Z""",Google Workspace,,4,,,,,,,,,,,monthly,professional,,,,,,,,,,No,No,,,,,,,156.00,,SMartlead inboxkit users; SL users validated; campaign_leads_2026-03-23_20-27-04_results - campaign_leads_2026-03-23_20-27-04_results.csv; Imported Leads,Signups - Not paid; Imported Leads; SL Users,ScaleRev,,5,0.00,168.50,,12.50,0.00,false,enrich,gmail,"""2026-06-06T10:37:49.898Z""",Gmail / Google Workspace,,,,,,,,,
,,jake@jxcreative.co,,,,,,,,SMartlead inboxkit users; SL users validated; campaign_leads_2026-03-23_20-27-04_results - campaign_leads_2026-03-23_20-27-04_results.csv; Imported Leads,Yes,deliverable,No,,,,,49,,123.40,,,,,,,,,,,,,,,,,,,,,,,,,,,,,,,,,,,98,,,,,2026-01,0.00,,0.00,,,,,,,,,,,,,,,,,,,,,,,Email is valid.,Google Workspace,aspmx.l.google.com,FALSE,,,,,,5,,,,,,,,,,,monthly,agency,,,,,,,,,,No,,,,,,,,396.00,,SMartlead inboxkit users; SL users validated; campaign_leads_2026-03-23_20-27-04_results - campaign_leads_2026-03-23_20-27-04_results.csv,,Solar Nebula,,5,0.00,617.00,,221.00,0.00,false,enrich,gmail,"""2026-06-06T10:37:49.944Z""",Gmail / Google Workspace,,,,,,,,,
,,enoch@lamont.capital,,,,,,,,SMartlead inboxkit users; SL users validated; campaign_leads_2026-03-23_20-27-04_results - campaign_leads_2026-03-23_20-27-04_results.csv; Imported Leads,Yes,deliverable,No,,,,,1,,42.50,,,,,,,,,,,,,,,,,,,,,,,,,,,,,,,,,,,0,,,,,2026-01,0.00,,0.00,,,,,,,,,,,,,,,,,,,,,,,Email is valid.,Google Workspace,aspmx.l.google.com,FALSE,,,,,,1,,,,,,,,,,,none,none,,,,,,,,,,No,,,,,,,,0.00,,SMartlead inboxkit users; SL users validated; campaign_leads_2026-03-23_20-27-04_results - campaign_leads_2026-03-23_20-27-04_results.csv,,Emerald Nebula,,5,0.00,42.50,,42.50,0.00,false,enrich,gmail,"""2026-06-06T10:37:49.892Z""",Gmail / Google Workspace,,,,,,,,,
,,d247on@gmail.com,,,,,,,,SMartlead inboxkit users; SL users validated; campaign_leads_2026-03-23_20-27-04_results - campaign_leads_2026-03-23_20-27-04_results.csv; Imported Leads,No,risky,No,,,,,1,,42.00,,,,,,,,,,,,,,,,,,,,,,,,,,,,,,,,,,,2,,,,,2026-01,0.00,,0.00,,,,,,,,,,,,,,,,,,,,,,,Email is valid.,Google Workspace,gmail-smtp-in.l.google.com,FALSE,,,,,,1,,,,,,,,,,,none,none,,,,,,,,,,No,,,,,,,,0.00,,SMartlead inboxkit users; SL users validated; campaign_leads_2026-03-23_20-27-04_results - campaign_leads_2026-03-23_20-27-04_results.csv,,Nano Orbit,,5,42.00,42.00,,42.00,0.00,false,enrich,gmail,"""2026-06-06T10:37:49.559Z""",Gmail / Google Workspace,,,,,,,,,
,,rajinimino@gmail.com,,,,,,,,SMartlead inboxkit users; SL users validated; campaign_leads_2026-03-23_20-27-04_results - campaign_leads_2026-03-23_20-27-04_results.csv; Imported Leads,No,risky,No,,,,,3,,39.00,,,,,,,,,,,,,,,,,,,,,,,,,,,,,,,,,,,9,,,,,2026-01,0.00,,0.00,,,,,,,,,,,,,,,,,,,,,,,Email is valid.,Google Workspace,gmail-smtp-in.l.google.com,FALSE,,,,,,4,,,,,,,,,,,monthly,professional,,,,,,,,,,No,,,,,,,,156.00,,SMartlead inboxkit users; SL users validated; campaign_leads_2026-03-23_20-27-04_results - campaign_leads_2026-03-23_20-27-04_results.csv,,ArthaFintech,,5,0.00,156.00,,0.00,0.00,false,enrich,gmail,"""2026-06-06T10:37:49.559Z""",Gmail / Google Workspace,,,,,,,,,
,,miguelvieirarolo@gmail.com,,,,,,,,SMartlead inboxkit users; SL users validated; campaign_leads_2026-03-23_20-27-04_results - campaign_leads_2026-03-23_20-27-04_results.csv; Imported Leads,No,risky,No,,,,,10,,140.67,,,,,,,,,,,,,,,,,,,,,,,,,,,,,,,,,,,30,,,,,2026-02,0.00,,0.00,,,,,,,,,,,,,,,,,,,,,,,Email is valid.,Google Workspace,gmail-smtp-in.l.google.com,FALSE,,,,,,3,,,,,,,,,,,monthly,agency,,,,,,,,,,No,,,,,,,,297.00,,SMartlead inboxkit users; SL users validated; campaign_leads_2026-03-23_20-27-04_results - campaign_leads_2026-03-23_20-27-04_results.csv,,Thruput Partners,,5,0.00,422.00,,125.00,0.00,false,enrich,gmail,"""2026-06-06T10:37:49.559Z""",Gmail / Google Workspace,,,,,,,,,
,,rachelsummitjones@gmail.com,,,,,,,,SMartlead inboxkit users; SL users validated; campaign_leads_2026-03-23_20-27-04_results - campaign_leads_2026-03-23_20-27-04_results.csv; Imported Leads,No,risky,No,,,,,3,,48.38,,,,,,,,,,,,,,,,,,,,,,,,,,,,,,,,,,,10,,,,,2026-01,0.00,,0.00,,,,,,,,,,,,,,,,,,,,,,,Email is valid.,Google Workspace,gmail-smtp-in.l.google.com,FALSE,,,,,,4,,,,,,,,,,,monthly,professional,,,,,,,,,,No,,,,,,,,156.00,,SMartlead inboxkit users; SL users validated; campaign_leads_2026-03-23_20-27-04_results - campaign_leads_2026-03-23_20-27-04_results.csv,,Summit Judgement Recovery,,5,0.00,193.50,,37.50,0.00,false,enrich,gmail,"""2026-06-06T10:37:49.559Z""",Gmail / Google Workspace,,,,,,,,,
,,otto@swarmia.com,,,,,,,,SMartlead inboxkit users; SL users validated; campaign_leads_2026-03-23_20-27-04_results - campaign_leads_2026-03-23_20-27-04_results.csv; Imported Leads,Yes,deliverable,No,,,,,4,,39.00,,,,,,,,,,,,,,,,,,,,,,,,,,,,,,,,,,,8,,,,,2026-01,0.00,,0.00,,,,,,,,,facebook.com/swarmiahq,2019,Computer Software,Europe,Finland,Helsinki,Helsinki,"Helsinki, Southern Finland, Finland",180,Southern Finland,16 Lapinlahdenkatu,Swarmia,11-50,Private,Email is valid.,Google Workspace,aspmx.l.google.com,FALSE,,,,,,4,,,,,,,,,,,monthly,professional,,,,,,,,,,No,,,,,,,,156.00,,SMartlead inboxkit users; SL users validated; campaign_leads_2026-03-23_20-27-04_results - campaign_leads_2026-03-23_20-27-04_results.csv,,Swarmia,,5,0.00,156.00,,0.00,0.00,false,enrich,gmail,"""2026-06-06T10:37:49.873Z""",Gmail / Google Workspace,,,,,,,,,
,,robericksanders@gmail.com,,,,,,,,SMartlead inboxkit users; SL users validated; campaign_leads_2026-03-23_20-27-04_results - campaign_leads_2026-03-23_20-27-04_results.csv; Imported Leads,No,risky,No,,,,,98,,504.83,,,,,,,,,,,,,,,,,,,,,,,,,,,,,,,,,,,158,,,,,2026-01,0.00,,0.00,,,,,,,,,,,,,,,,,,,,,,,Email is valid.,Google Workspace,gmail-smtp-in.l.google.com,FALSE,,,,,,5,,,,,,,,,,,monthly,enterprise,,,,,,,,,,No,,,,,,,,897.00,,SMartlead inboxkit users; SL users validated; campaign_leads_2026-03-23_20-27-04_results - campaign_leads_2026-03-23_20-27-04_results.csv,,Base Star,,5,0.00,2524.14,,1627.14,0.00,false,enrich,gmail,"""2026-06-06T10:37:49.559Z""",Gmail / Google Workspace,,,,,,,,,
,,info@sparklingstays.com,,,,,,,,SMartlead inboxkit users; SL users validated; campaign_leads_2026-03-23_20-27-04_results - campaign_leads_2026-03-23_20-27-04_results.csv; Imported Leads,No,risky,No,,,,,1,,8.16,,,,,,,,,,,,,,,,,,,,,,,,,,,,,,,,,,,0,,,,,2026-01,0.00,,0.00,,,,,,,,,,,,,,,,,,,,,,,Email is valid.,Google Workspace,aspmx.l.google.com,FALSE,,,,,,3,,,,,,,,,,,none,none,,,,,,,,,,No,,,,,,,,0.00,,SMartlead inboxkit users; SL users validated; campaign_leads_2026-03-23_20-27-04_results - campaign_leads_2026-03-23_20-27-04_results.csv,,Matrix Eagle,,5,0.00,24.47,,24.47,0.00,false,enrich,gmail,"""2026-06-06T10:37:49.901Z""",Gmail / Google Workspace,,,,,,,,,
,,anthony.mahajan1@gmail.com,,,,,,,,SMartlead inboxkit users; SL users validated; campaign_leads_2026-03-23_20-27-04_results - campaign_leads_2026-03-23_20-27-04_results.csv; Imported Leads,No,risky,No,,,,,90,,367.77,,,,,,,,,,,,,,,,,,,,,,,,,,,,,,,,,,,180,,,,,2026-01,0.00,,0.00,,,,,,,,,,,,,,,,,,,,,,,Email is valid.,Google Workspace,gmail-smtp-in.l.google.com,FALSE,,,,,,4,,,,,,,,,,,monthly,enterprise,,,,,,,,,,No,,,,,,,,1196.00,,SMartlead inboxkit users; SL users validated; campaign_leads_2026-03-23_20-27-04_results - campaign_leads_2026-03-23_20-27-04_results.csv,,Health Law Alliance,,5,0.00,1471.08,,275.08,0.00,false,enrich,gmail,"""2026-06-06T10:37:49.559Z""",Gmail / Google Workspace,,,,,,,,,
,,raymond@synscribe.com,,,,,,,,SMartlead inboxkit users; SL users validated; campaign_leads_2026-03-23_20-27-04_results - campaign_leads_2026-03-23_20-27-04_results.csv; Imported Leads,Yes,deliverable,No,,,,,4,,93.62,,,,,,,,,,,,,,,,,,,,,,,,,,,,,,,,,,,130,,,,,2026-01,0.50,,18.00,,,,,,,,,,,,,,,,,,,,,,,Email is valid.,Google Workspace,smtp.google.com,FALSE,,,,,,5,,,,,,,,,,,none,none,,,,,,,,,,No,,,,,,,,0.00,,SMartlead inboxkit users; SL users validated; campaign_leads_2026-03-23_20-27-04_results - campaign_leads_2026-03-23_20-27-04_results.csv,,Synscribe,,5,18.50,468.10,,468.10,0.00,false,enrich,gmail,"""2026-06-06T10:37:49.926Z""",Gmail / Google Workspace,,,,,,,,,
,,muhsin@synality.com,,,,,,,,SMartlead inboxkit users; SL users validated; campaign_leads_2026-03-23_20-27-04_results - campaign_leads_2026-03-23_20-27-04_results.csv; Imported Leads,Yes,deliverable,No,,,,,13,,51.17,,,,,,,,,,,,,,,,,,,,,,,,,,,,,,,,,,,26,,,,,2026-01,0.50,,0.00,,,,,,,,,,,,,,,,,,,,,,,Email is valid.,Google Workspace,smtp.google.com,FALSE,,,,,,5,,,,,,,,,,,none,none,,,,,,,,,,No,,,,,,,,0.00,,SMartlead inboxkit users; SL users validated; campaign_leads_2026-03-23_20-27-04_results - campaign_leads_2026-03-23_20-27-04_results.csv,,Optimal Leopard,,5,0.50,255.86,,255.86,0.00,false,enrich,gmail,"""2026-06-06T10:37:49.907Z""",Gmail / Google Workspace,,,,,,,,,
,,syed.raed.k@gmail.com,,,,,,,,SMartlead inboxkit users; SL users validated; campaign_leads_2026-03-23_20-27-04_results - campaign_leads_2026-03-23_20-27-04_results.csv; Imported Leads,No,risky,No,,,,,8,,11.28,,,,,,,,,,,,,,,,,,,,,,,,,,,,,,,,,,,18,,,,,2026-01,0.50,,0.00,,,,,,,,,,,,,,,,,,,,,,,Email is valid.,Google Workspace,gmail-smtp-in.l.google.com,FALSE,,,,,,5,,,,,,,,,,,monthly,professional,,,,,,,,,,No,,,,,,,,0.00,,SMartlead inboxkit users; SL users validated; campaign_leads_2026-03-23_20-27-04_results - campaign_leads_2026-03-23_20-27-04_results.csv,,Fedour FZE,,5,0.50,56.41,,56.41,0.00,false,enrich,gmail,"""2026-06-06T10:37:49.559Z""",Gmail / Google Workspace,,,,,,,,,
,,tylerdnorkus@gmail.com,,,,,,,,SMartlead inboxkit users; SL users validated; campaign_leads_2026-03-23_20-27-04_results - campaign_leads_2026-03-23_20-27-04_results.csv; Imported Leads,No,risky,No,,,,,0,,207.20,,,,,,,,,,,,,,,,,,,,,,,,,,,,,,,,,,,30,,,,,2026-01,0.00,,0.00,,,,,,,,,,,,,,,,,,,,,,,Email is valid.,Google Workspace,gmail-smtp-in.l.google.com,FALSE,,,,,,5,,,,,,,,,,,monthly,agency,,,,,,,,,,No,,,,,,,,396.00,,SMartlead inboxkit users; SL users validated; campaign_leads_2026-03-23_20-27-04_results - campaign_leads_2026-03-23_20-27-04_results.csv,,Meta Matrix,,5,0.00,1036.00,,640.00,0.00,false,enrich,gmail,"""2026-06-06T10:37:49.559Z""",Gmail / Google Workspace,,,,,,,,,
,,nikolay5011995@gmail.com,,,,,,,,SMartlead inboxkit users; SL users validated; campaign_leads_2026-03-23_20-27-04_results - campaign_leads_2026-03-23_20-27-04_results.csv; Imported Leads,No,risky,No,,,,,0,,56.54,,,,,,,,,,,,,,,,,,,,,,,,,,,,,,,,,,,0,,,,,2026-01,0.00,,0.00,,,,,,,,,,,,,,,,,,,,,,,Email is valid.,Google Workspace,gmail-smtp-in.l.google.com,FALSE,,,,,,3,,,,,,,,,,,none,none,,,,,,,,,,No,,,,,,,,0.00,,SMartlead inboxkit users; SL users validated; campaign_leads_2026-03-23_20-27-04_results - campaign_leads_2026-03-23_20-27-04_results.csv,,Global Satellite,,5,18.00,169.62,,169.62,18.00,false,enrich,gmail,"""2026-06-06T10:37:49.559Z""",Gmail / Google Workspace,,,,,,,,,
,,malmgrowth@gmail.com,,,,,,,,SMartlead inboxkit users; SL users validated; campaign_leads_2026-03-23_20-27-04_results - campaign_leads_2026-03-23_20-27-04_results.csv; Imported Leads,No,risky,No,,,,,,,,,,,,,,,,,,,,,,,,,,,,,,,,,,,,,,,,,,,,,,,,,,,,,,,,,,,,,,,,,,,,,,,,,Email is valid.,Google Workspace,gmail-smtp-in.l.google.com,FALSE,,,,,,,,,,,,,,,,,,,,,,,,,,,,No,,,,,,,,,,SMartlead inboxkit users; SL users validated; campaign_leads_2026-03-23_20-27-04_results - campaign_leads_2026-03-23_20-27-04_results.csv,,,,,,,,,,false,enrich,gmail,"""2026-06-06T10:37:49.559Z""",Gmail / Google Workspace,,,,,,,,,
,,scott@coframe.com,,,,,,,,SMartlead inboxkit users; SL users validated; campaign_leads_2026-03-23_20-27-04_results - campaign_leads_2026-03-23_20-27-04_results.csv; Imported Leads,Yes,deliverable,No,,,,,10,,130.25,,,,,,,,,,,,,,,,,,,,,,,,,,,,,,,,,,,0,,,,,2026-01,0.00,,0.00,,,,,,,,,,,Internet,,,,,,,,,Coframe,1-10,Private,Email is valid.,Google Workspace,smtp.google.com,FALSE,,,,,,4,,,,,,,,,,,none,none,,,,,,,,,,No,,,,,,,,396.00,,SMartlead inboxkit users; SL users validated; campaign_leads_2026-03-23_20-27-04_results - campaign_leads_2026-03-23_20-27-04_results.csv,,Coframe,,5,0.00,521.00,,125.00,0.00,false,enrich,gmail,"""2026-06-06T10:37:49.892Z""",Gmail / Google Workspace,,,,,,,,,
,,qasimjaved06@gmail.com,,,,,,,,SMartlead inboxkit users; SL users validated; campaign_leads_2026-03-23_20-27-04_results - campaign_leads_2026-03-23_20-27-04_results.csv; Imported Leads,No,risky,No,,,,,20,,223.75,,,,,,,,,,,,,,,,,,,,,,,,,,,,,,,,,,,60,,,,,2026-01,0.00,,0.00,,,,,,,,,,,,,,,,,,,,,,,Email is valid.,Google Workspace,gmail-smtp-in.l.google.com,FALSE,,,,,,4,,,,,,,,,,,monthly,enterprise,,,,,,,,,,No,,,,,,,,895.00,,SMartlead inboxkit users; SL users validated; campaign_leads_2026-03-23_20-27-04_results - campaign_leads_2026-03-23_20-27-04_results.csv,,Oryn Global,,5,0.00,895.00,,0.00,0.00,false,enrich,gmail,"""2026-06-06T10:37:49.559Z""",Gmail / Google Workspace,,,,,,,,,
Michael,M.,michael@appointeer.com,Appointeer,Founder,,,,United Kingdom,https://www.linkedin.com/in/michael-mound/,SMartlead inboxkit users; SL users validated; campaign_leads_2026-03-23_20-27-04_results - campaign_leads_2026-03-23_20-27-04_results.csv; Imported Leads,Yes,deliverable,No,,,,,3,,95.22,,,,,,,,,,,,,,,,,,,,,,,,,,,,,,,,,,,2,,,,,2026-02,0.00,,9.00,,,,,,,,,,,,,,,,,,,,,,,,,,,"United Kingdom, United Kingdom",gmail,"""2026-03-31T21:06:07.201Z""",Google Workspace,,2,,,,,,,,,,,none,none,,,,,,,,,,No,No,,,,,,,0.00,,SMartlead inboxkit users; SL users validated; campaign_leads_2026-03-23_20-27-04_results - campaign_leads_2026-03-23_20-27-04_results.csv; Imported Leads,Signups - Not paid; Imported Leads; SL Users,Dynamic Neutron,,5,9.00,190.44,,190.44,0.00,false,enrich,gmail,"""2026-06-06T10:37:49.883Z""",Gmail / Google Workspace,,,,,,,,,
,,growth@gushwork.ai,,,,,,,,SMartlead inboxkit users; SL users validated; campaign_leads_2026-03-23_20-27-04_results - campaign_leads_2026-03-23_20-27-04_results.csv; Imported Leads,Yes,deliverable,No,,,,,17,,478.50,,,,,,,,,,,,,,,,,,,,,,,,,,,,,,,,,,,16,,,,,2026-01,0.00,,0.00,,,,,,,,,,2023,Computer Software,North America,United States,Brooklyn,Brooklyn,"Brooklyn, New York, United States",11218,New York,829 Greenwood Avenue,Gushwork,11-50,Private,Email is valid.,Google Workspace,aspmx.l.google.com,FALSE,,,,,,2,,,,,,,,,,,none,none,,,,,,,,,,No,,,,,,,,0.00,,SMartlead inboxkit users; SL users validated; campaign_leads_2026-03-23_20-27-04_results - campaign_leads_2026-03-23_20-27-04_results.csv,,Gushwork.ai,,5,714.00,957.00,,957.00,0.00,false,enrich,gmail,"""2026-06-06T10:37:50.181Z""",Gmail / Google Workspace,,,,,,,,,
,,ryan@scoutcities.com,,,,,,,,SMartlead inboxkit users; SL users validated; campaign_leads_2026-03-23_20-27-04_results - campaign_leads_2026-03-23_20-27-04_results.csv; Imported Leads,Yes,deliverable,No,,,,,6,,108.98,,,,,,,,,,,,,,,,,,,,,,,,,,,,,,,,,,,20,,,,,2026-01,0.00,,0.00,,,,,,,,,,,Government Relations,North America,United States,Bozeman,Bozeman,"Bozeman, Montana, United States",59718,Montana,,Scoutcities.com,1-10,Private,Email is valid.,Google Workspace,aspmx.l.google.com,FALSE,,,,,,5,,,,,,,,,,,monthly,agency,,,,,,,,,,No,,,,,,,,276.00,,SMartlead inboxkit users; SL users validated; campaign_leads_2026-03-23_20-27-04_results - campaign_leads_2026-03-23_20-27-04_results.csv,,Scout Cities,,5,102.00,544.89,,268.89,102.00,false,enrich,gmail,"""2026-06-06T10:37:49.874Z""",Gmail / Google Workspace,,,,,,,,,
,,harun@leadhype.com,,,,,,,,SMartlead inboxkit users; SL users validated; campaign_leads_2026-03-23_20-27-04_results - campaign_leads_2026-03-23_20-27-04_results.csv; Imported Leads,No,risky,No,,,,,2292,,3677.50,,,,,,,,,,,,,,,,,,,,,,,,,,,,,,,,,,,2322,,,,,2026-01,0.00,,0.00,,,,,,,,,,,Research,,,,,,,,,Leadhype,1-10,Private,Email is valid.,Google Workspace,aspmx.l.google.com,FALSE,,,,,,5,,,,,,,,,,,none,none,,,,,,,,,,No,,,,,,,,0.00,,SMartlead inboxkit users; SL users validated; campaign_leads_2026-03-23_20-27-04_results - campaign_leads_2026-03-23_20-27-04_results.csv,,Essential Dragon,,5,0.00,18387.50,,18387.50,0.00,false,enrich,gmail,"""2026-06-06T10:37:49.592Z""",Gmail / Google Workspace,,,,,,,,,
,,afee-k@advidors.com,,,,,,,,SMartlead inboxkit users; SL users validated; campaign_leads_2026-03-23_20-27-04_results - campaign_leads_2026-03-23_20-27-04_results.csv; Imported Leads,Yes,deliverable,No,,,,,13,,69.08,,,,,,,,,,,,,,,,,,,,,,,,,,,,,,,,,,,10,,,,,2026-01,1.10,,0.00,,,,,,,,,,,,,,,,,,,,,,,Email is valid.,Google Workspace,SMTP.GOOGLE.com,FALSE,,,,,,3,,,,,,,,,,,none,none,,,,,,,,,,No,,,,,,,,0.00,,SMartlead inboxkit users; SL users validated; campaign_leads_2026-03-23_20-27-04_results - campaign_leads_2026-03-23_20-27-04_results.csv,,Advidors LLC,,5,1.10,207.24,,207.24,0.00,false,enrich,gmail,"""2026-06-06T10:37:49.938Z""",Gmail / Google Workspace,,,,,,,,,
,,kayla@ascentcfo.com,,,,,,,,SMartlead inboxkit users; SL users validated; campaign_leads_2026-03-23_20-27-04_results - campaign_leads_2026-03-23_20-27-04_results.csv; Imported Leads,Yes,deliverable,No,,,,,1,,41.00,,,,,,,,,,,,,,,,,,,,,,,,,,,,,,,,,,,0,,,,,2026-01,0.00,,0.00,,,,,,,,,,2011,Accounting,North America,United States,Boulder,Boulder,"Boulder, Colorado, United States",80302,Colorado,1035 Pearl Street,Ascent Cfo Solutions,11-50,Private,Email is valid.,Google Workspace,aspmx.l.google.com,FALSE,,,,,,3,,,,,,,,,,,none,none,,,,,,,,,,No,,,,,,,,0.00,,SMartlead inboxkit users; SL users validated; campaign_leads_2026-03-23_20-27-04_results - campaign_leads_2026-03-23_20-27-04_results.csv,,Nexus Vision,,5,42.00,123.00,,123.00,0.00,false,enrich,gmail,"""2026-06-06T10:37:49.926Z""",Gmail / Google Workspace,,,,,,,,,
,,ben@factorymargin.com,,,,,,,,SMartlead inboxkit users; SL users validated; campaign_leads_2026-03-23_20-27-04_results - campaign_leads_2026-03-23_20-27-04_results.csv; Imported Leads,Yes,deliverable,No,,,,,3,,39.00,,,,,,,,,,,,,,,,,,,,,,,,,,,,,,,,,,,9,,,,,2026-01,0.00,,0.00,,,,,,,,,,,,,,,,,,,,,,,Email is valid.,Google Workspace,smtp.google.com,FALSE,,,,,,4,,,,,,,,,,,monthly,professional,,,,,,,,,,No,,,,,,,,156.00,,SMartlead inboxkit users; SL users validated; campaign_leads_2026-03-23_20-27-04_results - campaign_leads_2026-03-23_20-27-04_results.csv,,Enterprise Lion,,5,0.00,156.00,,0.00,0.00,false,enrich,gmail,"""2026-06-06T10:37:49.931Z""",Gmail / Google Workspace,,,,,,,,,
,,benjaminginexe@gmail.com,,,,,,,,SMartlead inboxkit users; SL users validated; campaign_leads_2026-03-23_20-27-04_results - campaign_leads_2026-03-23_20-27-04_results.csv; Imported Leads,No,risky,No,,,,,212,,292.17,,,,,,,,,,,,,,,,,,,,,,,,,,,,,,,,,,,210,,,,,2026-01,0.00,,0.00,,,,,,,,,,,,,,,,,,,,,,,Email is valid.,Google Workspace,gmail-smtp-in.l.google.com,FALSE,,,,,,5,,,,,,,,,,,monthly,enterprise,,,,,,,,,,No,,,,,,,,598.00,,SMartlead inboxkit users; SL users validated; campaign_leads_2026-03-23_20-27-04_results - campaign_leads_2026-03-23_20-27-04_results.csv,,Strategic Lightning,,5,0.00,1460.86,,862.86,0.00,false,enrich,gmail,"""2026-06-06T10:37:49.559Z""",Gmail / Google Workspace,,,,,,,,,
,,rwb.ceo@gmail.com,,,,,,,,SMartlead inboxkit users; SL users validated; campaign_leads_2026-03-23_20-27-04_results - campaign_leads_2026-03-23_20-27-04_results.csv; Imported Leads,No,risky,No,,,,,4,,74.28,,,,,,,,,,,,,,,,,,,,,,,,,,,,,,,,,,,20,,,,,2026-01,0.00,,42.00,,,,,,,,,,,,,,,,,,,,,,,Email is valid.,Google Workspace,gmail-smtp-in.l.google.com,FALSE,,,,,,5,,,,,,,,,,,monthly,professional,,,,,,,,,,No,,,,,,,,117.00,,SMartlead inboxkit users; SL users validated; campaign_leads_2026-03-23_20-27-04_results - campaign_leads_2026-03-23_20-27-04_results.csv,,Vortex Lead System,,5,42.00,371.40,,254.40,0.00,false,enrich,gmail,"""2026-06-06T10:37:49.559Z""",Gmail / Google Workspace,,,,,,,,,
,,omar.almubarak@omnivate.co.uk,,,,,,,,SMartlead inboxkit users; SL users validated; campaign_leads_2026-03-23_20-27-04_results - campaign_leads_2026-03-23_20-27-04_results.csv; Imported Leads,Yes,deliverable,No,,,,,723,,4059.04,,,,,,,,,,,,,,,,,,,,,,,,,,,,,,,,,,,1179,,,,,2026-01,0.00,,0.00,,,,,,,,,,,,Europe,United Kingdom,London,London,"London, Greater London, United Kingdom",,Greater London,,Omnivate,1-10,Private,Email is valid.,Google Workspace,aspmx.l.google.com,FALSE,,,,,,5,,,,,,,,,,,monthly,enterprise,,,,,,,,,,No,,,,,,,,569.00,,SMartlead inboxkit users; SL users validated; campaign_leads_2026-03-23_20-27-04_results - campaign_leads_2026-03-23_20-27-04_results.csv,,Desert Pinnacle,,5,0.00,20295.22,,19726.22,0.00,false,enrich,gmail,"""2026-06-06T10:37:49.899Z""",Gmail / Google Workspace,,,,,,,,,
,,miguel.v.rolo@gmail.com,,,,,,,,SMartlead inboxkit users; SL users validated; campaign_leads_2026-03-23_20-27-04_results - campaign_leads_2026-03-23_20-27-04_results.csv; Imported Leads,No,risky,No,,,,,45,,450.52,,,,,,,,,,,,,,,,,,,,,,,,,,,,,,,,,,,90,,,,,2026-01,0.00,,0.00,,,,,,,,,,,,,,,,,,,,,,,Email is valid.,Google Workspace,gmail-smtp-in.l.google.com,FALSE,,,,,,4,,,,,,,,,,,quarterly,agency,,,,,,,,,,No,,,,,,,,540.00,,SMartlead inboxkit users; SL users validated; campaign_leads_2026-03-23_20-27-04_results - campaign_leads_2026-03-23_20-27-04_results.csv,,Olor Ventures,,5,0.00,1802.10,,1262.10,0.00,false,enrich,gmail,"""2026-06-06T10:37:49.559Z""",Gmail / Google Workspace,,,,,,,,,
,,abhinav@caseinflow.com,,,,,,,,SMartlead inboxkit users; SL users validated; campaign_leads_2026-03-23_20-27-04_results - campaign_leads_2026-03-23_20-27-04_results.csv; Imported Leads,Yes,deliverable,No,,,,,5,,19.95,,,,,,,,,,,,,,,,,,,,,,,,,,,,,,,,,,,0,,,,,2026-01,0.00,,0.00,,,,,,,,,,,,,,,,,,,,,,,Email is valid.,Google Workspace,SMTP.GOOGLE.com,FALSE,,,,,,3,,,,,,,,,,,none,none,,,,,,,,,,No,,,,,,,,0.00,,SMartlead inboxkit users; SL users validated; campaign_leads_2026-03-23_20-27-04_results - campaign_leads_2026-03-23_20-27-04_results.csv,,Strategic Portal,,5,0.00,59.85,,59.85,0.00,false,enrich,gmail,"""2026-06-06T10:37:50.134Z""",Gmail / Google Workspace,,,,,,,,,
,,mohithgadireddy@gmail.com,,,,,,,,SMartlead inboxkit users; SL users validated; campaign_leads_2026-03-23_20-27-04_results - campaign_leads_2026-03-23_20-27-04_results.csv; Imported Leads,No,risky,No,,,,,1,,7.98,,,,,,,,,,,,,,,,,,,,,,,,,,,,,,,,,,,1,,,,,2026-01,0.00,,0.00,,,,,,,,,,,,,,,,,,,,,,,Email is valid.,Google Workspace,gmail-smtp-in.l.google.com,FALSE,,,,,,2,,,,,,,,,,,none,none,,,,,,,,,,No,,,,,,,,0.00,,SMartlead inboxkit users; SL users validated; campaign_leads_2026-03-23_20-27-04_results - campaign_leads_2026-03-23_20-27-04_results.csv,,FunnelScalePro,,5,0.00,15.96,,15.96,0.00,false,enrich,gmail,"""2026-06-06T10:37:49.559Z""",Gmail / Google Workspace,,,,,,,,,
,,aqil@astra-advertising.com,,,,,,,,SMartlead inboxkit users; Smartlead users sheet; SL users validated; campaign_leads_2026-03-23_20-27-04_results - campaign_leads_2026-03-23_20-27-04_results.csv; Imported Leads,Yes,deliverable,No,,,,,41,,422.00,,,,,,,,,,,,,,,,,,,,,,,,,,,,,,,,,,,100,,,,,2026-02,0.00,,0.00,,,,,,,,,,,Marketing And Advertising,Europe,United Kingdom,London,London,"London, England, United Kingdom",,England,,Astra Digital,1-10,Private,Email is valid.,Google Workspace,aspmx.l.google.com,FALSE,,,,,,3,,,,,,,,,,,monthly,enterprise,,,,,,,,,,No,,,,,,,,897.00,,SMartlead inboxkit users; Smartlead users sheet; SL users validated; campaign_leads_2026-03-23_20-27-04_results - campaign_leads_2026-03-23_20-27-04_results.csv,,ThePod,,5,0.00,1266.00,,369.00,0.00,false,enrich,gmail,"""2026-06-06T10:37:49.926Z""",Gmail / Google Workspace,,,,,,,,,
,,david.rodriguez@messari.io,,,,,,,,SMartlead inboxkit users; SL users validated; campaign_leads_2026-03-23_20-27-04_results - campaign_leads_2026-03-23_20-27-04_results.csv; Imported Leads,Yes,deliverable,No,,,,,10,,156.92,,,,,,,,,,,,,,,,,,,,,,,,,,,,,,,,,,,15,,,,,2026-01,0.00,,0.00,,,,,,,,,facebook.com/messaricryptodata,2018,Information Technology And Services,North America,United States,New York,New York,"New York, New York, United States",10036,New York,,Messari,51-200,Private,Email is valid.,Google Workspace,aspmx.l.google.com,FALSE,,,,,,3,,,,,,,,,,,none,none,,,,,,,,,,No,,,,,,,,297.00,,SMartlead inboxkit users; SL users validated; campaign_leads_2026-03-23_20-27-04_results - campaign_leads_2026-03-23_20-27-04_results.csv,,Messari,,6,0.00,470.75,,173.75,0.00,false,enrich,gmail,"""2026-06-06T10:37:49.883Z""",Gmail / Google Workspace,,,,,,,,,
,,murali.garlapati@eminds.ai,,,,,,,,SMartlead inboxkit users; SL users validated; campaign_leads_2026-03-23_20-27-04_results - campaign_leads_2026-03-23_20-27-04_results.csv; Imported Leads,Yes,deliverable,No,,,,,,,,,,,,,,,,,,,,,,,,,,,,,,,,,,,,,,,,,,,,,,,,,,,,,,,,,,,,2017,Computer Software,North America,United States,San Ramon,San Ramon,"San Ramon, California, United States",94583,California,2603 Camino Ramon,"Enterprise Minds, Inc",501-1000,Private,Email is valid.,,mx01.mailngx.com,FALSE,,,,,,,,,,,,,,,,,,,,,,,,,,,,No,,,,,,,,,,SMartlead inboxkit users; SL users validated; campaign_leads_2026-03-23_20-27-04_results - campaign_leads_2026-03-23_20-27-04_results.csv,,,,,,,,,,false,enrich,outlook,"""2026-06-06T10:37:49.915Z""",Outlook / Microsoft 365,,,,,,,,,
,,production@marketersindemand.com,,,,,,,,SMartlead inboxkit users; SL users validated; campaign_leads_2026-03-23_20-27-04_results - campaign_leads_2026-03-23_20-27-04_results.csv; Imported Leads,No,risky,No,,,,,23,,99.61,,,,,,,,,,,,,,,,,,,,,,,,,,,,,,,,,,,27,,,,,2026-01,0.00,,51.00,,,,,,,,,,2020,Media Production,,,,,,,,,Marketers In Demand,11-50,Private,Email is valid.,Google Workspace,aspmx.l.google.com,FALSE,,,,,,5,,,,,,,,,,,none,none,,,,,,,,,,No,,,,,,,,0.00,,SMartlead inboxkit users; SL users validated; campaign_leads_2026-03-23_20-27-04_results - campaign_leads_2026-03-23_20-27-04_results.csv,,Tech Framework,,6,51.00,498.07,,498.07,0.00,false,enrich,gmail,"""2026-06-06T10:37:49.936Z""",Gmail / Google Workspace,,,,,,,,,
,,yash@thrivingarc.com,,,,,,,,SMartlead inboxkit users; SL users validated; campaign_leads_2026-03-23_20-27-04_results - campaign_leads_2026-03-23_20-27-04_results.csv; Imported Leads,Yes,deliverable,No,,,,,47,,577.07,,,,,,,,,,,,,,,,,,,,,,,,,,,,,,,,,,,235,,,,,2026-01,0.00,,0.00,,,,,,,,,,,,,,,,,,,,,,,Email is valid.,Google Workspace,smtp.google.com,FALSE,,,,,,5,,,,,,,,,,,monthly,enterprise,,,,,,,,,,No,,,,,,,,1495.00,,SMartlead inboxkit users; SL users validated; campaign_leads_2026-03-23_20-27-04_results - campaign_leads_2026-03-23_20-27-04_results.csv,,Thriving Arc,,6,0.00,2885.35,,1390.35,0.00,false,enrich,gmail,"""2026-06-06T10:37:49.917Z""",Gmail / Google Workspace,,,,,,,,,
,,rajibk2k@gmail.com,,,,,,,,SMartlead inboxkit users; SL users validated; campaign_leads_2026-03-23_20-27-04_results - campaign_leads_2026-03-23_20-27-04_results.csv; Imported Leads,No,risky,No,,,,,6,,53.00,,,,,,,,,,,,,,,,,,,,,,,,,,,,,,,,,,,6,,,,,2026-01,0.00,,0.00,,,,,,,,,,,,,,,,,,,,,,,Email is valid.,Google Workspace,gmail-smtp-in.l.google.com,FALSE,,,,,,4,,,,,,,,,,,none,none,,,,,,,,,,No,,,,,,,,156.00,,SMartlead inboxkit users; SL users validated; campaign_leads_2026-03-23_20-27-04_results - campaign_leads_2026-03-23_20-27-04_results.csv,,Professional Dragon,,6,0.00,212.00,,56.00,0.00,false,enrich,gmail,"""2026-06-06T10:37:49.559Z""",Gmail / Google Workspace,,,,,,,,,
,,isaac.l@northconsulting.com.au,,,,,,,,SMartlead inboxkit users; SL users validated; campaign_leads_2026-03-23_20-27-04_results - campaign_leads_2026-03-23_20-27-04_results.csv; Imported Leads,Yes,deliverable,No,,,,,79,,585.58,,,,,,,,,,,,,,,,,,,,,,,,,,,,,,,,,,,173,,,,,2026-01,0.00,,0.00,,,,,,,,,,,Staffing And Recruiting,Oceania,Australia,,,,,,,North Consulting,1-10,Private,Email is valid.,Google Workspace,aspmx.l.google.com,FALSE,,,,,,5,,,,,,,,,,,monthly,enterprise,,,,,,,,,,No,,,,,,,,695.00,,SMartlead inboxkit users; SL users validated; campaign_leads_2026-03-23_20-27-04_results - campaign_leads_2026-03-23_20-27-04_results.csv,,North Consulting,,6,0.00,2927.90,,2232.90,0.00,false,enrich,gmail,"""2026-06-06T10:37:49.922Z""",Gmail / Google Workspace,,,,,,,,,
,,nicholas.c@trytalons.com,,,,,,,,SMartlead inboxkit users; SL users validated; campaign_leads_2026-03-23_20-27-04_results - campaign_leads_2026-03-23_20-27-04_results.csv; Imported Leads,Yes,deliverable,No,,,,,0,,46.00,,,,,,,,,,,,,,,,,,,,,,,,,,,,,,,,,,,0,,,,,2026-01,0.00,,0.00,,,,,,,,,,,,,,,,,,,,,,,Email is valid.,Google Workspace,aspmx.l.google.com,FALSE,,,,,,1,,,,,,,,,,,none,none,,,,,,,,,,No,,,,,,,,39.00,,SMartlead inboxkit users; SL users validated; campaign_leads_2026-03-23_20-27-04_results - campaign_leads_2026-03-23_20-27-04_results.csv,,Optimal Cheetah,,6,0.00,46.00,,7.00,0.00,false,enrich,gmail,"""2026-06-06T10:37:49.884Z""",Gmail / Google Workspace,,,,,,,,,
,,nathan@cabell.ca,,,,,,,,SMartlead inboxkit users; SL users validated; campaign_leads_2026-03-23_20-27-04_results - campaign_leads_2026-03-23_20-27-04_results.csv; Imported Leads,No,risky,No,,,,,2,,13.96,,,,,,,,,,,,,,,,,,,,,,,,,,,,,,,,,,,3,,,,,2026-01,0.00,,0.00,,,,,,,,,,,,,,,,,,,,,,,Email is valid.,Google Workspace,aspmx.l.google.com,FALSE,,,,,,4,,,,,,,,,,,none,none,,,,,,,,,,No,,,,,,,,0.00,,SMartlead inboxkit users; SL users validated; campaign_leads_2026-03-23_20-27-04_results - campaign_leads_2026-03-23_20-27-04_results.csv,,LeadExportr,,6,0.00,55.86,,55.86,0.00,false,enrich,gmail,"""2026-06-06T10:37:50.001Z""",Gmail / Google Workspace,,,,,,,,,
,,gtm@apexai.ae,,,,,,,,SMartlead inboxkit users; SL users validated; campaign_leads_2026-03-23_20-27-04_results - campaign_leads_2026-03-23_20-27-04_results.csv; Imported Leads,Yes,deliverable,No,,,,,15,,78.10,,,,,,,,,,,,,,,,,,,,,,,,,,,,,,,,,,,45,,,,,2026-01,0.00,,0.00,,,,,,,,,,,,,,,,,,,,,,,Email is valid.,Google Workspace,ASPMX.L.GOOGLE.COM,FALSE,,,,,,5,,,,,,,,,,,monthly,professional,,,,,,,,,,No,,,,,,,,156.00,,SMartlead inboxkit users; SL users validated; campaign_leads_2026-03-23_20-27-04_results - campaign_leads_2026-03-23_20-27-04_results.csv,,After5,,6,0.00,390.50,,234.50,0.00,false,enrich,gmail,"""2026-06-06T10:37:49.898Z""",Gmail / Google Workspace,,,,,,,,,
,,ali@rapidlabs.ai,,,,,,,,SMartlead inboxkit users; SL users validated; campaign_leads_2026-03-23_20-27-04_results - campaign_leads_2026-03-23_20-27-04_results.csv; Imported Leads,Yes,deliverable,No,,,,,5,,110.00,,,,,,,,,,,,,,,,,,,,,,,,,,,,,,,,,,,0,,,,,2026-01,0.00,,30.00,,,,,,,,,,2024,Computer Software,North America,United States,San Francisco,San Francisco,"San Francisco, California, United States",,California,Folsom Street,Rapid Labs,11-50,Private,Email is valid.,Google Workspace,smtp.google.com,FALSE,,,,,,3,,,,,,,,,,,none,none,,,,,,,,,,No,,,,,,,,0.00,,SMartlead inboxkit users; SL users validated; campaign_leads_2026-03-23_20-27-04_results - campaign_leads_2026-03-23_20-27-04_results.csv,,Lunar Strategy,,6,30.00,330.00,,330.00,0.00,false,enrich,gmail,"""2026-06-06T10:37:49.892Z""",Gmail / Google Workspace,,,,,,,,,
,,ameya@nucollar.ai,,,,,,,,SMartlead inboxkit users; SL users validated; campaign_leads_2026-03-23_20-27-04_results - campaign_leads_2026-03-23_20-27-04_results.csv; Imported Leads,Yes,deliverable,No,,,,,46,,507.58,,,,,,,,,,,,,,,,,,,,,,,,,,,,,,,,,,,103,,,,,2026-01,0.00,,396.00,,,,,,,,,,,,,,,,,,,,,,,Email is valid.,Google Workspace,smtp.google.com,FALSE,,,,,,5,,,,,,,,,,,monthly,enterprise,,,,,,,,,,No,,,,,,,,1196.00,,SMartlead inboxkit users; SL users validated; campaign_leads_2026-03-23_20-27-04_results - campaign_leads_2026-03-23_20-27-04_results.csv,,Nucollar,,6,396.00,2537.88,,1341.88,0.00,false,enrich,gmail,"""2026-06-06T10:37:49.898Z""",Gmail / Google Workspace,,,,,,,,,
Vadim,Alekseevski,vadim@renoglance.com,,Founder & CEO,,Armenia,,Armenia,https://www.linkedin.com/in/vadim-alekseevski/,SMartlead inboxkit users; SL users validated; campaign_leads_2026-03-23_20-27-04_results - campaign_leads_2026-03-23_20-27-04_results.csv; Imported Leads,Yes,deliverable,No,,,,,11,,61.45,,,,,,,,,,,,,,,,,,,,,,,,,,,,,RenoGlance,,,,,,16,,,,,2026-01,0.00,,0.00,,,,,,,,,,,,,,,,,,,,,,,,,,,"Armenia, Armenia",,,,,5,,,,,,,,,,,none,none,,,,,,,,,,No,,,,,,,,0.00,,SMartlead inboxkit users; SL users validated; campaign_leads_2026-03-23_20-27-04_results - campaign_leads_2026-03-23_20-27-04_results.csv; Imported Leads,,RenoGlance,,6,0.00,307.23,,307.23,0.00,false,enrich,gmail,"""2026-06-06T10:37:49.874Z""",Gmail / Google Workspace,,,,,,,,,
,,patoestradare@gmail.com,,,,,,,,SMartlead inboxkit users; SL users validated; campaign_leads_2026-03-23_20-27-04_results - campaign_leads_2026-03-23_20-27-04_results.csv; Imported Leads,No,risky,No,,,,,2,,28.06,,,,,,,,,,,,,,,,,,,,,,,,,,,,,,,,,,,10,,,,,2026-01,0.00,,0.00,,,,,,,,,,,,,,,,,,,,,,,Email is valid.,Google Workspace,gmail-smtp-in.l.google.com,FALSE,,,,,,4,,,,,,,,,,,none,none,,,,,,,,,,No,,,,,,,,0.00,,SMartlead inboxkit users; SL users validated; campaign_leads_2026-03-23_20-27-04_results - campaign_leads_2026-03-23_20-27-04_results.csv,,Cero a IA,,6,0.00,112.25,,112.25,0.00,false,enrich,gmail,"""2026-06-06T10:37:49.559Z""",Gmail / Google Workspace,,,,,,,,,
,,keylingo@buzzlead.io,,,,,,,,SMartlead inboxkit users; SL users validated; campaign_leads_2026-03-23_20-27-04_results - campaign_leads_2026-03-23_20-27-04_results.csv; Imported Leads,Yes,deliverable,No,,,,,,,,,,,,,,,,,,,,,,,,,,,,,,,,,,,,,,,,,,,,,,,,,,,,,,,,,,,,2022,Management Consulting,North America,United States,Tampa,Tampa,"Tampa, Florida, United States",33602,Florida,,Buzzlead.io,1-10,Private,Email is valid.,Google Workspace,aspmx.l.google.com,FALSE,,,,,,,,,,,,,,,,,,,,,,,,,,,,No,,,,,,,,,,SMartlead inboxkit users; SL users validated; campaign_leads_2026-03-23_20-27-04_results - campaign_leads_2026-03-23_20-27-04_results.csv,,,,,,,,,,false,enrich,gmail,"""2026-06-06T10:37:49.883Z""",Gmail / Google Workspace,,,,,,,,,
,,gp@adalphaasset.com,,,,,,,,SMartlead inboxkit users; SL users validated; campaign_leads_2026-03-23_20-27-04_results - campaign_leads_2026-03-23_20-27-04_results.csv; Imported Leads,No,risky,No,,,,,22,,306.50,,,,,,,,,,,,,,,,,,,,,,,,,,,,,,,,,,,199,,,,,2026-01,0.00,,0.00,,,,,,,,,,2009,Investment Management,North America,United States,Chicago,Chicago,"Chicago, Illinois, United States",,Illinois,,Adalpha Asset Management,1-10,Private,Email is valid.,,mx.siteprotect.com,FALSE,,,,,,4,,,,,,,,,,,monthly,enterprise,,,,,,,,,,No,,,,,,,,1196.00,,SMartlead inboxkit users; SL users validated; campaign_leads_2026-03-23_20-27-04_results - campaign_leads_2026-03-23_20-27-04_results.csv,,Forest Jaguar,,6,0.00,1226.00,,30.00,0.00,false,enrich,other,"""2026-06-06T10:37:50.579Z""",Other,,,,,,,,,
,,ajay@komi.io,,,,,,,,SMartlead inboxkit users; SL users validated; campaign_leads_2026-03-23_20-27-04_results - campaign_leads_2026-03-23_20-27-04_results.csv; Imported Leads,Yes,deliverable,No,,,,,804,,6618.50,,,,,,,,,,,,,,,,,,,,,,,,,,,,,,,,,,,1204,,,,,2026-01,0.00,,0.00,,,,,,,,,facebook.com/komi-100416778571173,2020,Entertainment,North America,United States,West Hollywood,West Hollywood,"West Hollywood, California, United States",,California,,Komi,11-50,Private,Email is valid.,Google Workspace,aspmx.l.google.com,FALSE,,,,,,5,,,,,,,,,,,none,none,,,,,,,,,,No,,,,,,,,0.00,,SMartlead inboxkit users; SL users validated; campaign_leads_2026-03-23_20-27-04_results - campaign_leads_2026-03-23_20-27-04_results.csv,,Agile Engine,,6,0.00,33092.50,,33092.50,0.00,false,enrich,gmail,"""2026-06-06T10:37:49.898Z""",Gmail / Google Workspace,,,,,,,,,
,,johan.mackegard@gmail.com,,,,,,,,SMartlead inboxkit users; SL users validated; campaign_leads_2026-03-23_20-27-04_results - campaign_leads_2026-03-23_20-27-04_results.csv; Imported Leads,No,risky,No,,,,,20,,74.00,,,,,,,,,,,,,,,,,,,,,,,,,,,,,,,,,,,20,,,,,2026-01,0.00,,0.00,,,,,,,,,,,,,,,,,,,,,,,Email is valid.,Google Workspace,gmail-smtp-in.l.google.com,FALSE,,,,,,4,,,,,,,,,,,monthly,professional,,,,,,,,,,No,,,,,,,,156.00,,SMartlead inboxkit users; SL users validated; campaign_leads_2026-03-23_20-27-04_results - campaign_leads_2026-03-23_20-27-04_results.csv,,Mcyardsystems,,6,0.00,296.00,,140.00,0.00,false,enrich,gmail,"""2026-06-06T10:37:49.559Z""",Gmail / Google Workspace,,,,,,,,,
,,arahim@netswick.com,,,,,,,,SMartlead inboxkit users; SL users validated; campaign_leads_2026-03-23_20-27-04_results - campaign_leads_2026-03-23_20-27-04_results.csv; Imported Leads,No,risky,No,,,,,1515,,4068.90,,,,,,,,,,,,,,,,,,,,,,,,,,,,,,,,,,,1561,,,,,2026-01,36.75,,0.00,,,,,,,,,,,,,,,,,,,,,,,Email is valid.,Google Workspace,smtp.google.com,FALSE,,,,,,5,,,,,,,,,,,none,none,,,,,,,,,,No,,,,,,,,598.00,,SMartlead inboxkit users; SL users validated; campaign_leads_2026-03-23_20-27-04_results - campaign_leads_2026-03-23_20-27-04_results.csv,,Premier Wolf,,6,1125.75,20344.49,,19746.49,0.00,false,enrich,gmail,"""2026-06-06T10:37:49.906Z""",Gmail / Google Workspace,,,,,,,,,
,,moe@dreamersthinktank.com,,,,,,,,SMartlead inboxkit users; SL users validated; campaign_leads_2026-03-23_20-27-04_results - campaign_leads_2026-03-23_20-27-04_results.csv; Imported Leads,Yes,deliverable,No,,,,,4,,51.80,,,,,,,,,,,,,,,,,,,,,,,,,,,,,,,,,,,12,,,,,2026-01,0.00,,0.00,,,,,,,,,,,,,,,,,,,,,,,Email is valid.,Google Workspace,smtp.google.com,FALSE,,,,,,5,,,,,,,,,,,none,none,,,,,,,,,,No,,,,,,,,0.00,,SMartlead inboxkit users; SL users validated; campaign_leads_2026-03-23_20-27-04_results - campaign_leads_2026-03-23_20-27-04_results.csv,,Moe Vhanunu,,6,0.00,258.99,,258.99,0.00,false,enrich,gmail,"""2026-06-06T10:37:49.874Z""",Gmail / Google Workspace,,,,,,,,,
,,leunapio@stockiqtech.com,,,,,,,,SMartlead inboxkit users; SL users validated; campaign_leads_2026-03-23_20-27-04_results - campaign_leads_2026-03-23_20-27-04_results.csv; Imported Leads,Yes,deliverable,No,,,,,50,,299.00,,,,,,,,,,,,,,,,,,,,,,,,,,,,,,,,,,,100,,,,,2026-01,0.00,,0.00,,,,,,,,,,2015,Computer Software,North America,United States,Broomfield,Broomfield,"Broomfield, Colorado, United States",80020,Colorado,280 East 1st Avenue,Stockiq Technologies,11-50,Private,Email is valid.,Microsoft 365,stockiqtech-com.mail.eo.outlook.com,FALSE,,,,,,4,,,,,,,,,,,monthly,enterprise,,,,,,,,,,No,,,,,,,,1196.00,,SMartlead inboxkit users; SL users validated; campaign_leads_2026-03-23_20-27-04_results - campaign_leads_2026-03-23_20-27-04_results.csv,,StockIQ,,6,0.00,1196.00,,0.00,0.00,false,enrich,outlook,"""2026-06-06T10:37:49.949Z""",Outlook / Microsoft 365,,,,,,,,,
,,bayo@deep3digital.com,,,,,,,,SMartlead inboxkit users; SL users validated; campaign_leads_2026-03-23_20-27-04_results - campaign_leads_2026-03-23_20-27-04_results.csv; Imported Leads,Yes,deliverable,No,,,,,35,,229.70,,,,,,,,,,,,,,,,,,,,,,,,,,,,,,,,,,,90,,,,,2026-01,0.00,,0.00,,,,,,,,,,,,,,,,,,,,,,,Email is valid.,Google Workspace,aspmx.l.google.com,FALSE,,,,,,5,,,,,,,,,,,monthly,professional,,,,,,,,,,No,,,,,,,,156.00,,SMartlead inboxkit users; SL users validated; campaign_leads_2026-03-23_20-27-04_results - campaign_leads_2026-03-23_20-27-04_results.csv,,Nano Phoenix,,6,0.00,1148.50,,992.50,0.00,false,enrich,gmail,"""2026-06-06T10:37:49.964Z""",Gmail / Google Workspace,,,,,,,,,
,,hello@calpropropertycare.com,,,,,,,,SMartlead inboxkit users; SL users validated; campaign_leads_2026-03-23_20-27-04_results - campaign_leads_2026-03-23_20-27-04_results.csv; Imported Leads,Yes,deliverable,No,,,,,2,,16.09,,,,,,,,,,,,,,,,,,,,,,,,,,,,,,,,,,,4,,,,,2026-01,0.10,,12.00,,,,,,,,,,,,,,,,,,,,,,,Email is valid.,Google Workspace,smtp.google.com,FALSE,,,,,,5,,,,,,,,,,,none,none,,,,,,,,,,No,,,,,,,,0.00,,SMartlead inboxkit users; SL users validated; campaign_leads_2026-03-23_20-27-04_results - campaign_leads_2026-03-23_20-27-04_results.csv,,Desert Zenith,,6,12.10,80.46,,80.46,0.00,false,enrich,gmail,"""2026-06-06T10:37:49.926Z""",Gmail / Google Workspace,,,,,,,,,
,,richard@arken.digital,,,,,,,,SMartlead inboxkit users; SL users validated; campaign_leads_2026-03-23_20-27-04_results - campaign_leads_2026-03-23_20-27-04_results.csv; Imported Leads,Yes,deliverable,No,,,,,16,,102.85,,,,,,,,,,,,,,,,,,,,,,,,,,,,,,,,,,,42,,,,,2026-01,0.00,,0.00,,,,,,,,,facebook.com/arkenmarketing,2015,Marketing And Advertising,Europe,United Kingdom,Weston-super-mare,Weston-super-mare,"Weston-super-mare, North Somerset, United Kingdom",,North Somerset,,Arken Digital,1-10,Private,Email is valid.,Google Workspace,aspmx.l.google.com,FALSE,,,,,,5,,,,,,,,,,,monthly,agency,,,,,,,,,,No,,,,,,,,396.00,,SMartlead inboxkit users; SL users validated; campaign_leads_2026-03-23_20-27-04_results - campaign_leads_2026-03-23_20-27-04_results.csv,,Arken Digital,,6,0.00,514.25,,118.25,0.00,false,enrich,gmail,"""2026-06-06T10:37:49.905Z""",Gmail / Google Workspace,,,,,,,,,
,,armen.mshetsyan@fluxtech.me,,,,,,,,SMartlead inboxkit users; SL users validated; campaign_leads_2026-03-23_20-27-04_results - campaign_leads_2026-03-23_20-27-04_results.csv; Imported Leads,Yes,deliverable,No,,,,,18,,100.55,,,,,,,,,,,,,,,,,,,,,,,,,,,,,,,,,,,32,,,,,2026-01,0.00,,12.00,,,,,,,,,facebook.com/fluxtecharmenia,2015,Information Technology And Services,Asia,Armenia,Yerevan,Yerevan,"Yerevan, Yerevan, Armenia",33,Yerevan,4 Hrachya Kochar Street,Flux Technologies,11-50,Private,Email is valid.,Google Workspace,aspmx.l.google.com,FALSE,,,,,,5,,,,,,,,,,,none,none,,,,,,,,,,No,,,,,,,,0.00,,SMartlead inboxkit users; SL users validated; campaign_leads_2026-03-23_20-27-04_results - campaign_leads_2026-03-23_20-27-04_results.csv,,Macro Project,,6,12.00,502.77,,502.77,0.00,false,enrich,gmail,"""2026-06-06T10:37:49.874Z""",Gmail / Google Workspace,,,,,,,,,
,,jm@reelpop.co,,,,,,,,SMartlead inboxkit users; SL users validated; campaign_leads_2026-03-23_20-27-04_results - campaign_leads_2026-03-23_20-27-04_results.csv; Imported Leads,Yes,deliverable,No,,,,,8,,65.88,,,,,,,,,,,,,,,,,,,,,,,,,,,,,,,,,,,8,,,,,2026-01,0.00,,0.00,,,,,,,,,,2021,Computer Games,,,,,,,,,Reelpop,1-10,Private,Email is valid.,Google Workspace,aspmx.l.google.com,FALSE,,,,,,3,,,,,,,,,,,none,none,,,,,,,,,,No,,,,,,,,0.00,,SMartlead inboxkit users; SL users validated; campaign_leads_2026-03-23_20-27-04_results - campaign_leads_2026-03-23_20-27-04_results.csv,,Turbo Nebula,,6,0.00,197.63,,197.63,0.00,false,enrich,gmail,"""2026-06-06T10:37:49.874Z""",Gmail / Google Workspace,,,,,,,,,
,,aq@integrity.pk,,,,,,,,SMartlead inboxkit users; SL users validated; campaign_leads_2026-03-23_20-27-04_results - campaign_leads_2026-03-23_20-27-04_results.csv; Imported Leads,Yes,deliverable,No,,,,,5,,76.50,,,,,,,,,,,,,,,,,,,,,,,,,,,,,,,,,,,0,,,,,2026-01,0.00,,27.00,,,,,,,,,,2020,Information Technology And Services,Europe,Ukraine,Каховка,Каховка,"Каховка, Kherson, Ukraine",74800,Kherson,,Integrity Technologies,11-50,Private,Email is valid.,Google Workspace,aspmx.l.google.com,FALSE,,,,,,4,,,,,,,,,,,none,none,,,,,,,,,,No,,,,,,,,0.00,,SMartlead inboxkit users; SL users validated; campaign_leads_2026-03-23_20-27-04_results - campaign_leads_2026-03-23_20-27-04_results.csv,,Integrity AI,,6,27.00,306.00,,306.00,0.00,false,enrich,gmail,"""2026-06-06T10:37:49.898Z""",Gmail / Google Workspace,,,,,,,,,
,,khuranaz.ai@gmail.com,,,,,,,,SMartlead inboxkit users; SL users validated; campaign_leads_2026-03-23_20-27-04_results - campaign_leads_2026-03-23_20-27-04_results.csv; Imported Leads,No,risky,No,,,,,6,,32.75,,,,,,,,,,,,,,,,,,,,,,,,,,,,,,,,,,,7,,,,,2026-01,1.50,,0.00,,,,,,,,,,,,,,,,,,,,,,,Email is valid.,Google Workspace,gmail-smtp-in.l.google.com,FALSE,,,,,,4,,,,,,,,,,,none,none,,,,,,,,,,No,,,,,,,,0.00,,SMartlead inboxkit users; SL users validated; campaign_leads_2026-03-23_20-27-04_results - campaign_leads_2026-03-23_20-27-04_results.csv,,Mountain Quantum,,6,1.50,131.00,,131.00,0.00,false,enrich,gmail,"""2026-06-06T10:37:49.559Z""",Gmail / Google Workspace,,,,,,,,,
,,nihalanishaili@gmail.com,,,,,,,,SMartlead inboxkit users; SL users validated; campaign_leads_2026-03-23_20-27-04_results - campaign_leads_2026-03-23_20-27-04_results.csv; Imported Leads,No,risky,No,,,,,,,,,,,,,,,,,,,,,,,,,,,,,,,,,,,,,,,,,,,,,,,,,,,,,,,,,,,,,,,,,,,,,,,,,Email is valid.,Google Workspace,gmail-smtp-in.l.google.com,FALSE,,,,,,,,,,,,,,,,,,,,,,,,,,,,No,,,,,,,,,,SMartlead inboxkit users; SL users validated; campaign_leads_2026-03-23_20-27-04_results - campaign_leads_2026-03-23_20-27-04_results.csv,,,,,,,,,,false,enrich,gmail,"""2026-06-06T10:37:49.559Z""",Gmail / Google Workspace,,,,,,,,,
,,denniz@a-sales.co,,,,,,,,SMartlead inboxkit users; SL users validated; campaign_leads_2026-03-23_20-27-04_results - campaign_leads_2026-03-23_20-27-04_results.csv; Imported Leads,Yes,deliverable,No,,,,,121,,170.00,,,,,,,,,,,,,,,,,,,,,,,,,,,,,,,,,,,10527,,,,,2026-01,0.00,,0.00,,,,,,,,,,2022,Information Technology And Services,Europe,Sweden,,,,,Stockholm,,A-sales,11-50,Private,Email is valid.,Google Workspace,aspmx.l.google.com,FALSE,,,,,,2,,,,,,,,,,,none,none,,,,,,,,,,No,,,,,,,,0.00,,SMartlead inboxkit users; SL users validated; campaign_leads_2026-03-23_20-27-04_results - campaign_leads_2026-03-23_20-27-04_results.csv,,A-Leads,,6,0.00,340.00,,340.00,0.00,false,enrich,gmail,"""2026-06-06T10:37:49.898Z""",Gmail / Google Workspace,,,,,,,,,
Casper,Morawski,casper@getprospectx.com,ProspectX,CEO & Founder,,Warsaw,Mazowieckie,Poland,https://www.linkedin.com/in/morawskikacper/,SMartlead inboxkit users; SL users validated; campaign_leads_2026-03-23_20-27-04_results - campaign_leads_2026-03-23_20-27-04_results.csv; Imported Leads,Yes,deliverable,No,,,,,10,,74.90,,,,,,,,,,,,,,,,,,,,,,,,,,,,,,,,,,,20,,,,,2026-01,0.00,,0.00,,,,,,,,,,,,,,,,,,,,,,,,,,,"Warsaw, Mazowieckie, Poland",gmail,"""2026-03-31T21:05:09.329Z""",Google Workspace,,4,,,,,,,,,,,monthly,agency,,,,,,,,,,No,No,,,,,,,249.60,,SMartlead inboxkit users; SL users validated; campaign_leads_2026-03-23_20-27-04_results - campaign_leads_2026-03-23_20-27-04_results.csv; Imported Leads,Linkedin Engagement; Imported Leads; SL Users,Omega Orbit,,6,0.00,299.60,,50.00,0.00,false,enrich,gmail,"""2026-06-06T10:37:49.931Z""",Gmail / Google Workspace,,,,,,,,,
,,jason@greenspacehealth.com,,,,,,,,SMartlead inboxkit users; SL users validated; campaign_leads_2026-03-23_20-27-04_results - campaign_leads_2026-03-23_20-27-04_results.csv; Imported Leads,Yes,deliverable,No,,,,,6,,99.00,,,,,,,,,,,,,,,,,,,,,,,,,,,,,,,,,,,29,,,,,2026-01,0.00,,0.00,,,,,,,,,,2015,Mental Health Care,North America,Canada,Toronto,Toronto,"Toronto, Ontario, Canada",,Ontario,,Greenspace Health,51-200,Private,Email is valid.,Google Workspace,aspmx.l.google.com,FALSE,,,,,,4,,,,,,,,,,,monthly,agency,,,,,,,,,,No,,,,,,,,396.00,,SMartlead inboxkit users; SL users validated; campaign_leads_2026-03-23_20-27-04_results - campaign_leads_2026-03-23_20-27-04_results.csv,,Greenspace Health,,6,0.00,396.00,,0.00,0.00,false,enrich,gmail,"""2026-06-06T10:37:50.209Z""",Gmail / Google Workspace,,,,,,,,,
,,jack@clayworks.io,,,,,,,,SMartlead inboxkit users; Smartlead users sheet; SL users validated; campaign_leads_2026-03-23_20-27-04_results - campaign_leads_2026-03-23_20-27-04_results.csv; Imported Leads,No,risky,No,,,,,74,,327.00,,,,,,,,,,,,,,,,,,,,,,,,,,,,,,,,,,,121,,,,,2026-01,0.00,,0.00,,,,,,,,,,,,,,,,,,,,,,,Email is valid.,Google Workspace,aspmx.l.google.com,FALSE,,,,,,5,,,,,,,,,,,monthly,agency,,,,,,,,,,No,,,,,,,,396.00,,SMartlead inboxkit users; Smartlead users sheet; SL users validated; campaign_leads_2026-03-23_20-27-04_results - campaign_leads_2026-03-23_20-27-04_results.csv,,Clayworks,,6,0.00,1635.00,,1239.00,0.00,false,enrich,gmail,"""2026-06-06T10:37:49.908Z""",Gmail / Google Workspace,,,,,,,,,
Faraz,Ahmed,faraz@thynkgrowth.com,,,,,,,https://www.linkedin.com/in/faraz-ahmed-7bbb151a9/,SMartlead inboxkit users; SL users validated; campaign_leads_2026-03-23_20-27-04_results - campaign_leads_2026-03-23_20-27-04_results.csv; Imported Leads,Yes,deliverable,No,,,,,6,,51.97,,FALSE,,,,,,,,,,,,,,,,,,,,,,,,,,,,,,,,,41,2026-01-14 1:30 AM,2026-01-14 12:57 AM,Partner Program Connect,d0484b6a-8ab0-4309-a48f-3b383c10e319,2026-01,0.20,,0.00,Team Inboxkit,India Standard Time,c605a87f-1bd2-495d-87bf-455acae33de7,,,,,,,,,,,,,,,,,,,,,,,,Google Meet URL: https://meet.google.com/nxx-vpnk-mdv,gmail,"""2026-03-31T21:06:07.203Z""",Google Workspace,No,5,,,,,,,,,,,none,none,,,,,,Phone number,+91 87928 59738,,instant_book,No,No,,,,,2026-01-14 1:00 AM,,0.00,,SMartlead inboxkit users; SL users validated; campaign_leads_2026-03-23_20-27-04_results - campaign_leads_2026-03-23_20-27-04_results.csv; Imported Leads,Signups - Not paid; Creators Program; Imported Leads; SL Users,Emerald Horizon,,6,0.20,259.85,Team Inboxkit,259.85,0.00,false,enrich,gmail,"""2026-06-06T10:37:49.931Z""",Gmail / Google Workspace,,,,,,,,,
,,sk.inzamam@gmail.com,,,,,,,,SMartlead inboxkit users; SL users validated; campaign_leads_2026-03-23_20-27-04_results - campaign_leads_2026-03-23_20-27-04_results.csv; Imported Leads,No,risky,No,,,,,0,,149.38,,,,,,,,,,,,,,,,,,,,,,,,,,,,,,,,,,,0,,,,,2026-01,0.00,,0.00,,,,,,,,,,,,,,,,,,,,,,,Email is valid.,Google Workspace,gmail-smtp-in.l.google.com,FALSE,,,,,,2,,,,,,,,,,,none,none,,,,,,,,,,No,,,,,,,,237.00,,SMartlead inboxkit users; SL users validated; campaign_leads_2026-03-23_20-27-04_results - campaign_leads_2026-03-23_20-27-04_results.csv,,Grand IT,,6,0.00,298.75,,61.75,0.00,false,enrich,gmail,"""2026-06-06T10:37:49.559Z""",Gmail / Google Workspace,,,,,,,,,
,,chris.keller@flaglerhealth.io,,,,,,,,SMartlead inboxkit users; SL users validated; campaign_leads_2026-03-23_20-27-04_results - campaign_leads_2026-03-23_20-27-04_results.csv; Imported Leads,Yes,deliverable,No,,,,,30,,190.05,,,,,,,,,,,,,,,,,,,,,,,,,,,,,,,,,,,90,,,,,2026-01,0.00,,9.00,,,,,,,,,,2022,Internet,North America,United States,New York,New York,"New York, New York, United States",10010,New York,,Flagler Health,11-50,Private,Email is valid.,Google Workspace,aspmx.l.google.com,FALSE,,,,,,5,,,,,,,,,,,monthly,agency,,,,,,,,,,No,,,,,,,,396.00,,SMartlead inboxkit users; SL users validated; campaign_leads_2026-03-23_20-27-04_results - campaign_leads_2026-03-23_20-27-04_results.csv,,Forest Matrix,,7,9.00,950.25,,554.25,0.00,false,enrich,gmail,"""2026-06-06T10:37:49.908Z""",Gmail / Google Workspace,,,,,,,,,
,,brian@techtura.com,,,,,,,,SMartlead inboxkit users; SL users validated; campaign_leads_2026-03-23_20-27-04_results - campaign_leads_2026-03-23_20-27-04_results.csv; Imported Leads,Yes,deliverable,No,,,,,10,,99.00,,,,,,,,,,,,,,,,,,,,,,,,,,,,,,,,,,,30,,,,,2026-01,0.00,,0.00,,,,,,,,,,,,,,,,,,,,,,,Email is valid.,Google Workspace,aspmx.l.google.com,FALSE,,,,,,4,,,,,,,,,,,monthly,agency,,,,,,,,,,No,,,,,,,,396.00,,SMartlead inboxkit users; SL users validated; campaign_leads_2026-03-23_20-27-04_results - campaign_leads_2026-03-23_20-27-04_results.csv,,Techtura,,7,0.00,396.00,,0.00,0.00,false,enrich,gmail,"""2026-06-06T10:37:49.934Z""",Gmail / Google Workspace,,,,,,,,,
,,engineer@reillyscott.com.au,,,,,,,,SMartlead inboxkit users; SL users validated; campaign_leads_2026-03-23_20-27-04_results - campaign_leads_2026-03-23_20-27-04_results.csv; Imported Leads,Yes,deliverable,No,,,,,4,,7.98,,,,,,,,,,,,,,,,,,,,,,,,,,,,,,,,,,,6,,,,,2026-01,0.00,,0.00,,,,,,,,,,2011,Staffing And Recruiting,Oceania,Australia,Sydney,Sydney,"Sydney, New South Wales, Australia",2000,New South Wales,66 Clarence Street,Reillyscott,11-50,Private,Email is valid.,Google Workspace,aspmx.l.google.com,FALSE,,,,,,1,,,,,,,,,,,none,none,,,,,,,,,,No,,,,,,,,0.00,,SMartlead inboxkit users; SL users validated; campaign_leads_2026-03-23_20-27-04_results - campaign_leads_2026-03-23_20-27-04_results.csv,,Strategic Lion,,7,0.00,7.98,,7.98,0.00,false,enrich,gmail,"""2026-06-06T10:37:49.657Z""",Gmail / Google Workspace,,,,,,,,,
,,admin@eastmanads.com,,,,,,,,SMartlead inboxkit users; SL users validated; campaign_leads_2026-03-23_20-27-04_results - campaign_leads_2026-03-23_20-27-04_results.csv; Imported Leads,Yes,deliverable,No,,,,,83,,436.17,,,,,,,,,,,,,,,,,,,,,,,,,,,,,,,,,,,0,,,,,2026-01,5.00,,0.00,,,,,,,,,,,,,,,,,,,,,,,Email is valid.,Google Workspace,smtp.google.com,FALSE,,,,,,3,,,,,,,,,,,none,none,,,,,,,,,,No,,,,,,,,598.00,,SMartlead inboxkit users; SL users validated; campaign_leads_2026-03-23_20-27-04_results - campaign_leads_2026-03-23_20-27-04_results.csv,,Premium Lion,,7,5.00,1308.52,,710.52,0.00,false,enrich,gmail,"""2026-06-06T10:37:49.931Z""",Gmail / Google Workspace,,,,,,,,,
,,thomas@usecervo.com,,,,,,,,SMartlead inboxkit users; SL users validated; campaign_leads_2026-03-23_20-27-04_results - campaign_leads_2026-03-23_20-27-04_results.csv; Imported Leads,Yes,deliverable,No,,,,,9,,59.85,,,,,,,,,,,,,,,,,,,,,,,,,,,,,,,,,,,36,,,,,2026-01,0.00,,0.00,,,,,,,,,,,,,,,,,,,,,,,Email is valid.,Google Workspace,smtp.google.com,FALSE,,,,,,1,,,,,,,,,,,none,none,,,,,,,,,,No,,,,,,,,0.00,,SMartlead inboxkit users; SL users validated; campaign_leads_2026-03-23_20-27-04_results - campaign_leads_2026-03-23_20-27-04_results.csv,,Cervo AI,,7,0.00,59.85,,59.85,0.00,false,enrich,gmail,"""2026-06-06T10:37:49.934Z""",Gmail / Google Workspace,,,,,,,,,
,,vlk@vectary.com,,,,,,,,SMartlead inboxkit users; SL users validated; campaign_leads_2026-03-23_20-27-04_results - campaign_leads_2026-03-23_20-27-04_results.csv; Imported Leads,Yes,deliverable,No,,,,,5,,39.00,,,,,,,,,,,,,,,,,,,,,,,,,,,,,,,,,,,10,,,,,2026-01,0.00,,0.00,,,,,,,,,facebook.com/vectary3d,2014,Design,North America,United States,Redwood City,Redwood City,"Redwood City, California, United States",94063,California,541 Jefferson Avenue,Vectary,11-50,Private,Email is valid.,Google Workspace,aspmx.l.google.com,FALSE,,,,,,4,,,,,,,,,,,monthly,professional,,,,,,,,,,No,,,,,,,,156.00,,SMartlead inboxkit users; SL users validated; campaign_leads_2026-03-23_20-27-04_results - campaign_leads_2026-03-23_20-27-04_results.csv,,Vectary,,7,0.00,156.00,,0.00,0.00,false,enrich,gmail,"""2026-06-06T10:37:49.892Z""",Gmail / Google Workspace,,,,,,,,,
,,joel@advertising-expert.com,,,,,,,,SMartlead inboxkit users; SL users validated; campaign_leads_2026-03-23_20-27-04_results - campaign_leads_2026-03-23_20-27-04_results.csv; Imported Leads,Yes,deliverable,No,,,,,10,,99.00,,,,,,,,,,,,,,,,,,,,,,,,,,,,,,,,,,,30,,,,,2026-01,0.00,,0.00,,,,,,,,,,,,,,,,,,,,,,,Email is valid.,,mx00.1and1.com,FALSE,,,,,,4,,,,,,,,,,,monthly,agency,,,,,,,,,,No,,,,,,,,396.00,,SMartlead inboxkit users; SL users validated; campaign_leads_2026-03-23_20-27-04_results - campaign_leads_2026-03-23_20-27-04_results.csv,,Active Proton,,7,0.00,396.00,,0.00,0.00,false,enrich,other,"""2026-06-06T10:37:50.134Z""",Other,,,,,,,,,
,,ccaruso@gmail.com,,,,,,,,SMartlead inboxkit users; SL users validated; campaign_leads_2026-03-23_20-27-04_results - campaign_leads_2026-03-23_20-27-04_results.csv; Imported Leads,No,risky,No,,,,,4,,23.94,,,,,,,,,,,,,,,,,,,,,,,,,,,,,,,,,,,7,,,,,2026-01,0.00,,0.00,,,,,,,,,,,,,,,,,,,,,,,Email is valid.,Google Workspace,gmail-smtp-in.l.google.com,FALSE,,,,,,4,,,,,,,,,,,none,none,,,,,,,,,,No,,,,,,,,0.00,,SMartlead inboxkit users; SL users validated; campaign_leads_2026-03-23_20-27-04_results - campaign_leads_2026-03-23_20-27-04_results.csv,,Turbo Leopard,,7,0.00,95.76,,95.76,0.00,false,enrich,gmail,"""2026-06-06T10:37:49.559Z""",Gmail / Google Workspace,,,,,,,,,
,,ognjen@outreachmentor.com,,,,,,,,SMartlead inboxkit users; SL users validated; campaign_leads_2026-03-23_20-27-04_results - campaign_leads_2026-03-23_20-27-04_results.csv; Imported Leads,No,risky,No,,,,,1,,123.45,,,,,,,,,,,,,,,,,,,,,,,,,,,,,,,,,,,0,,,,,2026-01,0.00,,0.00,,,,,,,,,,,Marketing And Advertising,Europe,Serbia,Belgrade,Belgrade,"Belgrade, Central Serbia, Serbia",,Central Serbia,63 Ulica Pariske Komune,Outreach Mentor,1-10,Private,Email is valid.,Google Workspace,aspmx.l.google.com,FALSE,,,,,,5,,,,,,,,,,,none,none,,,,,,,,,,No,,,,,,,,396.00,,SMartlead inboxkit users; SL users validated; campaign_leads_2026-03-23_20-27-04_results - campaign_leads_2026-03-23_20-27-04_results.csv,,Pro Comet,,7,0.00,617.25,,221.25,0.00,false,enrich,gmail,"""2026-06-06T10:37:49.961Z""",Gmail / Google Workspace,,,,,,,,,
,,floris@vectify.io,,,,,,,,SMartlead inboxkit users; SL users validated; campaign_leads_2026-03-23_20-27-04_results - campaign_leads_2026-03-23_20-27-04_results.csv; Imported Leads,Yes,deliverable,No,,,,,90,,1284.50,,,,,,,,,,,,,,,,,,,,,,,,,,,,,,,,,,,8601,,,,,2026-04,0.00,,0.00,,,,,,,,,,,,,,,,,,,,,,,Email is valid.,Google Workspace,smtp.google.com,FALSE,,,,,,2,,,,,,,,,,,none,none,,,,,,,,,,No,,,,,,,,0.00,,SMartlead inboxkit users; SL users validated; campaign_leads_2026-03-23_20-27-04_results - campaign_leads_2026-03-23_20-27-04_results.csv,,Cosmic Shark,,7,0.00,2569.00,,2569.00,0.00,false,enrich,gmail,"""2026-06-06T10:37:49.901Z""",Gmail / Google Workspace,,,,,,,,,
,,hamza@raheemsolutions.com,,,,,,,,SMartlead inboxkit users; SL users validated; campaign_leads_2026-03-23_20-27-04_results - campaign_leads_2026-03-23_20-27-04_results.csv; Imported Leads,Yes,deliverable,No,,,,,1,,19.95,,,,,,,,,,,,,,,,,,,,,,,,,,,,,,,,,,,4,,,,,2026-01,0.00,,0.00,,,,,,,,,facebook.com/raheemsolutions,2016,Computer Software,North America,Canada,Toronto,Toronto,"Toronto, Ontario, Canada",9255,Ontario,9255 Jane Street,Raheem Solutions | Agile Staff Augmentation,51-200,Private,Email is valid.,Google Workspace,aspmx.l.google.com,FALSE,,,,,,1,,,,,,,,,,,none,none,,,,,,,,,,No,,,,,,,,0.00,,SMartlead inboxkit users; SL users validated; campaign_leads_2026-03-23_20-27-04_results - campaign_leads_2026-03-23_20-27-04_results.csv,,Essential Star,,7,0.00,19.95,,19.95,0.00,false,enrich,gmail,"""2026-06-06T10:37:49.884Z""",Gmail / Google Workspace,,,,,,,,,
,,digitalmarketingredemption@gmail.com,,,,,,,,SMartlead inboxkit users; SL users validated; campaign_leads_2026-03-23_20-27-04_results - campaign_leads_2026-03-23_20-27-04_results.csv; Imported Leads,No,risky,No,,,,,80,,133.67,,,,,,,,,,,,,,,,,,,,,,,,,,,,,,,,,,,0,,,,,2026-01,0.00,,0.00,,,,,,,,,,,,,,,,,,,,,,,Email is valid.,Google Workspace,gmail-smtp-in.l.google.com,FALSE,,,,,,3,,,,,,,,,,,none,none,,,,,,,,,,No,,,,,,,,336.00,,SMartlead inboxkit users; SL users validated; campaign_leads_2026-03-23_20-27-04_results - campaign_leads_2026-03-23_20-27-04_results.csv,,Matrix Dragon,,7,0.00,401.00,,65.00,0.00,false,enrich,gmail,"""2026-06-06T10:37:49.559Z""",Gmail / Google Workspace,,,,,,,,,
,,info@thedecisionlab.com,,,,,,,,SMartlead inboxkit users; SL users validated; campaign_leads_2026-03-23_20-27-04_results - campaign_leads_2026-03-23_20-27-04_results.csv; Imported Leads,Yes,deliverable,No,,,,,26,,233.38,,,,,,,,,,,,,,,,,,,,,,,,,,,,,,,,,,,130,,,,,2026-01,0.00,,0.00,,,,,,,,,facebook.com/thedecisionlabtdl,2016,Management Consulting,North America,Canada,Montréal,Montréal,"Montréal, Quebec, Canada",h4c 2c7,Quebec,4030 Rue Street-ambroise 413,The Decision Lab,11-50,Nonprofit,Email is valid.,Google Workspace,aspmx.l.google.com,FALSE,,,,,,4,,,,,,,,,,,monthly,agency,,,,,,,,,,No,,,,,,,,396.00,,SMartlead inboxkit users; SL users validated; campaign_leads_2026-03-23_20-27-04_results - campaign_leads_2026-03-23_20-27-04_results.csv,,Strategic Leopard,,7,0.00,933.50,,537.50,0.00,false,enrich,gmail,"""2026-06-06T10:37:49.899Z""",Gmail / Google Workspace,,,,,,,,,
,,info@tryora.de,,,,,,,,SMartlead inboxkit users; SL users validated; campaign_leads_2026-03-23_20-27-04_results - campaign_leads_2026-03-23_20-27-04_results.csv; Imported Leads,Yes,deliverable,No,,,,,1,,7.98,,,,,,,,,,,,,,,,,,,,,,,,,,,,,,,,,,,1,,,,,2026-01,0.00,,0.00,,,,,,,,,,,,,,,,,,,,,,,Email is valid.,,mx1.hostinger.com,FALSE,,,,,,1,,,,,,,,,,,none,none,,,,,,,,,,No,,,,,,,,0.00,,SMartlead inboxkit users; SL users validated; campaign_leads_2026-03-23_20-27-04_results - campaign_leads_2026-03-23_20-27-04_results.csv,,Lunar Leopard,,7,0.00,7.98,,7.98,0.00,false,enrich,other,"""2026-06-06T10:37:49.951Z""",Other,,,,,,,,,
,,support@intentrackai.com,,,,,,,,SMartlead inboxkit users; SL users validated; campaign_leads_2026-03-23_20-27-04_results - campaign_leads_2026-03-23_20-27-04_results.csv; Imported Leads,Yes,deliverable,No,,,,,67,,590.52,,,,,,,,,,,,,,,,,,,,,,,,,,,,,,,,,,,195,,,,,2026-01,0.00,,0.00,,,,,,,,,,,,,,,,,,,,,,,Email is valid.,Google Workspace,smtp.google.com,FALSE,,,,,,2,,,,,,,,,,,none,none,,,,,,,,,,No,,,,,,,,299.00,,SMartlead inboxkit users; SL users validated; campaign_leads_2026-03-23_20-27-04_results - campaign_leads_2026-03-23_20-27-04_results.csv,,Omega Planet,,7,0.00,1181.05,,882.05,0.00,false,enrich,gmail,"""2026-06-06T10:37:49.926Z""",Gmail / Google Workspace,,,,,,,,,
,,mitch@shiftgroup.io,,,,,,,,SMartlead inboxkit users; SL users validated; campaign_leads_2026-03-23_20-27-04_results - campaign_leads_2026-03-23_20-27-04_results.csv; Imported Leads,Yes,deliverable,No,,,,,4,,32.75,,,,,,,,,,,,,,,,,,,,,,,,,,,,,,,,,,,12,,,,,2026-01,0.00,,0.00,,,,,,,,,,2022,Staffing And Recruiting,North America,United States,Boston,Boston,"Boston, Massachusetts, United States",,Massachusetts,,Shift Group,11-50,Private,Email is valid.,,shiftgroup-io.relay1g.spamh.com,FALSE,,,,,,2,,,,,,,,,,,none,none,,,,,,,,,,No,,,,,,,,0.00,,SMartlead inboxkit users; SL users validated; campaign_leads_2026-03-23_20-27-04_results - campaign_leads_2026-03-23_20-27-04_results.csv,,Elite Thunder,,7,3.00,65.50,,65.50,3.00,false,enrich,outlook,"""2026-06-06T10:37:50.225Z""",Outlook / Microsoft 365,,,,,,,,,
,,manuel@coldacq.com,,,,,,,,SMartlead inboxkit users; SL users validated; campaign_leads_2026-03-23_20-27-04_results - campaign_leads_2026-03-23_20-27-04_results.csv; Imported Leads,Yes,deliverable,No,,,,,19,,216.78,,,,,,,,,,,,,,,,,,,,,,,,,,,,,,,,,,,13,,,,,2026-01,0.00,,0.00,,,,,,,,,,,,,,,,,,,,,,,Email is valid.,Google Workspace,smtp.google.com,FALSE,,,,,,2,,,,,,,,,,,none,none,,,,,,,,,,No,,,,,,,,299.00,,SMartlead inboxkit users; SL users validated; campaign_leads_2026-03-23_20-27-04_results - campaign_leads_2026-03-23_20-27-04_results.csv,,Peak Rocket,,7,0.00,433.55,,134.55,0.00,false,enrich,gmail,"""2026-06-06T10:37:49.934Z""",Gmail / Google Workspace,,,,,,,,,
,,angelsalinas@remotetalentlatam.com,,,,,,,,SMartlead inboxkit users; SL users validated; campaign_leads_2026-03-23_20-27-04_results - campaign_leads_2026-03-23_20-27-04_results.csv; Imported Leads,Yes,deliverable,No,,,,,6,,105.25,,,,,,,,,,,,,,,,,,,,,,,,,,,,,,,,,,,30,,,,,2026-03,0.00,,0.00,,,,,,,,,,2017,Human Resources,North America,United States,Sheridan,Sheridan,"Sheridan, Wyoming, United States",,Wyoming,,Remote Talent Latam,11-50,Private,Email is valid.,Google Workspace,aspmx.l.google.com,FALSE,,,,,,2,,,,,,,,,,,monthly,agency,,,,,,,,,,No,,,,,,,,198.00,,SMartlead inboxkit users; SL users validated; campaign_leads_2026-03-23_20-27-04_results - campaign_leads_2026-03-23_20-27-04_results.csv,,Jade Framework,,7,0.00,210.50,,12.50,0.00,false,enrich,gmail,"""2026-06-06T10:37:49.945Z""",Gmail / Google Workspace,,,,,,,,,
,,dan@agenhq.com,,,,,,,,SMartlead inboxkit users; Smartlead users sheet; SL users validated; campaign_leads_2026-03-23_20-27-04_results - campaign_leads_2026-03-23_20-27-04_results.csv; Imported Leads,Yes,deliverable,No,,,,,,,,,,,,,,,,,,,,,,,,,,,,,,,,,,,,,,,,,,,,,,,,,,,,,,,,,,,,,,,,,,,,,,,,,Email is valid.,Google Workspace,smtp.google.com,FALSE,,,,,,,,,,,,,,,,,,,,,,,,,,,,No,,,,,,,,,,SMartlead inboxkit users; Smartlead users sheet; SL users validated; campaign_leads_2026-03-23_20-27-04_results - campaign_leads_2026-03-23_20-27-04_results.csv,,,,,,,,,,false,enrich,gmail,"""2026-06-06T10:37:49.948Z""",Gmail / Google Workspace,,,,,,,,,
,,tools@deepsink.co,,,,,,,,SMartlead inboxkit users; SL users validated; campaign_leads_2026-03-23_20-27-04_results - campaign_leads_2026-03-23_20-27-04_results.csv; Imported Leads,Yes,deliverable,No,,,,,43,,319.24,,,,,,,,,,,,,,,,,,,,,,,,,,,,,,,,,,,166,,,,,2026-01,0.00,,0.00,,,,,,,,,,,Environmental Services,Europe,United Kingdom,London,London,"London, England, United Kingdom",,England,,Deepsink,1-10,Private,Email is valid.,Google Workspace,aspmx.l.google.com,FALSE,,,,,,4,,,,,,,,,,,monthly,enterprise,,,,,,,,,,No,,,,,,,,1196.00,,SMartlead inboxkit users; SL users validated; campaign_leads_2026-03-23_20-27-04_results - campaign_leads_2026-03-23_20-27-04_results.csv,,Enterprise Cobra,,7,0.00,1276.94,,80.94,0.00,false,enrich,gmail,"""2026-06-06T10:37:49.938Z""",Gmail / Google Workspace,,,,,,,,,
,,jack@prosperra.ai,,,,,,,,SMartlead inboxkit users; SL users validated; campaign_leads_2026-03-23_20-27-04_results - campaign_leads_2026-03-23_20-27-04_results.csv; Imported Leads,Yes,deliverable,No,,,,,,,,,,,,,,,,,,,,,,,,,,,,,,,,,,,,,,,,,,,,,,,,,,,,,,,,,,,,,,,,,,,,,,,,,Email is valid.,Google Workspace,aspmx.l.google.com,FALSE,,,,,,,,,,,,,,,,,,,,,,,,,,,,No,,,,,,,,,,SMartlead inboxkit users; SL users validated; campaign_leads_2026-03-23_20-27-04_results - campaign_leads_2026-03-23_20-27-04_results.csv,,,,,,,,,,false,enrich,gmail,"""2026-06-06T10:37:49.898Z""",Gmail / Google Workspace,,,,,,,,,
,,info@leadgami.com,,,,,,,,SMartlead inboxkit users; SL users validated; campaign_leads_2026-03-23_20-27-04_results - campaign_leads_2026-03-23_20-27-04_results.csv; Imported Leads,Yes,deliverable,No,,,,,10,,99.00,,,,,,,,,,,,,,,,,,,,,,,,,,,,,,,,,,,0,,,,,2026-01,0.00,,0.00,,,,,,,,,,,,,,,,,,,,,,,Email is valid.,Google Workspace,smtp.google.com,FALSE,,,,,,3,,,,,,,,,,,none,none,,,,,,,,,,No,,,,,,,,297.00,,SMartlead inboxkit users; SL users validated; campaign_leads_2026-03-23_20-27-04_results - campaign_leads_2026-03-23_20-27-04_results.csv,,Ocean Leopard,,7,0.00,297.00,,0.00,0.00,false,enrich,gmail,"""2026-06-06T10:37:49.901Z""",Gmail / Google Workspace,,,,,,,,,
,,milind.t@openborder.com,,,,,,,,SMartlead inboxkit users; SL users validated; campaign_leads_2026-03-23_20-27-04_results - campaign_leads_2026-03-23_20-27-04_results.csv; Imported Leads,Yes,deliverable,No,,,,,151,,1323.48,,,,,,,,,,,,,,,,,,,,,,,,,,,,,,,,,,,612,,,,,2026-01,0.00,,0.00,,,,,,,,,,2023,Computer Software,,,,,,,,,Openborder,51-200,Private,Email is valid.,Google Workspace,aspmx.l.google.com,FALSE,,,,,,5,,,,,,,,,,,none,none,,,,,,,,,,No,,,,,,,,0.00,,SMartlead inboxkit users; SL users validated; campaign_leads_2026-03-23_20-27-04_results - campaign_leads_2026-03-23_20-27-04_results.csv,,Professional Eagle,,7,1926.00,6617.38,,6617.38,0.00,false,enrich,gmail,"""2026-06-06T10:37:49.898Z""",Gmail / Google Workspace,,,,,,,,,
,,nabeel@cloudvisor.eu,,,,,,,,SMartlead inboxkit users; SL users validated; campaign_leads_2026-03-23_20-27-04_results - campaign_leads_2026-03-23_20-27-04_results.csv; Imported Leads,Yes,deliverable,No,,,,,5,,99.00,,,,,,,,,,,,,,,,,,,,,,,,,,,,,,,,,,,15,,,,,2026-01,0.00,,0.00,,,,,,,,,,2018,Information Technology And Services,Europe,Lithuania,,,,,Vilnius,,Cloudvisor,11-50,Private,Email is valid.,Google Workspace,aspmx.l.google.com,FALSE,,,,,,4,,,,,,,,,,,monthly,agency,,,,,,,,,,No,,,,,,,,396.00,,SMartlead inboxkit users; SL users validated; campaign_leads_2026-03-23_20-27-04_results - campaign_leads_2026-03-23_20-27-04_results.csv,,Cyber Frontier,,8,0.00,396.00,,0.00,0.00,false,enrich,gmail,"""2026-06-06T10:37:49.988Z""",Gmail / Google Workspace,,,,,,,,,
,,vamsi.k@black-turtle.us,,,,,,,,SMartlead inboxkit users; Smartlead users sheet; SL users validated; campaign_leads_2026-03-23_20-27-04_results - campaign_leads_2026-03-23_20-27-04_results.csv; Imported Leads,Yes,deliverable,No,,,,,14,,164.83,,,,,,,,,,,,,,,,,,,,,,,,,,,,,,,,,,,70,,,,,2026-01,7.10,,0.00,,,,,,,,,,,,,,,,,,,,,,,Email is valid.,Google Workspace,SMTP.GOOGLE.COM,FALSE,,,,,,5,,,,,,,,,,,monthly,agency,,,,,,,,,,No,,,,,,,,396.00,,SMartlead inboxkit users; Smartlead users sheet; SL users validated; campaign_leads_2026-03-23_20-27-04_results - campaign_leads_2026-03-23_20-27-04_results.csv,,Strategic Wolf,,8,7.10,824.15,,428.15,0.00,false,enrich,gmail,"""2026-06-06T10:37:50.235Z""",Gmail / Google Workspace,,,,,,,,,
,,hank@stanify.ai,,,,,,,,SMartlead inboxkit users; SL users validated; campaign_leads_2026-03-23_20-27-04_results - campaign_leads_2026-03-23_20-27-04_results.csv; Imported Leads,Yes,deliverable,No,,,,,168,,304.98,,,,,,,,,,,,,,,,,,,,,,,,,,,,,,,,,,,120,,,,,2026-01,0.00,,0.00,,,,,,,,,,,,,,,,,,,,,,,Email is valid.,Google Workspace,aspmx.l.google.com,FALSE,,,,,,5,,,,,,,,,,,monthly,enterprise,,,,,,,,,,No,,,,,,,,299.00,,SMartlead inboxkit users; SL users validated; campaign_leads_2026-03-23_20-27-04_results - campaign_leads_2026-03-23_20-27-04_results.csv,,Forest Binary,,8,0.00,1524.90,,1225.90,0.00,false,enrich,gmail,"""2026-06-06T10:37:49.883Z""",Gmail / Google Workspace,,,,,,,,,
Jonathan,Kirchner,jonathan@jobfuture.ai,jobfuture.ai,Founder & CEO,,,,,,SMartlead inboxkit users; SL users validated; campaign_leads_2026-03-23_20-27-04_results - campaign_leads_2026-03-23_20-27-04_results.csv; Imported Leads,Yes,deliverable,No,,,,,21,,254.12,,,,,,,,,,,,,,,,,,,"Coeur d'Alene, Idaho, United States",https://media.licdn.com/dms/image/v2/D560BAQFfUcLOTd2FKg/company-logo_100_100/B56ZsPwHmMJUAQ-/0/1765495831188/jobfuture_logo?e=1776902400&v=beta&t=GU6HwDMy-floFoWmAQQl04NWhMnHpWfCvqSXVyfLnNE,,,,,https://www.linkedin.com/company/18648732,,,,,,,3,,2026-04-01T11:51:17.830Z,101,,,,,2026-01,0.00,Staffing and Recruiting,0.00,,,,,,,,,,,,,,,,,,,,,,,,,,,"Coeur d'Alene, Idaho, United States",,,,,4,,urn:li:member:119607304,false,,,,,,,,none,none,true,https://media.licdn.com/dms/image/v2/D5603AQEswyRSIM7XPQ/profile-displayphoto-scale_100_100/B56Zrwd9peHYAg-/0/1764970978367?e=1776902400&v=beta&t=39fUkVmeKUbhsBRzROOUZn8808zdRPf7Fv8W1_LritQ,https://www.linkedin.com/in/ACwAAAchEAgBFgwxZACNkDGW68KipTnYxO8Hfro,,,,,false,,,,,,,Follows your company,,,497.00,"At Jobfuture, we partner closely with founders and leadership teams to hire Directors, VPs, and C-level technical leaders where the margin for error is small and expectations are high.

Our approach is deliberate and relationship-driven.

We focus on engaging experienced, passive leaders — not candidates actively applying — and evaluate them for leadership ability, decision-making, communication, and long-term alignment, not just resumes or keywords.

How we work:

- Discovery-first search to align on role scope, expectations, and success criteria
- Targeted outreach to high-caliber, passive leadership talent
- Thoughtful evaluation with context and honest feedback
- Curated shortlists with clear recommendations
- We operate as a trusted extension of the leadership team and handle each search with discretion and accountability.

Experience:

- 300+ senior and leadership placements
- Director, VP, and C-suite searches across technology-driven companies
- Long-term client relationships built on repeat work and trust

If you’re hiring for a leadership role where fit, judgment, and execution matter, we’re always open to a conversation.

👉 https://jobfuture.ai/book",,,Prime Strategy,8 yrs 1 mo,8,0.00,1016.48,,519.48,0.00,false,enrich,gmail,"""2026-06-06T10:37:49.898Z""",Gmail / Google Workspace,,,,,,,,,
,,mirza@salesrobot.co,,,,,,,,SMartlead inboxkit users; SL users validated; campaign_leads_2026-03-23_20-27-04_results - campaign_leads_2026-03-23_20-27-04_results.csv; Imported Leads,Yes,deliverable,No,,,,,40,,146.25,,,,,,,,,,,,,,,,,,,,,,,,,,,,,,,,,,,43,,,,,2026-01,0.00,,21.00,,,,,,,,,,2020,Computer Software,North America,United States,New York,New York,"New York, New York, United States",10001,New York,,Salesrobot,11-50,Private,Email is valid.,Google Workspace,aspmx.l.google.com,FALSE,,,,,,5,,,,,,,,,,,monthly,agency,,,,,,,,,,No,,,,,,,,396.00,,SMartlead inboxkit users; SL users validated; campaign_leads_2026-03-23_20-27-04_results - campaign_leads_2026-03-23_20-27-04_results.csv,,Macro Nebula,,8,21.00,731.25,,335.25,0.00,false,enrich,gmail,"""2026-06-06T10:37:49.944Z""",Gmail / Google Workspace,,,,,,,,,
,,ken@executivesearch.ai,,,,,,,,SMartlead inboxkit users; SL users validated; campaign_leads_2026-03-23_20-27-04_results - campaign_leads_2026-03-23_20-27-04_results.csv; Imported Leads,Yes,deliverable,No,,,,,48,,393.63,,,,,,,,,,,,,,,,,,,,,,,,,,,,,,,,,,,135,,,,,2026-01,0.00,,0.00,,,,,,,,,facebook.com/executivesearchai,2018,Staffing And Recruiting,Asia,Japan,Tokyo,Tokyo,"Tokyo, Tokyo, Japan",,Tokyo,#801 Shibuya,Executivesearch.ai,1-10,Private,Email is valid.,Google Workspace,aspmx.l.google.com,FALSE,,,,,,5,,,,,,,,,,,none,none,,,,,,,,,,No,,,,,,,,0.00,,SMartlead inboxkit users; SL users validated; campaign_leads_2026-03-23_20-27-04_results - campaign_leads_2026-03-23_20-27-04_results.csv,,Core Binary,,8,0.00,1968.17,,1968.17,0.00,false,enrich,gmail,"""2026-06-06T10:37:49.905Z""",Gmail / Google Workspace,,,,,,,,,
,,mudit@magicallygenius.com,,,,,,,,SMartlead inboxkit users; SL users validated; campaign_leads_2026-03-23_20-27-04_results - campaign_leads_2026-03-23_20-27-04_results.csv; Imported Leads,Yes,deliverable,No,,,,,,,,,,,,,,,,,,,,,,,,,,,,,,,,,,,,,,,,,,,,,,,,,,,,,,,,,,,,2023,Internet,North America,United States,Wilmington,Wilmington,"Wilmington, Delaware, United States",19801,Delaware,3837 1007 North Orange Street,Magically Genius,1-10,Private,Email is valid.,Google Workspace,aspmx.l.google.com,FALSE,,,,,,,,,,,,,,,,,,,,,,,,,,,,No,,,,,,,,,,SMartlead inboxkit users; SL users validated; campaign_leads_2026-03-23_20-27-04_results - campaign_leads_2026-03-23_20-27-04_results.csv,,,,,,,,,,false,enrich,gmail,"""2026-06-06T10:37:49.934Z""",Gmail / Google Workspace,,,,,,,,,
,,rmillergraphic@gmail.com,,,,,,,,SMartlead inboxkit users; SL users validated; campaign_leads_2026-03-23_20-27-04_results - campaign_leads_2026-03-23_20-27-04_results.csv; Imported Leads,No,risky,No,,,,,14,,153.69,,,,,,,,,,,,,,,,,,,,,,,,,,,,,,,,,,,43,,,,,2026-01,0.00,,0.00,,,,,,,,,,,,,,,,,,,,,,,Email is valid.,Google Workspace,gmail-smtp-in.l.google.com,FALSE,,,,,,4,,,,,,,,,,,monthly,agency,,,,,,,,,,No,,,,,,,,435.00,,SMartlead inboxkit users; SL users validated; campaign_leads_2026-03-23_20-27-04_results - campaign_leads_2026-03-23_20-27-04_results.csv,,Agile Gateway,,8,0.00,614.75,,179.75,0.00,false,enrich,gmail,"""2026-06-06T10:37:49.559Z""",Gmail / Google Workspace,,,,,,,,,
Troy,Aitken,troy@buzzlead.io,,Co-Founder,,Arlington,,Virginia,https://www.linkedin.com/in/troy-aitken/,SMartlead inboxkit users; SL users validated; campaign_leads_2026-03-23_20-27-04_results - campaign_leads_2026-03-23_20-27-04_results.csv; Imported Leads,Yes,deliverable,No,,,,,buzzlead.io,,,,,,,,,,,,,,,,,,,,,,,,,,,,,,,Buzzlead,,,,,,,,,,,,,,,,,,,,,,,,,,,,,,,,,,,,,,,,,"Arlington, Virginia, United States",,,,,,,,,,,,,,,,,,,,,,,,,,,No,,,,,,,,,,SMartlead inboxkit users; SL users validated; campaign_leads_2026-03-23_20-27-04_results - campaign_leads_2026-03-23_20-27-04_results.csv; Imported Leads,,,,,,,,,,false,enrich,gmail,"""2026-06-06T10:37:49.883Z""",Gmail / Google Workspace,,,,,,,,,
,,cheetung@nsightz.com,,,,,,,,SMartlead inboxkit users; SL users validated; campaign_leads_2026-03-23_20-27-04_results - campaign_leads_2026-03-23_20-27-04_results.csv; Imported Leads,Yes,deliverable,No,,,,,11,,281.35,,,,,,,,,,,,,,,,,,,,,,,,,,,,,,,,,,,29,,,,,2026-01,0.00,,0.00,,,,,,,,,,,,,,,,,,,,,,,Email is valid.,Google Workspace,smtp.google.com,FALSE,,,,,,5,,,,,,,,,,,monthly,agency,,,,,,,,,,No,,,,,,,,396.00,,SMartlead inboxkit users; SL users validated; campaign_leads_2026-03-23_20-27-04_results - campaign_leads_2026-03-23_20-27-04_results.csv,,Omega Satellite,,8,0.00,1406.75,,1010.75,0.00,false,enrich,gmail,"""2026-06-06T10:37:49.905Z""",Gmail / Google Workspace,,,,,,,,,
,,hampsu17@gmail.com,,,,,,,,SMartlead inboxkit users; SL users validated; campaign_leads_2026-03-23_20-27-04_results - campaign_leads_2026-03-23_20-27-04_results.csv; Imported Leads,No,risky,No,,,,,10,,79.80,,,,,,,,,,,,,,,,,,,,,,,,,,,,,,,,,,,18,,,,,2026-01,0.00,,0.00,,,,,,,,,,,,,,,,,,,,,,,Email is valid.,Google Workspace,gmail-smtp-in.l.google.com,FALSE,,,,,,5,,,,,,,,,,,monthly,professional,,,,,,,,,,No,,,,,,,,156.00,,SMartlead inboxkit users; SL users validated; campaign_leads_2026-03-23_20-27-04_results - campaign_leads_2026-03-23_20-27-04_results.csv,,Mountain Tiger,,8,0.00,399.00,,243.00,0.00,false,enrich,gmail,"""2026-06-06T10:37:49.559Z""",Gmail / Google Workspace,,,,,,,,,
,,haley@unifygtm.com,,,,,,,,SMartlead inboxkit users; SL users validated; campaign_leads_2026-03-23_20-27-04_results - campaign_leads_2026-03-23_20-27-04_results.csv; Imported Leads,Yes,deliverable,No,,,,,,,,,,,,,,,,,,,,,,,,,,,,,,,,,,,,,,,,,,,,,,,,,,,,,,,,,,,,2023,Computer Software,North America,United States,San Francisco,San Francisco,"San Francisco, California, United States",94104,California,360 Pine Street,Unify,11-50,Private,Email is valid.,Google Workspace,aspmx.l.google.com,FALSE,,,,,,,,,,,,,,,,,,,,,,,,,,,,No,,,,,,,,,,SMartlead inboxkit users; SL users validated; campaign_leads_2026-03-23_20-27-04_results - campaign_leads_2026-03-23_20-27-04_results.csv,,,,,,,,,,false,enrich,gmail,"""2026-06-06T10:37:49.898Z""",Gmail / Google Workspace,,,,,,,,,
,,marketing@swell.country,,,,,,,,SMartlead inboxkit users; SL users validated; campaign_leads_2026-03-23_20-27-04_results - campaign_leads_2026-03-23_20-27-04_results.csv; Imported Leads,Yes,deliverable,No,,,,,,,,,,,,,,,,,,,,,,,,,,,,,,,,,,,,,,,,,,,,,,,,,,,,,,,,,,,,,Marketing And Advertising,North America,United States,Huntington Beach,Huntington Beach,"Huntington Beach, California, United States",,California,,Swell Country Llc.,11-50,Private,Email is valid.,Google Workspace,aspmx.l.google.com,FALSE,,,,,,,,,,,,,,,,,,,,,,,,,,,,No,,,,,,,,,,SMartlead inboxkit users; SL users validated; campaign_leads_2026-03-23_20-27-04_results - campaign_leads_2026-03-23_20-27-04_results.csv,,,,,,,,,,false,enrich,gmail,"""2026-06-06T10:37:49.917Z""",Gmail / Google Workspace,,,,,,,,,
,,shikha@chicstudio.net,,,,,,,,SMartlead inboxkit users; SL users validated; campaign_leads_2026-03-23_20-27-04_results - campaign_leads_2026-03-23_20-27-04_results.csv; Imported Leads,Yes,deliverable,No,,,,,,,,,,,,,,,,,,,,,,,,,,,,,,,,,,,,,,,,,,,,,,,,,,,,,,,,,,,,,Marketing And Advertising,,,,,,,,,Chic Studio,1-10,Private,Email is valid.,Google Workspace,aspmx.l.google.com,FALSE,,,,,,,,,,,,,,,,,,,,,,,,,,,,No,,,,,,,,,,SMartlead inboxkit users; SL users validated; campaign_leads_2026-03-23_20-27-04_results - campaign_leads_2026-03-23_20-27-04_results.csv,,,,,,,,,,false,enrich,gmail,"""2026-06-06T10:37:49.905Z""",Gmail / Google Workspace,,,,,,,,,
,,jose.coronelrosero5@gmail.com,,,,,,,,SMartlead inboxkit users; SL users validated; campaign_leads_2026-03-23_20-27-04_results - campaign_leads_2026-03-23_20-27-04_results.csv; Imported Leads,No,risky,No,,,,,25,,198.00,,,,,,,,,,,,,,,,,,,,,,,,,,,,,,,,,,,50,,,,,2026-01,0.00,,0.00,,,,,,,,,,,,,,,,,,,,,,,Email is valid.,Google Workspace,gmail-smtp-in.l.google.com,FALSE,,,,,,5,,,,,,,,,,,none,none,,,,,,,,,,No,,,,,,,,297.00,,SMartlead inboxkit users; SL users validated; campaign_leads_2026-03-23_20-27-04_results - campaign_leads_2026-03-23_20-27-04_results.csv,,Crimson Apex,,8,27.00,990.00,,693.00,27.00,false,enrich,gmail,"""2026-06-06T10:37:49.559Z""",Gmail / Google Workspace,,,,,,,,,
,,alimonteleoneins@gmail.com,,,,,,,,SMartlead inboxkit users; SL users validated; campaign_leads_2026-03-23_20-27-04_results - campaign_leads_2026-03-23_20-27-04_results.csv; Imported Leads,No,risky,No,,,,,15,,155.50,,,,,,,,,,,,,,,,,,,,,,,,,,,,,,,,,,,45,,,,,2026-01,4.50,,0.00,,,,,,,,,,,,,,,,,,,,,,,Email is valid.,Google Workspace,gmail-smtp-in.l.google.com,FALSE,,,,,,5,,,,,,,,,,,monthly,agency,,,,,,,,,,No,,,,,,,,396.00,,SMartlead inboxkit users; SL users validated; campaign_leads_2026-03-23_20-27-04_results - campaign_leads_2026-03-23_20-27-04_results.csv,,Meta Strategy,,8,4.50,777.50,,381.50,0.00,false,enrich,gmail,"""2026-06-06T10:37:49.559Z""",Gmail / Google Workspace,,,,,,,,,
,,fadi@salesformula.io,,,,,,,,SMartlead inboxkit users; SL users validated; campaign_leads_2026-03-23_20-27-04_results - campaign_leads_2026-03-23_20-27-04_results.csv; Imported Leads,Yes,deliverable,No,,,,,26,,234.31,,,,,,,,,,,,,,,,,,,,,,,,,,,,,,,,,,,70,,,,,2026-01,0.00,,0.00,,,,,,,,,,,,,,,,,,,,,,,Email is valid.,Google Workspace,aspmx.l.google.com,FALSE,,,,,,4,,,,,,,,,,,monthly,enterprise,,,,,,,,,,No,,,,,,,,596.00,,SMartlead inboxkit users; SL users validated; campaign_leads_2026-03-23_20-27-04_results - campaign_leads_2026-03-23_20-27-04_results.csv,,SalesFormula,,8,0.00,937.25,,341.25,0.00,false,enrich,gmail,"""2026-06-06T10:37:49.899Z""",Gmail / Google Workspace,,,,,,,,,
,,adrian@kionin.com,,,,,,,,SMartlead inboxkit users; SL users validated; campaign_leads_2026-03-23_20-27-04_results - campaign_leads_2026-03-23_20-27-04_results.csv; Imported Leads,Yes,deliverable,No,,,,,,,,,,,,,,,,,,,,,,,,,,,,,,,,,,,,,,,,,,,,,,,,,,,,,,,,,,,,,Information Technology And Services,North America,United States,San Francisco,San Francisco,"San Francisco, California, United States",94105,California,548 Market Street,Kionin Inc.,11-50,Private,Email is valid.,Google Workspace,aspmx.l.google.com,FALSE,,,,,,,,,,,,,,,,,,,,,,,,,,,,No,,,,,,,,,,SMartlead inboxkit users; SL users validated; campaign_leads_2026-03-23_20-27-04_results - campaign_leads_2026-03-23_20-27-04_results.csv,,,,,,,,,,false,enrich,gmail,"""2026-06-06T10:37:49.926Z""",Gmail / Google Workspace,,,,,,,,,
,,admin@leadhub.co.uk,,,,,,,,SMartlead inboxkit users; SL users validated; campaign_leads_2026-03-23_20-27-04_results - campaign_leads_2026-03-23_20-27-04_results.csv; Imported Leads,Yes,deliverable,No,,,,,10,,35.11,,,,,,,,,,,,,,,,,,,,,,,,,,,,,,,,,,,5,,,,,2026-01,0.00,,0.00,,,,,,,,,,,Marketing And Advertising,Europe,United Kingdom,Cambridge,Cambridge,"Cambridge, England, United Kingdom",cb2 3qj,England,Market Square,Lead Hub,1-10,Private,Email is valid.,Google Workspace,aspmx.l.google.com,FALSE,,,,,,5,,,,,,,,,,,none,none,,,,,,,,,,No,,,,,,,,0.00,,SMartlead inboxkit users; SL users validated; campaign_leads_2026-03-23_20-27-04_results - campaign_leads_2026-03-23_20-27-04_results.csv,,Golden Dragon,,8,0.00,175.56,,175.56,0.00,false,enrich,gmail,"""2026-06-06T10:37:49.907Z""",Gmail / Google Workspace,,,,,,,,,
,,techstack@entrans.io,,,,,,,,SMartlead inboxkit users; SL users validated; campaign_leads_2026-03-23_20-27-04_results - campaign_leads_2026-03-23_20-27-04_results.csv; Imported Leads,Yes,deliverable,No,,,,,31,,29.32,,,,,,,,,,,,,,,,,,,,,,,,,,,,,,,,,,,8,,,,,2026-01,0.00,,12.00,,,,,,,,,facebook.com/entranstech,2020,Computer Software,North America,United States,Branchburg,Branchburg,"Branchburg, New Jersey, United States",8876,New Jersey,22 Henry Road,Entrans Inc.,201-500,Private,Email is valid.,Google Workspace,aspmx.l.google.com,FALSE,,,,,,5,,,,,,,,,,,none,none,,,,,,,,,,No,,,,,,,,0.00,,SMartlead inboxkit users; SL users validated; campaign_leads_2026-03-23_20-27-04_results - campaign_leads_2026-03-23_20-27-04_results.csv,,Pearl Proton,,8,12.00,146.60,,146.60,0.00,false,enrich,gmail,"""2026-06-06T10:37:49.922Z""",Gmail / Google Workspace,,,,,,,,,
,,jake.telman@mithrildefense.com,,,,,,,,SMartlead inboxkit users; SL users validated; campaign_leads_2026-03-23_20-27-04_results - campaign_leads_2026-03-23_20-27-04_results.csv; Imported Leads,Yes,deliverable,No,,,,,32,,299.00,,,,,,,,,,,,,,,,,,,,,,,,,,,,,,,,,,,69,,,,,2026-01,0.00,,0.00,,,,,,,,,,2023,Security And Investigations,,,,,,,,,Mithril Defense,11-50,Private,Email is valid.,Google Workspace,aspmx.l.google.com,FALSE,,,,,,4,,,,,,,,,,,monthly,enterprise,,,,,,,,,,No,,,,,,,,1196.00,,SMartlead inboxkit users; SL users validated; campaign_leads_2026-03-23_20-27-04_results - campaign_leads_2026-03-23_20-27-04_results.csv,,Forest Meteor,,8,0.00,1196.00,,0.00,0.00,false,enrich,gmail,"""2026-06-06T10:37:49.943Z""",Gmail / Google Workspace,,,,,,,,,
,,hardikhindocha24@gmail.com,,,,,,,,SMartlead inboxkit users; SL users validated; campaign_leads_2026-03-23_20-27-04_results - campaign_leads_2026-03-23_20-27-04_results.csv; Imported Leads,No,risky,No,,,,,21,,142.40,,,,,,,,,,,,,,,,,,,,,,,,,,,,,,,,,,,77,,,,,2026-01,0.00,,0.00,,,,,,,,,,,,,,,,,,,,,,,Email is valid.,Google Workspace,gmail-smtp-in.l.google.com,FALSE,,,,,,5,,,,,,,,,,,none,none,,,,,,,,,,No,,,,,,,,0.00,,SMartlead inboxkit users; SL users validated; campaign_leads_2026-03-23_20-27-04_results - campaign_leads_2026-03-23_20-27-04_results.csv,,Elite Blueprint,,8,0.00,712.00,,712.00,0.00,false,enrich,gmail,"""2026-06-06T10:37:49.559Z""",Gmail / Google Workspace,,,,,,,,,
,,accounts@jupid.tax,,,,,,,,SMartlead inboxkit users; SL users validated; campaign_leads_2026-03-23_20-27-04_results - campaign_leads_2026-03-23_20-27-04_results.csv; Imported Leads,Yes,deliverable,No,,,,,12,,282.44,,,,,,,,,,,,,,,,,,,,,,,,,,,,,,,,,,,59,,,,,2026-01,0.00,,114.00,,,,,,,,,,,,,,,,,,,,,,,Email is valid.,Google Workspace,aspmx.l.google.com,FALSE,,,,,,5,,,,,,,,,,,none,none,,,,,,,,,,No,,,,,,,,0.00,,SMartlead inboxkit users; SL users validated; campaign_leads_2026-03-23_20-27-04_results - campaign_leads_2026-03-23_20-27-04_results.csv,,Tropical Galaxy,,8,114.00,1412.19,,1412.19,0.00,false,enrich,gmail,"""2026-06-06T10:37:49.901Z""",Gmail / Google Workspace,,,,,,,,,
,,admin@avalancheconsulting.uk,,,,,,,,SMartlead inboxkit users; SL users validated; campaign_leads_2026-03-23_20-27-04_results - campaign_leads_2026-03-23_20-27-04_results.csv; Imported Leads,Yes,deliverable,No,,,,,592,,3468.10,,,,,,,,,,,,,,,,,,,,,,,,,,,,,,,,,,,896,,,,,2026-01,0.00,,0.00,,,,,,,,,,,Management Consulting,,,,,,,,,Avalanche Consulting,11-50,Private,Email is valid.,Google Workspace,aspmx.l.google.com,FALSE,,,,,,5,,,,,,,,,,,monthly,agency,,,,,,,,,,No,,,,,,,,297.00,,SMartlead inboxkit users; SL users validated; campaign_leads_2026-03-23_20-27-04_results - campaign_leads_2026-03-23_20-27-04_results.csv,,Royal Edge,,8,0.00,17340.50,,17043.50,0.00,false,enrich,gmail,"""2026-06-06T10:37:49.903Z""",Gmail / Google Workspace,,,,,,,,,
,,amit@ai-bees.io,,,,,,,,SMartlead inboxkit users; SL users validated; campaign_leads_2026-03-23_20-27-04_results - campaign_leads_2026-03-23_20-27-04_results.csv; Imported Leads,Yes,deliverable,No,,,,,253,,1502.01,,,,,,,,,,,,,,,,,,,,,,,,,,,,,,,,,,,747,,,,,2026-01,0.05,,0.00,,,,,,,,,facebook.com/ai.bees.i,2018,Information Technology And Services,North America,United States,San Francisco,San Francisco,"San Francisco, California, United States",94111,California,50 California Street,Ai Bees,51-200,Private,Email is valid.,Google Workspace,aspmx.l.google.com,FALSE,,,,,,5,,,,,,,,,,,none,none,,,,,,,,,,No,,,,,,,,0.00,,SMartlead inboxkit users; SL users validated; campaign_leads_2026-03-23_20-27-04_results - campaign_leads_2026-03-23_20-27-04_results.csv,,Quantum Cheetah,,8,0.05,7510.05,,7510.05,0.00,false,enrich,gmail,"""2026-06-06T10:37:49.874Z""",Gmail / Google Workspace,,,,,,,,,
Rushin,Ballu,rushin@heavn.media,Heavn Media,Founder,,Surat,Gujarat,India,https://www.linkedin.com/in/rushin-ballu-5b64001aa/,SMartlead inboxkit users; SL users validated; campaign_leads_2026-03-23_20-27-04_results - campaign_leads_2026-03-23_20-27-04_results.csv; Imported Leads,Yes,deliverable,No,,,,,95,,641.79,,,,,,,,,,,,,,,,,,,,,,,,,,,,,,,,,,,142,,,,,2026-02,0.00,,0.00,,,,,,,,,,,,,,,,,,,,,,,,,,,"Surat, Gujarat, India",gmail,"""2026-03-31T21:05:09.333Z""",Google Workspace,,4,,,,,,,,,,,monthly,enterprise,,,,,,,,,,No,No,,,,,,,598.00,,SMartlead inboxkit users; SL users validated; campaign_leads_2026-03-23_20-27-04_results - campaign_leads_2026-03-23_20-27-04_results.csv; Imported Leads,Linkedin Engagement; Imported Leads; SL Users,Fresh Neutron,,8,0.00,2567.16,,1969.16,0.00,false,enrich,gmail,"""2026-06-06T10:37:49.903Z""",Gmail / Google Workspace,,,,,,,,,
,,banda@armadilloleads.com,,,,,,,,SMartlead inboxkit users; SL users validated; campaign_leads_2026-03-23_20-27-04_results - campaign_leads_2026-03-23_20-27-04_results.csv; Imported Leads,Yes,deliverable,No,,,,,28,,236.75,,,,,,,,,,,,,,,,,,,,,,,,,,,,,,,,,,,0,,,,,2026-01,0.00,,0.00,,,,,,,,,,,,,,,,,,,,,,,Email is valid.,Google Workspace,aspmx.l.google.com,FALSE,,,,,,4,,,,,,,,,,,monthly,enterprise,,,,,,,,,,No,,,,,,,,596.00,,SMartlead inboxkit users; SL users validated; campaign_leads_2026-03-23_20-27-04_results - campaign_leads_2026-03-23_20-27-04_results.csv,,Macro Proton,,8,0.00,947.00,,351.00,0.00,false,enrich,gmail,"""2026-06-06T10:37:49.939Z""",Gmail / Google Workspace,,,,,,,,,
,,arslan@centangle.com,,,,,,,,SMartlead inboxkit users; SL users validated; campaign_leads_2026-03-23_20-27-04_results - campaign_leads_2026-03-23_20-27-04_results.csv; Imported Leads,Yes,deliverable,No,,,,,5,,39.00,,,,,,,,,,,,,,,,,,,,,,,,,,,,,,,,,,,10,,,,,2026-01,0.00,,0.00,,,,,,,,,facebook.com/centangle,2013,Computer Software,Europe,France,Nantes,Nantes,"Nantes, Pays De La Loire, France",44000,Pays De La Loire,G-5 2 Islamabad Federal Area,Centangle Interactive,11-50,Private,Email is valid.,,us2.mx1.mailhostbox.com,FALSE,,,,,,4,,,,,,,,,,,monthly,professional,,,,,,,,,,No,,,,,,,,156.00,,SMartlead inboxkit users; SL users validated; campaign_leads_2026-03-23_20-27-04_results - campaign_leads_2026-03-23_20-27-04_results.csv,,Crimson Portal,,9,0.00,156.00,,0.00,0.00,false,enrich,other,"""2026-06-06T10:37:49.980Z""",Other,,,,,,,,,
,,paul@denhartogh.solutions,,,,,,,,SMartlead inboxkit users; SL users validated; campaign_leads_2026-03-23_20-27-04_results - campaign_leads_2026-03-23_20-27-04_results.csv; Imported Leads,Yes,deliverable,No,,,,,20,,144.90,,,,,,,,,,,,,,,,,,,,,,,,,,,,,,,,,,,20,,,,,2026-01,0.00,,0.00,,,,,,,,,,2017,Internet,Europe,Netherlands,,,,,,,Den Hartogh Solutions,1-10,Private,Email is valid.,Google Workspace,aspmx.l.google.com,FALSE,,,,,,5,,,,,,,,,,,monthly,professional,,,,,,,,,,No,,,,,,,,156.00,,SMartlead inboxkit users; SL users validated; campaign_leads_2026-03-23_20-27-04_results - campaign_leads_2026-03-23_20-27-04_results.csv,,Den Hartogh Solutions,,9,0.00,724.50,,568.50,0.00,false,enrich,gmail,"""2026-06-06T10:37:49.917Z""",Gmail / Google Workspace,,,,,,,,,
,,samuel@sbyra.se,,,,,,,,SMartlead inboxkit users; Smartlead users sheet; SL users validated; campaign_leads_2026-03-23_20-27-04_results - campaign_leads_2026-03-23_20-27-04_results.csv; Imported Leads,Yes,deliverable,No,,,,,4,,31.92,,,,,,,,,,,,,,,,,,,,,,,,,,,,,,,,,,,4,,,,,2026-01,0.00,,0.00,,,,,,,,,,,,,,,,,,,,,,,Email is valid.,Google Workspace,smtp.google.com,FALSE,,,,,,3,,,,,,,,,,,none,none,,,,,,,,,,No,,,,,,,,0.00,,SMartlead inboxkit users; Smartlead users sheet; SL users validated; campaign_leads_2026-03-23_20-27-04_results - campaign_leads_2026-03-23_20-27-04_results.csv,,Ruby Viper,,9,0.00,95.76,,95.76,0.00,false,enrich,gmail,"""2026-06-06T10:37:49.892Z""",Gmail / Google Workspace,,,,,,,,,
,,ecom2070@gmail.com,,,,,,,,SMartlead inboxkit users; SL users validated; campaign_leads_2026-03-23_20-27-04_results - campaign_leads_2026-03-23_20-27-04_results.csv; Imported Leads,No,risky,No,,,,,2,,14.53,,,,,,,,,,,,,,,,,,,,,,,,,,,,,,,,,,,3,,,,,2026-04,0.10,,0.00,,,,,,,,,,,,,,,,,,,,,,,Email is valid.,Google Workspace,gmail-smtp-in.l.google.com,FALSE,,,,,,2,,,,,,,,,,,none,none,,,,,,,,,,No,,,,,,,,0.00,,SMartlead inboxkit users; SL users validated; campaign_leads_2026-03-23_20-27-04_results - campaign_leads_2026-03-23_20-27-04_results.csv,,Pro Apex,,9,9.10,29.05,,29.05,9.00,false,enrich,gmail,"""2026-06-06T10:37:49.559Z""",Gmail / Google Workspace,,,,,,,,,
,,team@gozen.io,,,,,,,,SMartlead inboxkit users; SL users validated; campaign_leads_2026-03-23_20-27-04_results - campaign_leads_2026-03-23_20-27-04_results.csv; Imported Leads,Yes,deliverable,No,,,,,38,,199.00,,,,,,,,,,,,,,,,,,,,,,,,,,,,,,,,,,,99,,,,,2026-01,0.00,,0.00,,,,,,,,,facebook.com/getgozen,2022,Computer Software,North America,United States,Morris Plains,Morris Plains,"Morris Plains, New Jersey, United States",,New Jersey,,Gozen,11-50,Private,Email is valid.,Google Workspace,aspmx.l.google.com,FALSE,,,,,,4,,,,,,,,,,,monthly,agency,,,,,,,,,,No,,,,,,,,796.00,,SMartlead inboxkit users; SL users validated; campaign_leads_2026-03-23_20-27-04_results - campaign_leads_2026-03-23_20-27-04_results.csv,,Dynamic Rocket,,9,0.00,796.00,,0.00,0.00,false,enrich,gmail,"""2026-06-06T10:37:49.884Z""",Gmail / Google Workspace,,,,,,,,,
,,dmitry@origits.com,,,,,,,,SMartlead inboxkit users; SL users validated; campaign_leads_2026-03-23_20-27-04_results - campaign_leads_2026-03-23_20-27-04_results.csv; Imported Leads,Yes,deliverable,No,,,,,9,,63.50,,,,,,,,,,,,,,,,,,,,,,,,,,,,,,,,,,,0,,,,,2026-01,0.00,,0.00,,,,,,,,,,2021,Computer Software,North America,United States,New York,New York,"New York, New York, United States",10013,New York,447 Broadway,Origits,1-10,Private,Email is valid.,Google Workspace,smtp.google.com,FALSE,,,,,,4,,,,,,,,,,,none,none,,,,,,,,,,No,,,,,,,,156.00,,SMartlead inboxkit users; SL users validated; campaign_leads_2026-03-23_20-27-04_results - campaign_leads_2026-03-23_20-27-04_results.csv,,Clear Quantum,,9,0.00,254.00,,98.00,0.00,false,enrich,gmail,"""2026-06-06T10:37:49.884Z""",Gmail / Google Workspace,,,,,,,,,
Louis,Deslus,louis@erab2b.com,EraB2B,Founder,,Bordeaux,Nouvelle-Aquitaine,France,https://www.linkedin.com/in/louis-deslus/,SMartlead inboxkit users; SL users validated; campaign_leads_2026-03-23_20-27-04_results - campaign_leads_2026-03-23_20-27-04_results.csv; Imported Leads,Yes,deliverable,No,,,,,2,,23.94,,,,,,,,,,,,,,,,,,,,,,,,,,,,,,,,,,,4,,,,,2026-01,0.00,,0.00,,,,,,,,,,,,,,,,,,,,,,,,,,,"Greater Bayonne Area, France",gmail,"""2026-03-31T21:04:22.729Z""",Google Workspace,,2,,,,,,,,,,,none,none,,,,,,,,,,No,No,,,,,,,0.00,,SMartlead inboxkit users; SL users validated; campaign_leads_2026-03-23_20-27-04_results - campaign_leads_2026-03-23_20-27-04_results.csv; Imported Leads,Top agencies; Imported Leads; SL Users,Swift Jaguar,,9,0.00,47.88,,47.88,0.00,false,enrich,gmail,"""2026-06-06T10:37:49.934Z""",Gmail / Google Workspace,,,,,,,,,
,,ishan@makkpress.com,,,,,,,,SMartlead inboxkit users; SL users validated; campaign_leads_2026-03-23_20-27-04_results - campaign_leads_2026-03-23_20-27-04_results.csv; Imported Leads,Yes,deliverable,No,,,,,4,,39.00,,,,,,,,,,,,,,,,,,,,,,,,,,,,,,,,,,,0,,,,,2026-01,0.00,,0.00,,,,,,,,,facebook.com/makkpress,2012,Information Technology And Services,North America,United States,Aliso Viejo,Aliso Viejo,"Aliso Viejo, California, United States",92656,California,65 Enterprise,Makkpress Technologies,51-200,Private,Email is valid.,Google Workspace,aspmx.l.google.com,FALSE,,,,,,1,,,,,,,,,,,none,none,,,,,,,,,,No,,,,,,,,39.00,,SMartlead inboxkit users; SL users validated; campaign_leads_2026-03-23_20-27-04_results - campaign_leads_2026-03-23_20-27-04_results.csv,,Optimal Phoenix,,9,0.00,39.00,,0.00,0.00,false,enrich,gmail,"""2026-06-06T10:37:49.959Z""",Gmail / Google Workspace,,,,,,,,,
,,julian@presti.ai,,,,,,,,SMartlead inboxkit users; SL users validated; campaign_leads_2026-03-23_20-27-04_results - campaign_leads_2026-03-23_20-27-04_results.csv; Imported Leads,Yes,deliverable,No,,,,,,,,,,,,,,,,,,,,,,,,,,,,,,,,,,,,,,,,,,,,,,,,,,,,,,,,,,,,2022,Computer Software,Europe,France,Paris,Paris,"Paris, Ile-de-france, France",75015,Ile-de-france,,Presti,1-10,Private,Email is valid.,Google Workspace,aspmx.l.google.com,FALSE,,,,,,,,,,,,,,,,,,,,,,,,,,,,No,,,,,,,,,,SMartlead inboxkit users; SL users validated; campaign_leads_2026-03-23_20-27-04_results - campaign_leads_2026-03-23_20-27-04_results.csv,,,,,,,,,,false,enrich,gmail,"""2026-06-06T10:37:49.884Z""",Gmail / Google Workspace,,,,,,,,,
,,brent@salesboutique.io,,,+27834408878,,,,,SMartlead inboxkit users; SL users validated; campaign_leads_2026-03-23_20-27-04_results - campaign_leads_2026-03-23_20-27-04_results.csv; Imported Leads,Yes,deliverable,No,,,,,,,,,,,,,,,,,,,,,,,,,,,,,,,,,,,,,,,,,,,,,,,,,,,,,,,,,,,,2023,Management Consulting,Europe,Netherlands,Amsterdam,Amsterdam,"Amsterdam, Noord-holland, Netherlands",1096 an,Noord-holland,6v6 Wenckebachweg,Sales Boutique,1-10,Private,Email is valid.,Google Workspace,aspmx.l.google.com,FALSE,,,,,,,,,,,,,,,,,,,,,,,,,,,,No,,,,,,,,,,SMartlead inboxkit users; SL users validated; campaign_leads_2026-03-23_20-27-04_results - campaign_leads_2026-03-23_20-27-04_results.csv,,,,,,,,,,false,enrich,,,,,,,,,,,,
,,misbahraza61@gmail.com,,,,,,,,SMartlead inboxkit users; SL users validated; campaign_leads_2026-03-23_20-27-04_results - campaign_leads_2026-03-23_20-27-04_results.csv; Imported Leads,No,risky,No,,,,,17,,48.43,,,,,,,,,,,,,,,,,,,,,,,,,,,,,,,,,,,7,,,,,2026-01,0.00,,0.00,,,,,,,,,,,,,,,,,,,,,,,Email is valid.,Google Workspace,gmail-smtp-in.l.google.com,FALSE,,,,,,5,,,,,,,,,,,none,none,,,,,,,,,,No,,,,,,,,39.00,,SMartlead inboxkit users; SL users validated; campaign_leads_2026-03-23_20-27-04_results - campaign_leads_2026-03-23_20-27-04_results.csv,,Forest Zenith,,9,0.00,242.14,,203.14,0.00,false,enrich,gmail,"""2026-06-06T10:37:49.559Z""",Gmail / Google Workspace,,,,,,,,,
,,davidaruderman@gmail.com,,,,,,,,SMartlead inboxkit users; SL users validated; campaign_leads_2026-03-23_20-27-04_results - campaign_leads_2026-03-23_20-27-04_results.csv; Imported Leads,No,risky,No,,,,,3,,47.88,,,,,,,,,,,,,,,,,,,,,,,,,,,,,,,,,,,9,,,,,2026-01,0.00,,0.00,,,,,,,,,,,,,,,,,,,,,,,Email is valid.,Google Workspace,gmail-smtp-in.l.google.com,FALSE,,,,,,3,,,,,,,,,,,none,none,,,,,,,,,,No,,,,,,,,0.00,,SMartlead inboxkit users; SL users validated; campaign_leads_2026-03-23_20-27-04_results - campaign_leads_2026-03-23_20-27-04_results.csv,,Astro Tiger,,9,0.00,143.64,,143.64,0.00,false,enrich,gmail,"""2026-06-06T10:37:49.559Z""",Gmail / Google Workspace,,,,,,,,,
,,business@funnelsaga.com,,,,,,,,SMartlead inboxkit users; Smartlead users sheet; SL users validated; campaign_leads_2026-03-23_20-27-04_results - campaign_leads_2026-03-23_20-27-04_results.csv; Imported Leads,Yes,deliverable,No,,,,,8,,39.00,,,,,,,,,,,,,,,,,,,,,,,,,,,,,,,,,,,10,,,,,2026-01,0.00,,0.00,,,,,,,,,,2023,Marketing And Advertising,Asia,India,Kolkāta,Kolkāta,"Kolkāta, West Bengal, India",,West Bengal,,Funnelsaga,1-10,Private,Email is valid.,Google Workspace,smtp.google.com,FALSE,,,,,,1,,,,,,,,,,,none,none,,,,,,,,,,No,,,,,,,,39.00,,SMartlead inboxkit users; Smartlead users sheet; SL users validated; campaign_leads_2026-03-23_20-27-04_results - campaign_leads_2026-03-23_20-27-04_results.csv,,Micro Hawk,,9,0.00,39.00,,0.00,0.00,false,enrich,gmail,"""2026-06-06T10:37:49.931Z""",Gmail / Google Workspace,,,,,,,,,
,,pulkit@hindtaxadvisors.com,,,,,,,,SMartlead inboxkit users; SL users validated; campaign_leads_2026-03-23_20-27-04_results - campaign_leads_2026-03-23_20-27-04_results.csv; Imported Leads,Yes,deliverable,No,,,,,17,,94.50,,,,,,,,,,,,,,,,,,,,,,,,,,,,,,,,,,,34,,,,,2026-02,0.00,,0.00,,,,,,,,,,,,,,,,,,,,,,,Email is valid.,Google Workspace,ASPMX.L.GOOGLE.com,FALSE,,,,,,1,,,,,,,,,,,none,none,,,,,,,,,,No,,,,,,,,0.00,,SMartlead inboxkit users; SL users validated; campaign_leads_2026-03-23_20-27-04_results - campaign_leads_2026-03-23_20-27-04_results.csv,,Brave Lion,,9,0.00,94.50,,94.50,0.00,false,enrich,gmail,"""2026-06-06T10:37:49.901Z""",Gmail / Google Workspace,,,,,,,,,
,,tools@timelines.ai,,,,,,,,SMartlead inboxkit users; SL users validated; campaign_leads_2026-03-23_20-27-04_results - campaign_leads_2026-03-23_20-27-04_results.csv; Imported Leads,Yes,deliverable,No,,,,,33,,231.99,,,,,,,,,,,,,,,,,,,,,,,,,,,,,,,,,,,95,,,,,2026-01,4.95,,0.00,,,,,,,,,facebook.com/timelinesai,2018,Computer Software,Asia,Israel,Dan,Dan,"Dan, Northern District, Israel",52255,Northern District,15 Gush Dan,Timelinesai,11-50,Private,Email is valid.,Google Workspace,smtp.google.com,FALSE,,,,,,5,,,,,,,,,,,monthly,professional,,,,,,,,,,No,,,,,,,,156.00,,SMartlead inboxkit users; SL users validated; campaign_leads_2026-03-23_20-27-04_results - campaign_leads_2026-03-23_20-27-04_results.csv,,Initech Ltd,,9,4.95,1159.95,,1003.95,0.00,false,enrich,gmail,"""2026-06-06T10:37:49.898Z""",Gmail / Google Workspace,,,,,,,,,
Avinash,Haridas,avinash@preciseleads.in,,Founder,,Bengaluru,,Karnataka,https://www.linkedin.com/in/avinashharidas/,SMartlead inboxkit users; Smartlead users sheet; SL users validated; campaign_leads_2026-03-23_20-27-04_results - campaign_leads_2026-03-23_20-27-04_results.csv; Imported Leads,Yes,deliverable,No,,,,,preciseleads.in,,,,,,,,,,,,,,,,,,,,,,,,,,,,,,,Precise Leads,,,,,,,,,,,,,,,,,,,,,,,,,,,,,,,,,,,,,,,,,"Bengaluru, Karnataka, India",,,,,,,,,,,,,,,,,,,,,,,,,,,No,,,,,,,,,,SMartlead inboxkit users; Smartlead users sheet; SL users validated; campaign_leads_2026-03-23_20-27-04_results - campaign_leads_2026-03-23_20-27-04_results.csv; Imported Leads,,,,,,,,,,false,enrich,gmail,"""2026-06-06T10:37:49.926Z""",Gmail / Google Workspace,,,,,,,,,
Philipp,Käming,philipp@growthlynk.io,GROWTHLYNK,Founder,,,,,https://www.linkedin.com/in/philipp-k%c3%a4ming-31a599169/,SMartlead inboxkit users; Smartlead users sheet; SL users validated; campaign_leads_2026-03-23_20-27-04_results - campaign_leads_2026-03-23_20-27-04_results.csv; Imported Leads,Yes,deliverable,No,,,,,22,,539.20,,,,,,,,,,,,,,,,,,,,,,,,,,,,,,,,,,,68,,,,,2026-01,0.00,,0.00,,,,,,,,,,,,,,,,,,,,,,,,,,,"Dubai, United Arab Emirates",gmail,"""2026-03-31T21:05:44.497Z""",Google Workspace,,5,,,,,,,,,,,none,none,,,,,,,,,,No,No,,,,,,,0.00,,SMartlead inboxkit users; Smartlead users sheet; SL users validated; campaign_leads_2026-03-23_20-27-04_results - campaign_leads_2026-03-23_20-27-04_results.csv; Imported Leads,not to use this list; Top Companies to reachout - Podcast Campaign; Podcast Invite list - top companies; Podcast Invite list - top companies to reachout; Imported Leads; SL Users,Peak Cheetah,,9,0.00,2696.00,,2696.00,0.00,false,enrich,gmail,"""2026-06-06T10:37:49.898Z""",Gmail / Google Workspace,,,,,,,,,
Anshul,Bhatia,anshul@leadlinepartners.co,Lead Line Partners,Founder and CEO,,New York,New York,United States,https://www.linkedin.com/in/anshul29/,SMartlead inboxkit users; SL users validated; campaign_leads_2026-03-23_20-27-04_results - campaign_leads_2026-03-23_20-27-04_results.csv; Imported Leads,Yes,deliverable,No,,,,,11,,50.10,,,,,,,,,,,,,,,,,,,,,,,,,,,,,,,,,,,17,,,,,2026-01,0.00,,0.00,,,,,,,,,,,,,,,,,,,,,,,,,,,"New York, New York, United States",gmail,"""2026-03-31T21:06:52.543Z""",Google Workspace,,5,,,,,,,,,,,monthly,professional,,,,,,,,,,No,No,,,,,,,156.00,,SMartlead inboxkit users; SL users validated; campaign_leads_2026-03-23_20-27-04_results - campaign_leads_2026-03-23_20-27-04_results.csv; Imported Leads,Imported Leads; SL Users,Lunar Horizon,,9,0.00,250.50,,94.50,0.00,false,enrich,gmail,"""2026-06-06T10:37:50.034Z""",Gmail / Google Workspace,,,,,,,,,
,,sb@prometteursolutions.com,,,,,,,,SMartlead inboxkit users; Smartlead users sheet; SL users validated; campaign_leads_2026-03-23_20-27-04_results - campaign_leads_2026-03-23_20-27-04_results.csv; Imported Leads,Yes,deliverable,No,,,,,124,,667.20,,,,,,,,,,,,,,,,,,,,,,,,,,,,,,,,,,,230,,,,,2026-01,0.00,,0.00,,,,,,,,,facebook.com/prometteursolutions,2013,Information Technology And Services,Asia,India,Pune,Pune,"Pune, Maharashtra, India",94108,Maharashtra,112 166 Geary Street,Prometteur Solutions Pvt. Ltd.,51-200,Private,Email is valid.,Google Workspace,aspmx.l.google.com,FALSE,,,,,,5,,,,,,,,,,,none,none,,,,,,,,,,No,,,,,,,,0.00,,SMartlead inboxkit users; Smartlead users sheet; SL users validated; campaign_leads_2026-03-23_20-27-04_results - campaign_leads_2026-03-23_20-27-04_results.csv,,Crimson Comet,,9,0.00,3336.00,,3336.00,0.00,false,enrich,gmail,"""2026-06-06T10:37:49.926Z""",Gmail / Google Workspace,,,,,,,,,
,,louismarie@primaverasolar.co,,,,,,,,SMartlead inboxkit users; Smartlead users sheet; SL users validated; campaign_leads_2026-03-23_20-27-04_results - campaign_leads_2026-03-23_20-27-04_results.csv; Imported Leads,Yes,deliverable,No,,,,,113,,979.07,,,,,,,,,,,,,,,,,,,,,,,,,,,,,,,,,,,54,,,,,2026-01,0.00,,0.00,,,,,,,,,,,,,,,,,,,,,,,Email is valid.,Google Workspace,aspmx.l.google.com,FALSE,,,,,,5,,,,,,,,,,,none,none,,,,,,,,,,No,,,,,,,,0.00,,SMartlead inboxkit users; Smartlead users sheet; SL users validated; campaign_leads_2026-03-23_20-27-04_results - campaign_leads_2026-03-23_20-27-04_results.csv,,Silver Panther,,9,0.00,4895.33,,4895.33,0.00,false,enrich,gmail,"""2026-06-06T10:37:49.968Z""",Gmail / Google Workspace,,,,,,,,,
,,growtontools@gmail.com,,,,,,,,SMartlead inboxkit users; SL users validated; campaign_leads_2026-03-23_20-27-04_results - campaign_leads_2026-03-23_20-27-04_results.csv; Imported Leads,No,risky,No,,,,,9,,58.07,,,,,,,,,,,,,,,,,,,,,,,,,,,,,,,,,,,18,,,,,2026-02,0.00,,0.00,,,,,,,,,,,,,,,,,,,,,,,Email is valid.,Google Workspace,gmail-smtp-in.l.google.com,FALSE,,,,,,4,,,,,,,,,,,monthly,professional,,,,,,,,,,No,,,,,,,,78.00,,SMartlead inboxkit users; SL users validated; campaign_leads_2026-03-23_20-27-04_results - campaign_leads_2026-03-23_20-27-04_results.csv,,Azure Horizon,,9,0.00,232.29,,154.29,0.00,false,enrich,gmail,"""2026-06-06T10:37:49.559Z""",Gmail / Google Workspace,,,,,,,,,
,,felix@sharesy.com,,,,,,,,SMartlead inboxkit users; Smartlead users sheet; SL users validated; campaign_leads_2026-03-23_20-27-04_results - campaign_leads_2026-03-23_20-27-04_results.csv; Imported Leads,Yes,deliverable,No,,,,,18,,212.40,,,,,,,,,,,,,,,,,,,,,,,,,,,,,,,,,,,54,,,,,2026-01,0.00,,0.00,,,,,,,,,facebook.com/wearesharesy,2020,Internet,Europe,United Kingdom,London,London,"London, Greater London, United Kingdom",,Greater London,,Sharesy,11-50,Private,Email is valid.,Google Workspace,aspmx.l.google.com,FALSE,,,,,,5,,,,,,,,,,,none,none,,,,,,,,,,No,,,,,,,,0.00,,SMartlead inboxkit users; Smartlead users sheet; SL users validated; campaign_leads_2026-03-23_20-27-04_results - campaign_leads_2026-03-23_20-27-04_results.csv,,Sharesy Ltd,,9,0.00,1062.00,,1062.00,0.00,false,enrich,gmail,"""2026-06-06T10:37:49.898Z""",Gmail / Google Workspace,,,,,,,,,
,,julian@horizonsbusinessfunding.com,,,,,,,,SMartlead inboxkit users; SL users validated; campaign_leads_2026-03-23_20-27-04_results - campaign_leads_2026-03-23_20-27-04_results.csv; Imported Leads,Yes,deliverable,No,,,,,161,,1287.20,,,,,,,,,,,,,,,,,,,,,,,,,,,,,,,,,,,276,,,,,2026-01,0.00,,0.00,,,,,,,,,,,,,,,,,,,,,,,Email is valid.,Google Workspace,aspmx.l.google.com,FALSE,,,,,,5,,,,,,,,,,,none,none,,,,,,,,,,No,,,,,,,,0.00,,SMartlead inboxkit users; SL users validated; campaign_leads_2026-03-23_20-27-04_results - campaign_leads_2026-03-23_20-27-04_results.csv,,Omega Photon,,9,0.00,6436.00,,6436.00,0.00,false,enrich,gmail,"""2026-06-06T10:37:49.905Z""",Gmail / Google Workspace,,,,,,,,,
,,admin@leadosaurus.com,,,,,,,,SMartlead inboxkit users; SL users validated; campaign_leads_2026-03-23_20-27-04_results - campaign_leads_2026-03-23_20-27-04_results.csv; Imported Leads,Yes,deliverable,No,,,,,996,,4992.79,,,,,,,,,,,,,,,,,,,,,,,,,,,,,,,,,,,1706,,,,,2026-01,0.95,,0.00,,,,,,,,,,2020,Marketing And Advertising,North America,Canada,Vancouver,Vancouver,"Vancouver, British Columbia, Canada",v6e 3p3,British Columbia,1055 West Georgia Street,Leadosaurus,11-50,Private,Email is valid.,Google Workspace,aspmx.l.google.com,FALSE,,,,,,5,,,,,,,,,,,monthly,enterprise,,,,,,,,,,No,,,,,,,,897.00,,SMartlead inboxkit users; SL users validated; campaign_leads_2026-03-23_20-27-04_results - campaign_leads_2026-03-23_20-27-04_results.csv,,Tropical Pixel,,10,0.95,24963.95,,24066.95,0.00,false,enrich,gmail,"""2026-06-06T10:37:49.884Z""",Gmail / Google Workspace,,,,,,,,,
,,toolinfo@elevasionx.com,,,,,,,,SMartlead inboxkit users; SL users validated; campaign_leads_2026-03-23_20-27-04_results - campaign_leads_2026-03-23_20-27-04_results.csv; Imported Leads,Yes,deliverable,No,,,,,,,,,,,,,,,,,,,,,,,,,,,,,,,,,,,,,,,,,,,,,,,,,,,,,,,,,,,,,Marketing And Advertising,Asia,India,Karur,Karur,"Karur, Tamil Nadu, India",,Tamil Nadu,,Elevasionx,11-50,Private,Email is valid.,Google Workspace,smtp.google.com,FALSE,,,,,,,,,,,,,,,,,,,,,,,,,,,,No,,,,,,,,,,SMartlead inboxkit users; SL users validated; campaign_leads_2026-03-23_20-27-04_results - campaign_leads_2026-03-23_20-27-04_results.csv,,,,,,,,,,false,enrich,gmail,"""2026-06-06T10:37:49.884Z""",Gmail / Google Workspace,,,,,,,,,
,,atishay@eagleinfoservices.com,,,,,,,,SMartlead inboxkit users; Smartlead users sheet; SL users validated; campaign_leads_2026-03-23_20-27-04_results - campaign_leads_2026-03-23_20-27-04_results.csv; Imported Leads,Yes,deliverable,No,,,,,1348,,2919.50,,,,,,,,,,,,,,,,,,,,,,,,,,,,,,,,,,,733,,,,,2026-01,0.00,,0.00,,,,,,,,,,2019,Marketing And Advertising,Asia,India,Gurugram,Gurugram,"Gurugram, Haryana, India",,Haryana,,Eagle Info Services,1-10,Private,Email is valid.,Google Workspace,aspmx.l.google.com,FALSE,,,,,,5,,,,,,,,,,,none,none,,,,,,,,,,No,,,,,,,,0.00,,SMartlead inboxkit users; Smartlead users sheet; SL users validated; campaign_leads_2026-03-23_20-27-04_results - campaign_leads_2026-03-23_20-27-04_results.csv,,Ocean Rocket,,10,0.00,14597.50,,14597.50,0.00,false,enrich,gmail,"""2026-06-06T10:37:49.904Z""",Gmail / Google Workspace,,,,,,,,,
,,ryan@getezpz.com,,,,,,,,SMartlead inboxkit users; Smartlead users sheet; SL users validated; campaign_leads_2026-03-23_20-27-04_results - campaign_leads_2026-03-23_20-27-04_results.csv; Imported Leads,Yes,deliverable,No,,,,,27,,299.00,,,,,,,,,,,,,,,,,,,,,,,,,,,,,,,,,,,85,,,,,2026-01,0.00,,0.00,,,,,,,,,,2022,,North America,United States,Minneapolis,Minneapolis,"Minneapolis, Minnesota, United States",55448,Minnesota,,Ezpz Technologies,1-10,Private,Email is valid.,Google Workspace,aspmx.l.google.com,FALSE,,,,,,4,,,,,,,,,,,monthly,enterprise,,,,,,,,,,No,,,,,,,,1196.00,,SMartlead inboxkit users; Smartlead users sheet; SL users validated; campaign_leads_2026-03-23_20-27-04_results - campaign_leads_2026-03-23_20-27-04_results.csv,,Premier Project,,10,0.00,1196.00,,0.00,0.00,false,enrich,gmail,"""2026-06-06T10:37:49.931Z""",Gmail / Google Workspace,,,,,,,,,
,,aryansharma.vp@gmail.com,,,,,,,,SMartlead inboxkit users; SL users validated; campaign_leads_2026-03-23_20-27-04_results - campaign_leads_2026-03-23_20-27-04_results.csv; Imported Leads,No,risky,No,,,,,5,,15.97,,,,,,,,,,,,,,,,,,,,,,,,,,,,,,,,,,,3,,,,,2026-02,0.00,,0.00,,,,,,,,,,,,,,,,,,,,,,,Email is valid.,Google Workspace,gmail-smtp-in.l.google.com,FALSE,,,,,,1,,,,,,,,,,,none,none,,,,,,,,,,No,,,,,,,,0.00,,SMartlead inboxkit users; SL users validated; campaign_leads_2026-03-23_20-27-04_results - campaign_leads_2026-03-23_20-27-04_results.csv,,Tropical Summit,,10,0.00,15.97,,15.97,0.00,false,enrich,gmail,"""2026-06-06T10:37:49.559Z""",Gmail / Google Workspace,,,,,,,,,
Frederik,Jakobsen,frederik@danishleadco.io,Danish Lead Co.,Partner & CEO,,,,,https://www.linkedin.com/in/fred-jakobsen/,SMartlead inboxkit users; SL users validated; campaign_leads_2026-03-23_20-27-04_results - campaign_leads_2026-03-23_20-27-04_results.csv; Imported Leads,Yes,deliverable,No,,,,,10,,105.50,,,,,,,,,,,,,,,,,,,,,,,,,,,,,,,,,,,50,,,,,2026-01,0.00,,0.00,,,,,,,,,,,,,,,,,,,,,,,,,,,"Aarhus, Central Denmark Region, Denmark",gmail,"""2026-03-31T21:04:22.730Z""",Google Workspace,,5,,,,,,,,,,,monthly,agency,,,,,,,,,,No,No,,,,,,,495.00,,SMartlead inboxkit users; SL users validated; campaign_leads_2026-03-23_20-27-04_results - campaign_leads_2026-03-23_20-27-04_results.csv; Imported Leads,Top agencies; Imported Leads; SL Users,Solar Viper,,10,0.00,527.50,,32.50,0.00,false,enrich,gmail,"""2026-06-06T10:37:49.926Z""",Gmail / Google Workspace,,,,,,,,,
,,jakobhweb@gmail.com,,,,,,,,SMartlead inboxkit users; SL users validated; campaign_leads_2026-03-23_20-27-04_results - campaign_leads_2026-03-23_20-27-04_results.csv; Imported Leads,No,risky,No,,,,,,,,,,,,,,,,,,,,,,,,,,,,,,,,,,,,,,,,,,,,,,,,,,,,,,,,,,,,,,,,,,,,,,,,,Email is valid.,Google Workspace,gmail-smtp-in.l.google.com,FALSE,,,,,,,,,,,,,,,,,,,,,,,,,,,,No,,,,,,,,,,SMartlead inboxkit users; SL users validated; campaign_leads_2026-03-23_20-27-04_results - campaign_leads_2026-03-23_20-27-04_results.csv,,,,,,,,,,false,enrich,gmail,"""2026-06-06T10:37:49.559Z""",Gmail / Google Workspace,,,,,,,,,
,,asta@growthexperts.co,,,,,,,,SMartlead inboxkit users; Smartlead users sheet; SL users validated; campaign_leads_2026-03-23_20-27-04_results - campaign_leads_2026-03-23_20-27-04_results.csv; Imported Leads,Yes,deliverable,No,,,,,14,,90.10,,,,,,,,,,,,,,,,,,,,,,,,,,,,,,,,,,,27,,,,,2026-01,0.00,,0.00,,,,,,,,,,2022,Writing And Editing,North America,United States,Miami,Miami,"Miami, Florida, United States",33132,Florida,88305 111 Northeast 1st Street,Growth Experts,1-10,Private,Email is valid.,Google Workspace,aspmx.l.google.com,FALSE,,,,,,5,,,,,,,,,,,monthly,professional,,,,,,,,,,No,,,,,,,,195.00,,SMartlead inboxkit users; Smartlead users sheet; SL users validated; campaign_leads_2026-03-23_20-27-04_results - campaign_leads_2026-03-23_20-27-04_results.csv,,Cyber Bear,,10,0.00,450.50,,255.50,0.00,false,enrich,gmail,"""2026-06-06T10:37:49.934Z""",Gmail / Google Workspace,,,,,,,,,
,,admin@cymate.io,,,,,,,,SMartlead inboxkit users; Smartlead users sheet; SL users validated; campaign_leads_2026-03-23_20-27-04_results - campaign_leads_2026-03-23_20-27-04_results.csv; Imported Leads,Yes,deliverable,No,,,,,90,,437.50,,,,,,,,,,,,,,,,,,,,,,,,,,,,,,,,,,,230,,,,,2026-04,0.00,,0.00,,,,,,,,,,2022,Internet,North America,United States,Irvine,Irvine,"Irvine, California, United States",92606,California,,Cymate,1-10,Private,Email is valid.,Google Workspace,aspmx.l.google.com,FALSE,,,,,,2,,,,,,,,,,,none,none,,,,,,,,,,No,,,,,,,,0.00,,SMartlead inboxkit users; Smartlead users sheet; SL users validated; campaign_leads_2026-03-23_20-27-04_results - campaign_leads_2026-03-23_20-27-04_results.csv,,Agile Plan,,10,0.00,875.00,,875.00,0.00,false,enrich,gmail,"""2026-06-06T10:37:49.884Z""",Gmail / Google Workspace,,,,,,,,,
,,support@hamsterdev.io,,,,,,,,SMartlead inboxkit users; SL users validated; campaign_leads_2026-03-23_20-27-04_results - campaign_leads_2026-03-23_20-27-04_results.csv; Imported Leads,Yes,deliverable,No,,,,,,,,,,,,,,,,,,,,,,,,,,,,,,,,,,,,,,,,,,,,,,,,,,,,,,,,,,,,,,,,,,,,,,,,,Email is valid.,Google Workspace,smtp.google.com,FALSE,,,,,,,,,,,,,,,,,,,,,,,,,,,,No,,,,,,,,,,SMartlead inboxkit users; SL users validated; campaign_leads_2026-03-23_20-27-04_results - campaign_leads_2026-03-23_20-27-04_results.csv,,,,,,,,,,false,enrich,gmail,"""2026-06-06T10:37:49.884Z""",Gmail / Google Workspace,,,,,,,,,
,,contentfarmvadim@gmail.com,,,,,,,,SMartlead inboxkit users; SL users validated; campaign_leads_2026-03-23_20-27-04_results - campaign_leads_2026-03-23_20-27-04_results.csv; Imported Leads,No,risky,No,,,,,,,,,,,,,,,,,,,,,,,,,,,,,,,,,,,,,,,,,,,,,,,,,,,,,,,,,,,,,,,,,,,,,,,,,Email is valid.,Google Workspace,gmail-smtp-in.l.google.com,FALSE,,,,,,,,,,,,,,,,,,,,,,,,,,,,No,,,,,,,,,,SMartlead inboxkit users; SL users validated; campaign_leads_2026-03-23_20-27-04_results - campaign_leads_2026-03-23_20-27-04_results.csv,,,,,,,,,,false,enrich,gmail,"""2026-06-06T10:37:49.559Z""",Gmail / Google Workspace,,,,,,,,,
,,alexandra@betachon.com,,,,,,,,SMartlead inboxkit users; SL users validated; campaign_leads_2026-03-23_20-27-04_results - campaign_leads_2026-03-23_20-27-04_results.csv; Imported Leads,Yes,deliverable,No,,,,,5,,39.00,,,,,,,,,,,,,,,,,,,,,,,,,,,,,,,,,,,10,,,,,2026-01,0.00,,0.00,,,,,,,,,facebook.com/betachonfreightauditing,2008,Transportation/trucking/railroad,North America,United States,Scottsdale,Scottsdale,"Scottsdale, Arizona, United States",85260,Arizona,9375 East Shea Boulevard,Betachon Freight Auditing,1-10,Private,Email is valid.,Google Workspace,aspmx.l.google.com,FALSE,,,,,,4,,,,,,,,,,,monthly,professional,,,,,,,,,,No,,,,,,,,156.00,,SMartlead inboxkit users; SL users validated; campaign_leads_2026-03-23_20-27-04_results - campaign_leads_2026-03-23_20-27-04_results.csv,,Betachon Shipping Solutions,,10,0.00,156.00,,0.00,0.00,false,enrich,gmail,"""2026-06-06T10:37:50.027Z""",Gmail / Google Workspace,,,,,,,,,
Dimitar,Petkov,dimitar@leadhaste.com,LeadHaste,Founder & CEO,,Bulgaria,Bulgaria,Bulgaria,https://www.linkedin.com/in/dimitar-d-petkov/,SMartlead inboxkit users; SL users validated; campaign_leads_2026-03-23_20-27-04_results - campaign_leads_2026-03-23_20-27-04_results.csv; Imported Leads,Yes,deliverable,No,,,,,433,,1439.40,,,,,,,,,,,,,,,,,,,,,,,,,,,,,,,,,,,558,,,,,2026-01,0.00,,0.00,,,,,,,,,,,,,,,,,,,,,,,,,,,"Bulgaria, Bulgaria",gmail,"""2026-03-31T21:06:36.375Z""",Google Workspace,,5,,,,,,,,,,,none,none,,,,,,,,,,No,No,,,,,,,0.00,,SMartlead inboxkit users; SL users validated; campaign_leads_2026-03-23_20-27-04_results - campaign_leads_2026-03-23_20-27-04_results.csv; Imported Leads,Creators Program; Top Companies to reachout - Podcast Campaign; Podcast Invite list - top companies; Podcast Invite list - top companies to reachout; Imported Leads; SL Users,Premier Strategy,,10,0.00,7197.00,,7197.00,0.00,false,enrich,gmail,"""2026-06-06T10:37:49.678Z""",Gmail / Google Workspace,,,,,,,,,
,,rob@fueld.co.uk,,,,,,,,SMartlead inboxkit users; Smartlead users sheet; SL users validated; campaign_leads_2026-03-23_20-27-04_results - campaign_leads_2026-03-23_20-27-04_results.csv; Imported Leads,Yes,deliverable,No,,,,,,,,,,,,,,,,,,,,,,,,,,,,,,,,,,,,,,,,,,,,,,,,,,,,,,,,,,,,2019,Marketing And Advertising,Europe,United Kingdom,Bath,Bath,"Bath, England, United Kingdom",ba2 4ld,England,10 Claverton Street,Fueld Media,11-50,Private,Email is valid.,Google Workspace,aspmx.l.google.com,FALSE,,,,,,,,,,,,,,,,,,,,,,,,,,,,No,,,,,,,,,,SMartlead inboxkit users; Smartlead users sheet; SL users validated; campaign_leads_2026-03-23_20-27-04_results - campaign_leads_2026-03-23_20-27-04_results.csv,,,,,,,,,,false,enrich,gmail,"""2026-06-06T10:37:49.926Z""",Gmail / Google Workspace,,,,,,,,,
,,domains@linkedselling.com,,,,,,,,SMartlead inboxkit users; Smartlead users sheet; SL users validated; campaign_leads_2026-03-23_20-27-04_results - campaign_leads_2026-03-23_20-27-04_results.csv; Imported Leads,No,risky,No,,,,,24,,344.12,,,,,,,,,,,,,,,,,,,,,,,,,,,,,,,,,,,85,,,,,2026-01,0.00,,0.00,,,,,,,,,facebook.com/linkedselling,2010,Marketing And Advertising,North America,United States,Saint Louis,Saint Louis,"Saint Louis, Missouri, United States",63118,Missouri,1819 Lynch Street,Linkedselling,11-50,Private,Email is valid.,Google Workspace,aspmx.l.google.com,FALSE,,,,,,4,,,,,,,,,,,monthly,enterprise,,,,,,,,,,No,,,,,,,,1196.00,,SMartlead inboxkit users; Smartlead users sheet; SL users validated; campaign_leads_2026-03-23_20-27-04_results - campaign_leads_2026-03-23_20-27-04_results.csv,,Sapphire Hawk,,11,0.00,1376.50,,180.50,0.00,false,enrich,gmail,"""2026-06-06T10:37:49.931Z""",Gmail / Google Workspace,,,,,,,,,
,,shahroz@revcentric.ai,,,,,,,,SMartlead inboxkit users; SL users validated; campaign_leads_2026-03-23_20-27-04_results - campaign_leads_2026-03-23_20-27-04_results.csv; Imported Leads,Yes,deliverable,No,,,,,47,,454.72,,,,,,,,,,,,,,,,,,,,,,,,,,,,,,,,,,,109,,,,,2026-01,0.00,,0.00,,,,,,,,,,2023,Marketing And Advertising,,,,,,,,,Revcentric.ai,1-10,Private,Email is valid.,Google Workspace,smtp.google.com,FALSE,,,,,,5,,,,,,,,,,,none,none,,,,,,,,,,No,,,,,,,,0.00,,SMartlead inboxkit users; SL users validated; campaign_leads_2026-03-23_20-27-04_results - campaign_leads_2026-03-23_20-27-04_results.csv,,Super Blueprint,,11,15.00,2273.61,,2273.61,15.00,false,enrich,gmail,"""2026-06-06T10:37:49.884Z""",Gmail / Google Workspace,,,,,,,,,
,,vitalii.s@martalgroup.com,,,,,,,,SMartlead inboxkit users; SL users validated; campaign_leads_2026-03-23_20-27-04_results - campaign_leads_2026-03-23_20-27-04_results.csv; Imported Leads,Yes,deliverable,No,,,,,5,,99.00,,,,,,,,,,,,,,,,,,,,,,,,,,,,,,,,,,,4,,,,,2026-01,0.00,,0.00,,,,,,,,,,,,,,,,,,,,,,,Email is valid.,Google Workspace,aspmx.l.google.com,FALSE,,,,,,4,,,,,,,,,,,monthly,agency,,,,,,,,,,No,,,,,,,,396.00,,SMartlead inboxkit users; SL users validated; campaign_leads_2026-03-23_20-27-04_results - campaign_leads_2026-03-23_20-27-04_results.csv,,Ultra Blueprint,,11,0.00,396.00,,0.00,0.00,false,enrich,gmail,"""2026-06-06T10:37:49.922Z""",Gmail / Google Workspace,,,,,,,,,
,,muditjain591@gmail.com,,,,,,,,SMartlead inboxkit users; SL users validated; campaign_leads_2026-03-23_20-27-04_results - campaign_leads_2026-03-23_20-27-04_results.csv; Imported Leads,No,risky,No,,,,,0,,90.41,,,,,,,,,,,,,,,,,,,,,,,,,,,,,,,,,,,0,,,,,2026-01,0.00,,0.00,,,,,,,,,,,,,,,,,,,,,,,Email is valid.,Google Workspace,gmail-smtp-in.l.google.com,FALSE,,,,,,1,,,,,,,,,,,none,none,,,,,,,,,,No,,,,,,,,0.00,,SMartlead inboxkit users; SL users validated; campaign_leads_2026-03-23_20-27-04_results - campaign_leads_2026-03-23_20-27-04_results.csv,,Strategic Hawk,,11,0.00,90.41,,90.41,0.00,false,enrich,gmail,"""2026-06-06T10:37:49.559Z""",Gmail / Google Workspace,,,,,,,,,
,,mridul@11x.ai,,,,,,,,SMartlead inboxkit users; SL users validated; campaign_leads_2026-03-23_20-27-04_results - campaign_leads_2026-03-23_20-27-04_results.csv; Imported Leads,Yes,deliverable,No,,,,,,,,,,,,,,,,,,,,,,,,,,,,,,,,,,,,,,,,,,,,,,,,,,,,,,,,,,,,2023,Computer Software,North America,United States,San Francisco,San Francisco,"San Francisco, California, United States",,California,,11x.ai,11-50,Private,Email is valid.,Google Workspace,aspmx.l.google.com,FALSE,,,,,,,,,,,,,,,,,,,,,,,,,,,,No,,,,,,,,,,SMartlead inboxkit users; SL users validated; campaign_leads_2026-03-23_20-27-04_results - campaign_leads_2026-03-23_20-27-04_results.csv,,,,,,,,,,false,enrich,gmail,"""2026-06-06T10:37:49.898Z""",Gmail / Google Workspace,,,,,,,,,
,,rob@easypitch.co,,,,,,,,SMartlead inboxkit users; SL users validated; campaign_leads_2026-03-23_20-27-04_results - campaign_leads_2026-03-23_20-27-04_results.csv; Imported Leads,No,risky,No,,,,,,,,,,,,,,,,,,,,,,,,,,,,,,,,,,,,,,,,,,,,,,,,,,,,,,,,,,,,,,,,,,,,,,,,,Email is valid.,Google Workspace,smtp.google.com,FALSE,,,,,,,,,,,,,,,,,,,,,,,,,,,,No,,,,,,,,,,SMartlead inboxkit users; SL users validated; campaign_leads_2026-03-23_20-27-04_results - campaign_leads_2026-03-23_20-27-04_results.csv,,,,,,,,,,false,enrich,gmail,"""2026-06-06T10:37:49.922Z""",Gmail / Google Workspace,,,,,,,,,
,,cf@christianfarah.com,,,,,,,,SMartlead inboxkit users; SL users validated; campaign_leads_2026-03-23_20-27-04_results - campaign_leads_2026-03-23_20-27-04_results.csv; Imported Leads,Yes,deliverable,No,,,,,293,,2223.50,,,,,,,,,,,,,,,,,,,,,,,,,,,,,,,,,,,462,,,,,2026-01,0.00,,0.00,,,,,,,,,,,,,,,,,,,,,,,Email is valid.,Google Workspace,smtp.google.com,FALSE,,,,,,5,,,,,,,,,,,none,none,,,,,,,,,,No,,,,,,,,0.00,,SMartlead inboxkit users; SL users validated; campaign_leads_2026-03-23_20-27-04_results - campaign_leads_2026-03-23_20-27-04_results.csv,,Cf Team,,11,0.00,11117.50,,11117.50,0.00,false,enrich,gmail,"""2026-06-06T10:37:49.934Z""",Gmail / Google Workspace,,,,,,,,,
,,kunal@emailethos.agency,,,,,,,,SMartlead inboxkit users; Smartlead users sheet; SL users validated; campaign_leads_2026-03-23_20-27-04_results - campaign_leads_2026-03-23_20-27-04_results.csv; Imported Leads,Yes,deliverable,No,,,,,29,,158.30,,,,,,,,,,,,,,,,,,,,,,,,,,,,,,,,,,,450,,,,,2026-01,0.00,,0.00,,,,,,,,,,,Marketing And Advertising,,,,,,,,,Email Ethos,1-10,Private,Email is valid.,Google Workspace,aspmx.l.google.com,FALSE,,,,,,5,,,,,,,,,,,none,none,,,,,,,,,,No,,,,,,,,0.00,,SMartlead inboxkit users; Smartlead users sheet; SL users validated; campaign_leads_2026-03-23_20-27-04_results - campaign_leads_2026-03-23_20-27-04_results.csv,,Stellar Strategy,,11,0.00,791.49,,791.49,0.00,false,enrich,gmail,"""2026-06-06T10:37:49.898Z""",Gmail / Google Workspace,,,,,,,,,
,,anna@taskinfinity.com,,,,,,,,SMartlead inboxkit users; Smartlead users sheet; SL users validated; campaign_leads_2026-03-23_20-27-04_results - campaign_leads_2026-03-23_20-27-04_results.csv; Imported Leads,Yes,deliverable,No,,,,,0,,478.50,,,,,,,,,,,,,,,,,,,,,,,,,,,,,,,,,,,0,,,,,2026-01,0.00,,0.00,,,,,,,,,,,Venture Capital & Private Equity,North America,United States,,,,,Wyoming,,Taskinfinity,1-10,Private,Email is valid.,Google Workspace,aspmx.l.google.com,FALSE,,,,,,1,,,,,,,,,,,monthly,enterprise,,,,,,,,,,No,,,,,,,,0.00,,SMartlead inboxkit users; Smartlead users sheet; SL users validated; campaign_leads_2026-03-23_20-27-04_results - campaign_leads_2026-03-23_20-27-04_results.csv,,Clear Panther,,12,0.00,478.50,,478.50,0.00,false,enrich,gmail,"""2026-06-06T10:37:49.965Z""",Gmail / Google Workspace,,,,,,,,,
